Species,SHOOT,Grow.con,Block,Year,Date,Row,Plant number,Tag,DONOR,TREATMENT,SPEC.COM,FS,TVN,Pick.date,Size,Fresh.wgt,Ripe.time,Visitor1,Visitor2,Visitor3,Visitor4,Visitor5,Visitor6,Visitor7,Visitor8,Visitor9,Visitor10,Visitor11,Visitor12,Visitor13,Visitor14,Visitor15,POLL,seed number,Firmness,Dryness
BR,Floricane,Ground,Jilly,2018,14_10,3,18,14_10_3_18_1_OBS_1,,V,HB,1,1,,,1.328,,H N 22,,,,,,,,,,,,,,,,,,1
BR,Floricane,Ground,Jilly,2018,14_10,3,18,14_10_3_18_1_OBS_2,,V,HB,1,2,,,1.267,,H N 19,H N 24,,,,,,,,,,,,,,,,,1
BR,Floricane,Ground,Jilly,2018,14_10,3,18,14_10_3_18_1_OBS_3,,V,HB,1,3,,,1.931,,H N 5,H N 6,H N 4,,,,,,,,,,,,,,,,1
BR,Floricane,Ground,Jilly,2018,14_10,3,18,14_10_3_18_1_OBS_4,,V,HB,1,3,,,1.695,,H N 3,H N 2,H N 6,,,,,,,,,,,,,,,,1
BR,Floricane,Ground,Jilly,2018,14_10,3,18,14_10_3_18_1_OBS_5,,V,HB,1,2,,,2.066,,H N 11,H N 10,,,,,,,,,,,,,,,,,1
BR,Floricane,Ground,Jilly,2018,14_10,3,18,14_10_3_18_1_OBS_6,,V,HB,1,2,,,2.69,,H N 31,H N 2,,,,,,,,,,,,,,,,,1
BR,Floricane,Ground,Jilly,2018,14_11,3,18,14_11_3_18_1_OBS_7,,UP,,1,0,,,1.9,,,,,,,,,,,,,,,,,,,,1
BR,Floricane,Ground,Jilly,2018,14_10,3,18,14_10_3_18_2_OBS_1,,V,HB,1,2,,,,,H N 2,H N 11,,,,,,,,,,,,,,,,,
BR,Floricane,Ground,Jilly,2018,14_10,3,18,14_10_3_18_2_OBS_2,,V,HB,1,2,,,,,H N16,H N 3,,,,,,,,,,,,,,,,,
BR,Floricane,Ground,Jilly,2018,14_10,3,18,14_10_3_18_2_OBS_3,,V,HB,1,3,,,,,H N 12,H N 17,H N 3,,,,,,,,,,,,,,,,
BR,Floricane,Ground,Jilly,2018,14_10,3,18,14_10_3_18_2_OBS_4,,V,HB,1,4,,,,,H N 20,H N 7,H N 5,H N 2,,,,,,,,,,,,,,,
BR,Floricane,Ground,Jilly,2018,14_10,3,18,14_10_3_18_2_OBS_5,,V,HB,1,2,,,,,H N 3,H N 8,,,,,,,,,,,,,,,,,
BR,Floricane,Ground,Jilly,2018,14_10,3,18,14_10_3_18_2_OBS_6,,V,HB,1,4,,,,,H N 6,H N 4,H N 11,H N 1,,,,,,,,,,,,,,,
BR,Floricane,Ground,Jilly,2018,14_10,3,18,14_10_3_18_2_OBS_7,,V,HB,1,6,,,,,H N 20,H N 7,H N 4,H N 2,H N 4,H N 9,,,,,,,,,,,,,
BR,Floricane,Ground,Jilly,2018,14_10,3,18,14_10_3_18_2_OBS_8,,V,HB,1,5,,,,,H N 5 ,H N 10,H N 3,H N 6,H N 3,,,,,,,,,,,,,,
BR,Floricane,Ground,Jilly,2018,12_10,3,18,12_10_3_18_NA_HP_1,,SP,,1,,,,2.147,,,,,,,,,,,,,,,,,,,,1
BR,Floricane,Ground,Jilly,2018,12_10,3,18,12_10_3_18_NA_HP_2,,SP,,1,,,,2.255,,,,,,,,,,,,,,,,,,,,1
BR,Floricane,Ground,Jilly,2018,12_10,3,18,12_10_3_18_NA_HP_3,,SP,,1,,,,,,,,,,,,,,,,,,,,,,,,
BR,Floricane,Ground,Jilly,2018,12_10,3,18,12_10_3_18_NA_HP_4,,SP,,0,,,,2.143,,,,,,,,,,,,,,,,,,,,1
BR,Floricane,Ground,Jilly,2018,12_10,3,18,12_10_3_18_NA_HP_5,,SP,,0,,,,,,,,,,,,,,,,,,,,,,,,
BR,Floricane,Ground,Jilly,2018,12_10,3,18,12_10_3_18_NA_OP_1,,OP,,1,,,,,,,,,,,,,,,,,,,,,,,,
BR,Floricane,Ground,Jilly,2018,12_10,3,18,12_10_3_18_NA_OP_2,,OP,,1,,,,,,,,,,,,,,,,,,,,,,,,
BR,Floricane,Ground,Jilly,2018,12_10,3,18,12_10_3_18_NA_OP_3,,OP,,1,,,,,,,,,,,,,,,,,,,,,,,,
BR,Floricane,Ground,Jilly,2018,12_10,3,18,12_10_3_18_NA_OP_4,,OP,,1,,,,,,,,,,,,,,,,,,,,,,,,
BR,Floricane,Ground,Jilly,2018,12_10,3,18,12_10_3_18_NA_OP_5,,OP,,1,,,,,,,,,,,,,,,,,,,,,,,,
BR,Floricane,Ground,Jilly,2018,12_10,3,18,12_10_3_18_NA_CP_1,,UP,,0,0,,,0.755,,,,,,,,,,,,,,,,,,,,1
BR,Floricane,Ground,Jilly,2018,12_10,3,18,12_10_3_18_NA_CP_2,,UP,,1,0,,,1.919,,,,,,,,,,,,,,,,,,,,1
BR,Floricane,Ground,Jilly,2018,12_10,3,18,12_10_3_18_NA_CP_3,,UP,,1,0,,,1.975,,,,,,,,,,,,,,,,,,,,1
BR,Floricane,Ground,Jilly,2018,12_10,3,18,12_10_3_18_NA_CP_4,,UP,,1,0,,,,,,,,,,,,,,,,,,,,,,,
BR,Floricane,Ground,Jilly,2018,12_10,3,18,12_10_3_18_NA_CP_5,,UP,,1,0,,,1.431,,,,,,,,,,,,,,,,,,,,
BR,Floricane,Ground,Jilly,2018,13_10,3,28,13_10_3_28_2_OBS_1,,V,HB,1,3,,,,,H N 16,H N 5,H N 4,,,,,,,,,,,,,,,,
BR,Floricane,Ground,Jilly,2018,12_10,3,28,12_10_3_28_2_OBS_2,,V,HB,1,2,,,,,H N 25,H N 13,,,,,,,,,,,,,,,,,
BR,Floricane,Ground,Jilly,2018,12_10,3,28,12_10_3_28_2_OBS_3,,V,HB,1,3,,,,,H N 17,H N 2,H N 3,,,,,,,,,,,,,,,,
BR,Floricane,Ground,Jilly,2018,12_11,3,28,12_11_3_28_2_OBS_4,,UP,,0,0,,,,,,,,,,,,,,,,,,,,,,,
BR,Floricane,Ground,Jilly,2018,12_10,3,28,12_10_3_28_2_OBS_5,,V,HB,1,3,,,,,H N 19,H N 15,H N 5,,,,,,,,,,,,,,,,
BR,Floricane,Ground,Jilly,2018,12_10,3,28,12_10_3_28_2_OBS_6,,V,HB,1,1,,,,,H N 3,,,,,,,,,,,,,,,,,,
BR,Floricane,Ground,Jilly,2018,13_10,3,28,13_10_3_28_2_OBS_7,,V,HB,1,1,,,,,H N 15,,,,,,,,,,,,,,,,,,
BR,Floricane,Ground,Jilly,2018,12_10,3,28,12_10_3_28_2_OBS_8,,V,HB ,1,5,,,,,H N 26,H N 3,H N 9,H N 4,H N 2,,,,,,,,,,,,,,
BR,Floricane,Ground,Jilly,2018,12_10,3,28,12_10_3_28_2_OBS_9,,V,HB,1,2,,,,,H N 14,H N 6,,,,,,,,,,,,,,,,,
BR,Floricane,Ground,Jilly,2018,13_10,3,28,13_10_3_28_2_OBS_10,,V,HB,1,1,,,,,H N 22,,,,,,,,,,,,,,,,,,
BR,Floricane,Ground,Jilly,2018,13_10,3,28,13_10_3_28_3_OBS_1,,V,HB,0,2,,,,,H N 18,H N 5,,,,,,,,,,,,,,,,,
BR,Floricane,Ground,Jilly,2018,13_10,3,28,13_10_3_28_3_OBS_2,,V,MX,1,4,,,,,H N 18,H N 7,H N 3,B N 4,,,,,,,,,,,,,,,4
BR,Floricane,Ground,Jilly,2018,13_10,3,28,13_10_3_28_3_OBS_3,,V,MX,1,5,,,2.567,,H N 15,H N 3,H N 5,H N 4,B N 3,,,,,,,,,,,,,,1
BR,Floricane,Ground,Jilly,2018,13_10,3,28,13_10_3_28_3_OBS_4,,V,MX,1,4,,,2.772,,H N 5,H N 13,H N 9,B N 2,,,,,,,,,,,,,,,3
BR,Floricane,Ground,Jilly,2018,13_10,3,28,13_10_3_28_3_OBS_5,,V,HB,1,1,,,2.966,,H N 14,,,,,,,,,,,,,,,,,,1
BR,Floricane,Ground,Jilly,2018,13_10,3,28,13_10_3_28_3_OBS_6,,V,HB,1,4,,,2.886,,H N 22,H N 22,H N 7,H N 5,,,,,,,,,,,,,,,2
BR,Floricane,Ground,Jilly,2018,13_10,3,28,13_10_3_28_3_OBS_7,,V,HB,1,4,,,2.581,,H N 25,H N 12,H N 5,H N 5,,,,,,,,,,,,,,,1
BR,Floricane,Ground,Jilly,2018,13_10,3,28,13_10_3_28_3_OBS_8,,V,MX,1,3,,,,,H N 12,H N 18,B N 8,,,,,,,,,,,,,,,,
BR,Floricane,Ground,Jilly,2018,13_10,3,28,13_10_3_28_3_OBS_9,,V,HB,1,2,,,3.311,,H N 22,H N 21,,,,,,,,,,,,,,,,,1
BR,Floricane,Ground,Jilly,2018,13_10,3,28,13_10_3_28_3_OBS_10,,V,HB,1,3,,,2.556,,H N 21,H N 14,H N 13,,,,,,,,,,,,,,,,1
BR,Floricane,Ground,Jilly,2018,13_11,3,28,13_11_3_28_3_OBS_11,,V,HB ,1,2,,,3.093,,H N 9,H N 6,,,,,,,,,,,,,,,,,1
BR,Floricane,Ground,Jilly,2018,13_12,3,28,13_12_3_28_3_OBS_12,,UP,NA,0,0,,,2.499,,,,,,,,,,,,,,,,,,,,1
BR,Floricane,Ground,Jilly,2018,11_10,3,28,11_10_3_28_NA_OBS_1,,V,HB,1,1,,,,,H N 14,,,,,,,,,,,,,,,,,,
BR,Floricane,Ground,Jilly,2018,11_10,3,28,11_10_3_28_NA_OBS_2,,V,HB,0,1,,,,,H N 8,,,,,,,,,,,,,,,,,,
BR,Floricane,Ground,Jilly,2018,11_10,3,28,11_10_3_28_NA_OBS_3,,V,HB,1,1,,,,,H N 14,,,,,,,,,,,,,,,,,,
BR,Floricane,Ground,Jilly,2018,11_10,3,28,11_10_3_28_NA_OBS_4,,V,HB,0,1,,,,,H N 14,,,,,,,,,,,,,,,,,,
BR,Floricane,Ground,Jilly,2018,11_10,3,28,11_10_3_28_NA_OBS_5,,V,HB,1,2,,,1.415,,H N 9,H N 7,,,,,,,,,,,,,,,,,
BR,Floricane,Ground,Jilly,2018,12_10,3,28,12_10_3_28_NA_HP*_1,,CP,,1,,,,2.311,,,,,,,,,,,,,,,,,,,,
BR,Floricane,Ground,Jilly,2018,12_10,3,28,12_10_3_28_NA_HP*_2,,CP,,1,,,,2.179,,,,,,,,,,,,,,,,,,,,
BR,Floricane,Ground,Jilly,2018,12_10,3,28,12_10_3_28_NA_HP*_3,,CP,,1,,,,2.282,,,,,,,,,,,,,,,,,,,,1
BR,Floricane,Ground,Jilly,2018,12_10,3,28,12_10_3_28_NA_HP*_4,,CP,,1,,,,2.474,,,,,,,,,,,,,,,,,,,,1
BR,Floricane,Ground,Jilly,2018,12_10,3,28,12_10_3_28_NA_HP*_5,,CP,,1,,,,2.934,,,,,,,,,,,,,,,,,,,,1
BR,Floricane,Ground,Jilly,2018,12_10,3,28,12_10_3_28_NA_OP_1,,OP,,1,,,,,,,,,,,,,,,,,,,,,,,,
BR,Floricane,Ground,Jilly,2018,12_10,3,28,12_10_3_28_NA_OP_2,,OP,,1,,,,,,,,,,,,,,,,,,,,,,,,
BR,Floricane,Ground,Jilly,2018,12_10,3,28,12_10_3_28_NA_OP_3,,OP,,1,,,,,,,,,,,,,,,,,,,,,,,,
BR,Floricane,Ground,Jilly,2018,12_10,3,28,12_10_3_28_NA_OP_4,,OP,,1,,,,,,,,,,,,,,,,,,,,,,,,
BR,Floricane,Ground,Jilly,2018,12_10,3,28,12_10_3_28_NA_OP_5,,OP,,1,,,,,,,,,,,,,,,,,,,,,,,,
BR,Floricane,Ground,Jilly,2018,12_10,3,28,12_10_3_28_NA_CP_1,,UP,,0,0,,,,,,,,,,,,,,,,,,,,,,,
BR,Floricane,Ground,Jilly,2018,12_10,3,28,12_10_3_28_NA_CP_2,,UP,,0,0,,,,,,,,,,,,,,,,,,,,,,,
BR,Floricane,Ground,Jilly,2018,12_10,3,28,12_10_3_28_NA_CP_3,,UP,,0,0,,,1.066,,,,,,,,,,,,,,,,,,,,1
BR,Floricane,Ground,Jilly,2018,12_10,3,28,12_10_3_28_NA_CP_4,,UP,,0,0,,,,,,,,,,,,,,,,,,,,,,,
BR,Floricane,Ground,Jilly,2018,12_10,3,28,12_10_3_28_NA_CP_5,,UP,,0,0,,,,,,,,,,,,,,,,,,,,,,,
BR,Floricane,Ground,Jilly,2018,16_10,3,39,16_10_3_39_2_OBS_1,,V,HB,1,7,,,,,H N 31,H N 2,H N 1,H N 2,H N 1,H N 1,H N 1,,,,,,,,,,,,
BR,Floricane,Ground,Jilly,2018,16_10,3,39,16_10_3_39_2_OBS_2,,V,HB,1,3,,,1.662,,H N 28,H N 3,H N 1,,,,,,,,,,,,,,,,1
BR,Floricane,Ground,Jilly,2018,16_10,3,39,16_10_3_39_2_OBS_3,,V,HB,1,4,,,,,H N 52,H N 1,H N 1,H N 1,,,,,,,,,,,,,,,
BR,Floricane,Ground,Jilly,2018,16_10,3,39,16_10_3_39_2_OBS_4,,V,HB,1,2,,,1.428,,H N 2,H N 13,,,,,,,,,,,,,,,,,1
BR,Floricane,Ground,Jilly,2018,16_10,3,39,16_10_3_39_2_OBS_5,,V,HB,1,4,,,,,H N 34,H N 1,H N 9,H N 2,,,,,,,,,,,,,,,
BR,Floricane,Ground,Jilly,2018,16_10,3,39,16_10_3_39_2_OBS_6,,V,HB,1,4,,,1.851,,H N 16,H N 1,H N 1,H N 2,,,,,,,,,,,,,,,1
BR,Floricane,Ground,Jilly,2018,16_10,3,39,16_10_3_39_2_OBS_7,,V,HB,1,5,,,1.704,,H N 2,H N 3,H N 2,H N 1,H N 1,,,,,,,,,,,,,,
BR,Floricane,Ground,Jilly,2018,16_10,3,39,16_10_3_39_2_OBS_8,,V,HB,1,4,,,1.393,,H N 14,H N 1,H N 1,H N 1,,,,,,,,,,,,,,,
BR,Floricane,Ground,Jilly,2018,16_10,3,39,16_10_3_39_2_OBS_9,,V,HB,1,4,,,1.963,,H N 12,H N 1,H N 1,H N 2,,,,,,,,,,,,,,,
BR,Floricane,Ground,Jilly,2018,16_10,3,39,16_10_3_39_2_OBS_10,,V,HB,1,10,,,,,H N 8,H N 9,H N 1,H N 3,H N 3,H N 1,H N 1,H N 1,H N 1,H N 1,,,,,,,,,
BR,Floricane,Ground,Jilly,2018,16_10,3,39,16_10_3_39_2_OBS_11,,V,HB,1,5,,,1.351,,H N 2,H N 1,H N 1,H N 1,H N 1,,,,,,,,,,,,,,1
BR,Floricane,Ground,Jilly,2018,16_10,3,39,16_10_3_39_2_OBS_12,,V,HB,1,7,,,,,H N 10,H N 24,H N 1,H N 1,H N 1,H N 3,H N 1,,,,,,,,,,,,
BR,Floricane,Ground,Jilly,2018,16_10,3,39,16_10_3_39_2_OBS_13,,V,HB,1,4,,,1.514,,H N 3,H N 1,H N 1,H N 1,,,,,,,,,,,,,,,1
BR,Floricane,Ground,Jilly,2018,16_10,3,39,16_10_3_39_2_OBS_14,,V,HB,0,1,,,,,H N 2,,,,,,,,,,,,,,,,,,
BR,Floricane,Ground,Jilly,2018,12_10,3,39,12_10_3_39_NA_OBS_1,,V,HB,1,2,,,2.556,,H N 6,H N 6,,,,,,,,,,,,,,,,,1
BR,Floricane,Ground,Jilly,2018,12_10,3,39,12_10_3_39_NA_OBS_2,,V,HB,1,1,,,1.347,,H N 9,,,,,,,,,,,,,,,,,,
BR,Floricane,Ground,Jilly,2018,12_10,3,39,12_10_3_39_NA_OBS_3,,V,HB,1,5,,,,,H N 13,H N 4,H N 7,H N 3,H N 1,,,,,,,,,,,,,,
BR,Floricane,Ground,Jilly,2018,12_10,3,39,12_10_3_39_NA_OBS_4,,V,HB,1,3,,,2.405,,H N 14,H N 4,H N 7,,,,,,,,,,,,,,,,1
BR,Floricane,Ground,Jilly,2018,12_11,3,39,12_11_3_39_NA_OBS_5,,UP,,0,0,,,1.919,,,,,,,,,,,,,,,,,,,,1
BR,Floricane,Ground,Jilly,2018,12_10,3,39,12_10_3_39_NA_OBS_6,,V,HB,1,3,,,,,H N 5,H N 13,H N 1,,,,,,,,,,,,,,,,
BR,Floricane,Ground,Jilly,2018,12_10,3,39,12_10_3_39_NA_OBS_7,,V,HB,0,1,,,,,H N 7,,,,,,,,,,,,,,,,,,
BR,Floricane,Ground,Jilly,2018,12_10,3,39,12_10_3_39_NA_OBS_8,,V,HB,1,2,,,2.075,,H N 10,H N 5,,,,,,,,,,,,,,,,,1
BR,Floricane,Ground,Jilly,2018,12_10,3,39,12_10_3_39_NA_OBS_9,,V,HB,1,3,,,1.894,,H N 13,H N 5,H N 2,,,,,,,,,,,,,,,,2
BR,Floricane,Ground,Jilly,2018,12_10,3,39,12_10_3_39_NA_OBS_10,,V,HB,1,2,,,0.918,,H N 12,H N 9,,,,,,,,,,,,,,,,,1
BR,Floricane,Ground,Jilly,2018,12_10,3,39,12_10_3_39_NA_HP_1,,SP,,1,,,,,,,,,,,,,,,,,,,,,,,,
BR,Floricane,Ground,Jilly,2018,12_10,3,39,12_10_3_39_NA_HP_2,,SP,,1,,,,,,,,,,,,,,,,,,,,,,,,
BR,Floricane,Ground,Jilly,2018,12_10,3,39,12_10_3_39_NA_HP_3,,SP,,1,,,,,,,,,,,,,,,,,,,,,,,,
BR,Floricane,Ground,Jilly,2018,12_10,3,39,12_10_3_39_NA_HP_4,,SP,,1,,,,3.109,,,,,,,,,,,,,,,,,,,,
BR,Floricane,Ground,Jilly,2018,12_10,3,39,12_10_3_39_NA_HP_5,,SP,,1,,,,2.746,,,,,,,,,,,,,,,,,,,,
BR,Floricane,Ground,Jilly,2018,12_10,3,39,12_10_3_39_NA_OP_1,,OP,,1,,,,1.328,,,,,,,,,,,,,,,,,,,,1d
BR,Floricane,Ground,Jilly,2018,12_10,3,39,12_10_3_39_NA_OP_2,,OP,,1,,,,,,,,,,,,,,,,,,,,,,,,
BR,Floricane,Ground,Jilly,2018,12_10,3,39,12_10_3_39_NA_OP_3,,OP,,1,,,,1.664,,,,,,,,,,,,,,,,,,,,1
BR,Floricane,Ground,Jilly,2018,12_10,3,39,12_10_3_39_NA_OP_4,,OP,,1,,,,,,,,,,,,,,,,,,,,,,,,
BR,Floricane,Ground,Jilly,2018,12_10,3,39,12_10_3_39_NA_OP_5,,OP,,1,,,,1.811,,,,,,,,,,,,,,,,,,,,1
BR,Floricane,Ground,Jilly,2018,12_10,3,39,12_10_3_39_NA_CP_1,,UP,,0,0,,,,,,,,,,,,,,,,,,,,,,,
BR,Floricane,Ground,Jilly,2018,12_10,3,39,12_10_3_39_NA_CP_2,,UP,,0,0,,,,,,,,,,,,,,,,,,,,,,,
BR,Floricane,Ground,Jilly,2018,12_10,3,39,12_10_3_39_NA_CP_3,,UP,,0,0,,,,,,,,,,,,,,,,,,,,,,,
BR,Floricane,Ground,Jilly,2018,12_10,3,39,12_10_3_39_NA_CP_4,,UP,,0,0,,,,,,,,,,,,,,,,,,,,,,,
BR,Floricane,Ground,Jilly,2018,12_10,3,39,12_10_3_39_NA_CP_5,,UP,,0,0,,,,,,,,,,,,,,,,,,,,,,,
BR,Floricane,Ground,Jilly,2018,16_10,3,49,16_10_3_49_1_OBS_1,,V,HB,1,5,,,1.913,,H N 18,H N 1,H N 1,H N 1,H N 1,,,,,,,,,,,,,,1
BR,Floricane,Ground,Jilly,2018,16_10,3,49,16_10_3_49_1_OBS_2,,V,HB,1,10,,,2.45,,H N 2,H N 3,H N 15,H N 1,H N 9,H N 1,H N 1,H N 1,H N 2,H N 8,,,,,,,,,
BR,Floricane,Ground,Jilly,2018,16_10,3,49,16_10_3_49_1_OBS_3,,V,HB,1,6,,,1.758,,H N 3,H N 2,H N 10,H N 11,H N 2,H N 2,,,,,,,,,,,,,1
BR,Floricane,Ground,Jilly,2018,16_10,3,49,16_10_3_49_1_OBS_4,,V,HB,1,6,,,2.256,,H N 12,H N 3,H N 4,H N 2,H N 1,H N 1,,,,,,,,,,,,,1
BR,Floricane,Ground,Jilly,2018,16_10,3,49,16_10_3_49_1_OBS_5,,V,HB ,1,5,,,2.602,,H N 30,H N 5,H N 3,H N 1,H N 1,,,,,,,,,,,,,,1
BR,Floricane,Ground,Jilly,2018,16_10,3,49,16_10_3_49_2_OBS_1,,V,HB,0,6,,,,,H N 22,H N 1,H N 1,H N 1,H N 1,H N 1,,,,,,,,,,,,,
BR,Floricane,Ground,Jilly,2018,16_10,3,49,16_10_3_49_2_OBS_2,,V,HB,1,6,,,0.822,,H N 21,H N 1,H N 6,H N 1,H N 1,H N 1,,,,,,,,,,,,,
BR,Floricane,Ground,Jilly,2018,16_10,3,49,16_10_3_49_2_OBS_3,,V,HB,1,9,,,0.918,,H N 20,H N 2,H N 1,H N 2,H N 1,H N 1,H N 1,H N 1,,,,,,,,,,,
BR,Floricane,Ground,Jilly,2018,16_10,3,49,16_10_3_49_2_OBS_4,,V,HB,1,4,,,1.418,,H N 14,H N 1,H N 1,H N 1,,,,,,,,,,,,,,,1
BR,Floricane,Ground,Jilly,2018,16_10,3,49,16_10_3_49_2_OBS_5,,V,HB,1,4,,,1.208,,H N 12,H N 2,H N 1,H N 1,,,,,,,,,,,,,,,
BR,Floricane,Ground,Jilly,2018,16_10,3,49,16_10_3_49_2_OBS_6,NA,V,HB,1,9,,,0.99,,H N 4,H N 8,H N 1,H N 2,H N 3,H N 3,H N 1,H N 1,H N 1,,,,,,,,,,
BR,Floricane,Ground,Jilly,2018,16_10,3,49,16_10_3_49_2_OBS_7,,V,HB,1,4,,,1.848,,H N 2,H N 2,H N 1,H N 1,,,,,,,,,,,,,,,
BR,Floricane,Ground,Jilly,2018,16_10,3,49,16_10_3_49_3_OBS_1,,V,HB,1,5,,,,,H N 28,H N 1,H N 1,H N 2,H N 1,,,,,,,,,,,,,,
BR,Floricane,Ground,Jilly,2018,16_10,3,49,16_10_3_49_3_OBS_2,,V,HB,1,10,,,,,H N 17,H N 11,H N 2,H N 1,H N 2,H N 7,H N 1,H N 1,H N 1,H N 1,,,,,,,,,
BR,Floricane,Ground,Jilly,2018,16_10,3,49,16_10_3_49_3_OBS_3,,V,HB,1,5,,,,,H N 15,H N 1,H N 2,H N 3,H N 2,,,,,,,,,,,,,,
BR,Floricane,Ground,Jilly,2018,16_10,3,49,16_10_3_49_3_OBS_4,,V,HB,1,6,,,,,H N 9,H N 1,H N 2,H N 2,H N 1,H N 1,,,,,,,,,,,,,
BR,Floricane,Ground,Jilly,2018,16_10,3,49,16_10_3_49_3_OBS_5,,V,HB,1,9,,,,,H N 36,H N 7,H N 2,H N 2,H N 1,H N 1,H N 1,H N 1,H N 1,,,,,,,,,,
BR,Floricane,Ground,Jilly,2018,16_10,3,49,16_10_3_49_3_OBS_6,,V,HB,1,3,,,,,H N 43,H N 3,H N 1,,,,,,,,,,,,,,,,
BR,Floricane,Ground,Jilly,2019,16_11,3,49,16_11_3_49_3_OBS_7,,V,HB,1,4,,,,,H N 18,H N 21,H N 1,H N 1,,,,,,,,,,,,,,,
BR,Floricane,Ground,Jilly,2018,17_10,3,49,17_10_3_49_NA_HP_1,,SP,,1,,,,,,,,,,,,,,,,,,,,,,,,
BR,Floricane,Ground,Jilly,2018,17_10,3,49,17_10_3_49_NA_HP_2,,SP,,1,,,,,,,,,,,,,,,,,,,,,,,,
BR,Floricane,Ground,Jilly,2018,17_10,3,49,17_10_3_49_NA_HP_3,,SP,,1,,,,,,,,,,,,,,,,,,,,,,,,
BR,Floricane,Ground,Jilly,2018,17_10,3,49,17_10_3_49_NA_HP_4,,SP,,1,,,,,,,,,,,,,,,,,,,,,,,,
BR,Floricane,Ground,Jilly,2018,17_10,3,49,17_10_3_49_NA_HP_5,,SP,,1,,,,,,,,,,,,,,,,,,,,,,,,
BR,Floricane,Ground,Jilly,2018,12_10,3,49,12_10_3_49_NA_OP_1,,OP,,1,,,,2.096,,,,,,,,,,,,,,,,,,,,1d
BR,Floricane,Ground,Jilly,2018,12_10,3,49,12_10_3_49_NA_OP_2,,OP,,1,,,,,,,,,,,,,,,,,,,,,,,,1
BR,Floricane,Ground,Jilly,2018,12_10,3,49,12_10_3_49_NA_OP_3,,OP,,1,,,,,,,,,,,,,,,,,,,,,,,,1
BR,Floricane,Ground,Jilly,2018,12_10,3,49,12_10_3_49_NA_OP_4,,OP,,1,,,,2.706,,,,,,,,,,,,,,,,,,,,1d
BR,Floricane,Ground,Jilly,2018,12_10,3,49,12_10_3_49_NA_OP_5,,OP,,1,,,,,,,,,,,,,,,,,,,,,,,,
BR,Floricane,Ground,Jilly,2018,12_10,3,49,12_10_3_49_NA_CP_1,,UP,,0,0,,,,,,,,,,,,,,,,,,,,,,,
BR,Floricane,Ground,Jilly,2018,12_10,3,49,12_10_3_49_NA_CP_2,,UP,,0,0,,,,,,,,,,,,,,,,,,,,,,,
BR,Floricane,Ground,Jilly,2018,12_10,3,49,12_10_3_49_NA_CP_3,,UP,,0,0,,,,,,,,,,,,,,,,,,,,,,,
BR,Floricane,Ground,Jilly,2018,12_10,3,49,12_10_3_49_NA_CP_4,,UP,,0,0,,,,,,,,,,,,,,,,,,,,,,,
BR,Floricane,Ground,Jilly,2018,12_10,3,49,12_10_3_49_NA_CP_5,,UP,,0,0,,,,,,,,,,,,,,,,,,,,,,,
BR,Floricane,Ground,Jilly,2018,12_11,3,49,12_11_3_49_2_CP_1,,UP,NA,0,0,,,,,,,,,,,,,,,,,,,,,,,
BR,Floricane,Ground,Jilly,2018,13_10,3,52,13_10_3_52_2_OBS_2,,V,HB,1,3,,,2.628,,H N 7,H N 22,H N 9,,,,,,,,,,,,,,,,1
BR,Floricane,Ground,Jilly,2018,13_10,3,52,13_10_3_52_2_OBS_3,,V,HB,1,2,,,3.462,,H N 24,H N 5,,,,,,,,,,,,,,,,,1
BR,Floricane,Ground,Jilly,2018,13_10,3,52,13_10_3_52_2_OBS_4,,V,HB,1,6,,,3.169,,H N 10,H N 24,H N 5,H N 6,H N 6,H N 3,,,,,,,,,,,,,1
BR,Floricane,Ground,Jilly,2018,13_10,3,52,13_10_3_52_2_OBS_5,,V,HB,1,1,,,2.47,,H N 20,,,,,,,,,,,,,,,,,,1
BR,Floricane,Ground,Jilly,2018,13_10,3,52,13_10_3_52_2_OBS_6,,V,HB,1,1,,,,,H N 18,,,,,,,,,,,,,,,,,,
BR,Floricane,Ground,Jilly,2018,13_10,3,52,13_10_3_52_2_OBS_7,,V,HB,1,1,,,,,H N 23,,,,,,,,,,,,,,,,,,
BR,Floricane,Ground,Jilly,2018,13_10,3,52,13_10_3_52_2_OBS_8,,V,HB,1,1,,,1.675,,H N 20,,,,,,,,,,,,,,,,,,1
BR,Floricane,Ground,Jilly,2018,13_11,3,52,13_11_3_52_NA_OBS_1,,UP,NA,0,0,,,,,,,,,,,,,,,,,,,,,,,
BR,Floricane,Ground,Jilly,2018,12_10,3,52,12_10_3_52_NA_OBS_2,,V,HB,1,3,,,,,H N 15,H N 3,B P 3,,,,,,,,,,,,,,,,
BR,Floricane,Ground,Jilly,2018,12_10,3,52,12_10_3_52_NA_OBS_3,,V,BB,1,3,,,,,H N 2,H N 2 ,H N 4,,,,,,,,,,,,,,,,
BR,Floricane,Ground,Jilly,2018,12_10,3,52,12_10_3_52_NA_OBS_4,,V,BB,1,3,,,,,H N 9,H N 7,H N 3,,,,,,,,,,,,,,,,
BR,Floricane,Ground,Jilly,2018,12_10,3,52,12_10_3_52_NA_OBS_5,,V,MX,1,2,,,,,H N 11,H N 7,,,,,,,,,,,,,,,,,
BR,Floricane,Ground,Jilly,2018,12_10,3,52,12_10_3_52_NA_OBS_6,,V,BB,1,4,,,,,H N 14,H N 1,H N 8,H N 6,,,,,,,,,,,,,,,
BR,Floricane,Ground,Jilly,2018,12_10,3,52,12_10_3_52_NA_OBS_7,,V,BB,1,5,,,2.921,,H N 20,H N 6,H N 6,H N 9,H N 3,,,,,,,,,,,,,,1
BR,Floricane,Ground,Jilly,2018,12_10,3,52,12_10_3_52_NA_OBS_8,,V,HB,1,3,,,,,H N 18,H N 8,H N 3,,,,,,,,,,,,,,,,
BR,Floricane,Ground,Jilly,2018,12_10,3,52,12_10_3_52_NA_HP_1,,SP,,1,,,,,,,,,,,,,,,,,,,,,,,,
BR,Floricane,Ground,Jilly,2018,12_10,3,52,12_10_3_52_NA_HP_2,,SP,,1,,,,1.598,,,,,,,,,,,,,,,,,,,,
BR,Floricane,Ground,Jilly,2018,12_10,3,52,12_10_3_52_NA_HP_3,,SP,,1,,,,2.965,,,,,,,,,,,,,,,,,,,,
BR,Floricane,Ground,Jilly,2018,12_10,3,52,12_10_3_52_NA_HP_4,,SP,,1,,,,2.257,,,,,,,,,,,,,,,,,,,,
BR,Floricane,Ground,Jilly,2018,12_10,3,52,12_10_3_52_NA_HP_5,,SP,,1,,,,2.322,,,,,,,,,,,,,,,,,,,,
BR,Floricane,Ground,Jilly,2018,12_10,3,52,12_10_3_52_NA_OP_1,,OP,,1,,,,2.683,,,,,,,,,,,,,,,,,,,,
BR,Floricane,Ground,Jilly,2018,12_10,3,52,12_10_3_52_NA_OP_2,,OP,,1,,,,2.051,,,,,,,,,,,,,,,,,,,,
BR,Floricane,Ground,Jilly,2018,12_10,3,52,12_10_3_52_NA_OP_3,,OP,,1,,,,,,,,,,,,,,,,,,,,,,,,
BR,Floricane,Ground,Jilly,2018,12_10,3,52,12_10_3_52_NA_OP_4,,OP,,1,,,,2.479,,,,,,,,,,,,,,,,,,,,
BR,Floricane,Ground,Jilly,2018,12_10,3,52,12_10_3_52_NA_OP_5,,OP,,1,,,,,,,,,,,,,,,,,,,,,,,,
BR,Floricane,Ground,Jilly,2018,12_10,3,52,12_10_3_52_NA_CP_1,,UP,,0,0,,,,,,,,,,,,,,,,,,,,,,,
BR,Floricane,Ground,Jilly,2018,12_10,3,52,12_10_3_52_NA_CP_2,,UP,,0,0,,,,,,,,,,,,,,,,,,,,,,,
BR,Floricane,Ground,Jilly,2018,12_10,3,52,12_10_3_52_NA_CP_3,,UP,,0,0,,,,,,,,,,,,,,,,,,,,,,,
BR,Floricane,Ground,Jilly,2018,12_10,3,52,12_10_3_52_NA_CP_4,,UP,,0,0,,,,,,,,,,,,,,,,,,,,,,,
BR,Floricane,Ground,Jilly,2018,12_10,3,52,12_10_3_52_NA_CP_5,,UP,,0,0,,,,,,,,,,,,,,,,,,,,,,,
BR,Floricane,Ground,Jilly,2018,13_10,4,2,13_10_4_2_2_OBS_1,,V,HB,1,1,,,,,H N 27,,,,,,,,,,,,,,,,,,
BR,Floricane,Ground,Jilly,2018,13_10,4,2,13_10_4_2_2_OBS_2,,V,HB,1,2,,,,,H N 5,H N 4,,,,,,,,,,,,,,,,,
BR,Floricane,Ground,Jilly,2018,13_10,4,2,13_10_4_2_2_OBS_3,,V,HB,0,1,,,,,H N 7,,,,,,,,,,,,,,,,,,
BR,Floricane,Ground,Jilly,2018,13_10,4,2,13_10_4_2_2_OBS_4,,V,HB,1,3,,,,,H N 28,H N 3,H N 5,,,,,,,,,,,,,,,,
BR,Floricane,Ground,Jilly,2018,13_10,4,2,13_10_4_2_2_OBS_5,,V,HB,1,4,,,,,H N 3,H N 3,H N 5,H N 9,,,,,,,,,,,,,,,
BR,Floricane,Ground,Jilly,2018,13_10,4,2,13_10_4_2_2_OBS_6,,V,HB,1,5,,,,,H N 8,H N 9,H N 1,H N 4,H N 3,,,,,,,,,,,,,,
BR,Floricane,Ground,Jilly,2018,13_10,4,2,13_10_4_2_2_OBS_7,,V,HB,1,3,,,,,H N 4,H N 3,H N 7,,,,,,,,,,,,,,,,
BR,Floricane,Ground,Jilly,2018,13_10,4,2,13_10_4_2_2_OBS_8,,V,HB,1,3,,,,,H N 7,H N 4,H N 3,,,,,,,,,,,,,,,,
BR,Floricane,Ground,Jilly,2018,13_10,4,2,13_10_4_2_3_OBS_1,,V,HB,1,1,,,2.084,,H N 12,H N 7,,,,,,,,,,,,,,,,,1
BR,Floricane,Ground,Jilly,2018,14_10,4,2,14_10_4_2_3_OBS_2,,V,HB ,1,5,,,1.176,,H N 5,H N 3,H N 3,H N 2,H N 3,,,,,,,,,,,,,,1
BR,Floricane,Ground,Jilly,2018,13_10,4,2,13_10_4_2_3_OBS_3,,V,HB,1,2,,,1.751,,H N 7,H N 5,,,,,,,,,,,,,,,,,1
BR,Floricane,Ground,Jilly,2018,14_10,4,2,14_10_4_2_3_OBS_4,,V,HB,1,2,,,1.467,,H N 9,H N 4,,,,,,,,,,,,,,,,,
BR,Floricane,Ground,Jilly,2018,13_10,4,2,13_10_4_2_3_OBS_5,,V,HB,1,3,,,2.272,,H N 31,H N 3,H N 8,,,,,,,,,,,,,,,,1
BR,Floricane,Ground,Jilly,2018,14_10,4,2,14_10_4_2_3_OBS_6,,V,HB,1,2,,,2.327,,H N 13,H N 19,,,,,,,,,,,,,,,,,1
BR,Floricane,Ground,Jilly,2018,13_10,4,2,13_10_4_2_3_OBS_7,,V,HB,1,1,,,2.452,,H N 23,,,,,,,,,,,,,,,,,,1
BR,Floricane,Ground,Jilly,2018,14_10,4,2,14_10_4_2_3_OBS_8,,V,HB,1,1,,,1.539,,H N 11,,,,,,,,,,,,,,,,,,
BR,Floricane,Ground,Jilly,2018,13_10,4,2,13_10_4_2_3_OBS_9,,V,HB,0,3,,,,,H N 2,H N 2,H N 4,,,,,,,,,,,,,,,,
BR,Floricane,Ground,Jilly,2018,14_10,4,2,14_10_4_2_3_OBS_10,,V,HB ,1,3,,,2.127,,H N 6,H N 12,H N 4,,,,,,,,,,,,,,,,
BR,Floricane,Ground,Jilly,2018,13_10,4,2,13_10_4_2_3_OBS_11,,V,HB,1,3,,,1.888,,H N 9,H N 7,H N 3,,,,,,,,,,,,,,,,1
BR,Floricane,Ground,Jilly,2018,14_10,4,2,14_10_4_2_3_OBS_12,,V,HB,1,2,,,2.116,,H N 11,H N 7,,,,,,,,,,,,,,,,,
BR,Floricane,Ground,Jilly,2018,13_10,4,2,13_10_4_2_NA_OBS_1,,V,HB,0,4,,,2.943,,H N 14,H N 1,H N 8,H N 6,,,,,,,,,,,,,,,1
BR,Floricane,Ground,Jilly,2018,13_10,4,2,13_10_4_2_NA_OBS_2,,V,HB,1,5,,,2.755,,H N 20,H N 6,H N 6,H N 9,H N 3,,,,,,,,,,,,,,
BR,Floricane,Ground,Jilly,2018,13_10,4,2,13_10_4_2_NA_OBS_3,,V,HB,1,3,,,2.747,,H N 18,H N 8,H N 3,,,,,,,,,,,,,,,,
BR,Floricane,Ground,Jilly,2018,12_10,4,2,12_10_4_2_NA_OBS_4,,V,HB,1,1,,,,,H N 4,,,,,,,,,,,,,,,,,,
BR,Floricane,Ground,Jilly,2018,12_10,4,2,12_10_4_2_NA_OBS_5,,V,HB,1,4,,,2.586,,H N 11,H N 10,H N 5,H N 3,,,,,,,,,,,,,,,1
BR,Floricane,Ground,Jilly,2018,12_11,4,2,12_11_4_2_NA_OBS_6,,V,HB,1,4,,,2.107,,H N 15,H N 3,H N 11,H N 6,,,,,,,,,,,,,,,1
BR,Floricane,Ground,Jilly,2018,13_10,4,2,13_10_4_2_NA_HP*_1,,CP,,1,,,,3.487,,,,,,,,,,,,,,,,,,,,1
BR,Floricane,Ground,Jilly,2018,13_10,4,2,13_10_4_2_NA_HP*_2,,CP,,1,,,,,,,,,,,,,,,,,,,,,,,,
BR,Floricane,Ground,Jilly,2018,13_10,4,2,13_10_4_2_NA_HP*_3,,CP,,1,,,,,,,,,,,,,,,,,,,,,,,,
BR,Floricane,Ground,Jilly,2018,13_10,4,2,13_10_4_2_NA_HP*_4,,CP,,0,,,,,,,,,,,,,,,,,,,,,,,,
BR,Floricane,Ground,Jilly,2018,13_10,4,2,13_10_4_2_NA_HP*_5,,CP,,1,,,,,,,,,,,,,,,,,,,,,,,,
BR,Floricane,Ground,Jilly,2018,13_10,4,2,13_10_4_2_NA_OP_1,,OP,,1,,,,,,,,,,,,,,,,,,,,,,,,
BR,Floricane,Ground,Jilly,2018,13_10,4,2,13_10_4_2_NA_OP_2,,OP,,1,,,,2.379,,,,,,,,,,,,,,,,,,,,1
BR,Floricane,Ground,Jilly,2018,13_10,4,2,13_10_4_2_NA_OP_3,,OP,,1,,,,2.764,,,,,,,,,,,,,,,,,,,,1
BR,Floricane,Ground,Jilly,2018,13_10,4,2,13_10_4_2_NA_OP_4,,OP,,1,,,,2.1,,,,,,,,,,,,,,,,,,,,1
BR,Floricane,Ground,Jilly,2018,13_10,4,2,13_10_4_2_NA_OP_5,,OP,,1,,,,2.267,,,,,,,,,,,,,,,,,,,,1
BR,Floricane,Ground,Jilly,2018,13_10,4,2,13_10_4_2_NA_CP_1,,UP,,0,0,,,,,,,,,,,,,,,,,,,,,,,
BR,Floricane,Ground,Jilly,2018,13_10,4,2,13_10_4_2_NA_CP_2,,UP,,0,0,,,,,,,,,,,,,,,,,,,,,,,
BR,Floricane,Ground,Jilly,2018,13_10,4,2,13_10_4_2_NA_CP_3,,UP,,0,0,,,,,,,,,,,,,,,,,,,,,,,
BR,Floricane,Ground,Jilly,2018,13_10,4,2,13_10_4_2_NA_CP_4,,UP,,0,0,,,,,,,,,,,,,,,,,,,,,,,
BR,Floricane,Ground,Jilly,2018,13_10,4,2,13_10_4_2_NA_CP_5,,UP,,0,0,,,,,,,,,,,,,,,,,,,,,,,
BR,Floricane,Ground,Jilly,2018,13_10,4,7,13_10_4_7_2_OBS_1,,V,HB,1,5,,,2.792,,H N 4,H N 4,H N 2,H N 3,H N 7,,,,,,,,,,,,,,1
BR,Floricane,Ground,Jilly,2018,13_10,4,7,13_10_4_7_2_OBS_2,,V,HB,1,4,,,1.934,,H N 3,H N 26,H N 4,H N 9,,,,,,,,,,,,,,,1
BR,Floricane,Ground,Jilly,2018,13_10,4,7,13_10_4_7_2_OBS_3,,V,HB,1,5,,,2.537,,H N 7,H N 3,H N 4,H N 3,H N 3,,,,,,,,,,,,,,1
BR,Floricane,Ground,Jilly,2018,13_10,4,7,13_10_4_7_2_OBS_4,,V,HB,1,2,,,,,H N 28,H N 4,,,,,,,,,,,,,,,,,
BR,Floricane,Ground,Jilly,2018,13_10,4,7,13_10_4_7_2_OBS_5,,V,HB,1,3,,,,,H N 15,H N 9,H N 2,,,,,,,,,,,,,,,,
BR,Floricane,Ground,Jilly,2018,13_10,4,7,13_10_4_7_2_OBS_6,,V,HB,1,1,,,2.135,,H N 23,,,,,,,,,,,,,,,,,,
BR,Floricane,Ground,Jilly,2018,13_10,4,7,13_10_4_7_2_OBS_7,,V,HB,1,1,,,2.028,,H N 30,,,,,,,,,,,,,,,,,,1
BR,Floricane,Ground,Jilly,2018,13_10,4,7,13_10_4_7_2_OBS_8,,V,HB,1,1,,,2.683,,H N 5,,,,,,,,,,,,,,,,,,1
BR,Floricane,Ground,Jilly,2018,12_10,4,7,12_10_4_7_NA_OBS_1,,V,MX,0,1,,,,,H N 2,,,,,,,,,,,,,,,,,,
BR,Floricane,Ground,Jilly,2018,12_10,4,7,12_10_4_7_NA_OBS_2,,V,MX,1,3,,,2.557,,H N 18,H N 12,H N 7,,,,,,,,,,,,,,,,2
BR,Floricane,Ground,Jilly,2018,12_10,4,7,12_10_4_7_NA_OBS_3,,V,MX,1,3,,,2.743,,H N 6,H N 5,H N 5,,,,,,,,,,,,,,,,2
BR,Floricane,Ground,Jilly,2018,12_11,4,7,12_11_4_7_NA_OBS_4,,V,MX,1,1,,,1.864,,H N 15,,,,,,,,,,,,,,,,,,1
BR,Floricane,Ground,Jilly,2018,12_10,4,7,12_10_4_7_NA_OBS_5,,V,MX,1,5,,,2.769,,H N 14,H N 4,H N 10,H N 7,H N 1,,,,,,,,,,,,,,1
BR,Floricane,Ground,Jilly,2018,12_10,4,7,12_10_4_7_NA_OBS_6,,V,MX,1,5,,,3.259,,H N 8,H N 13,H N 7,H N 6,H N 1,,,,,,,,,,,,,,2
BR,Floricane,Ground,Jilly,2018,12_10,4,7,12_10_4_7_NA_OBS_7,,V,MX,1,2,,,2.387,,H N 16,H N 11,,,,,,,,,,,,,,,,,1
BR,Floricane,Ground,Jilly,2018,12_10,4,7,12_10_4_7_NA_OBS_8,,V,MX,1,2,,,2.991,,H N 18,H N 5,,,,,,,,,,,,,,,,,2
BR,Floricane,Ground,Jilly,2018,12_11,4,7,12_11_4_7_NA_OBS_9,,UP,,0,,,,,,,,,,,,,,,,,,,,,,,,
BR,Floricane,Ground,Jilly,2018,13_10,4,7,13_10_4_7_NA_HP_1,,SP,,1,,,,,,,,,,,,,,,,,,,,,,,,
BR,Floricane,Ground,Jilly,2018,13_10,4,7,13_10_4_7_NA_HP_2,,SP,,1,,,,,,,,,,,,,,,,,,,,,,,,
BR,Floricane,Ground,Jilly,2018,13_10,4,7,13_10_4_7_NA_HP_3,,SP,,1,,,,,,,,,,,,,,,,,,,,,,,,
BR,Floricane,Ground,Jilly,2018,13_10,4,7,13_10_4_7_NA_HP_4,,SP,,1,,,,,,,,,,,,,,,,,,,,,,,,
BR,Floricane,Ground,Jilly,2018,13_10,4,7,13_10_4_7_NA_HP_5,,SP,,1,,,,,,,,,,,,,,,,,,,,,,,,
BR,Floricane,Ground,Jilly,2018,13_10,4,7,13_10_4_7_NA_OP_1,,OP,,1,,,,,,,,,,,,,,,,,,,,,,,,
BR,Floricane,Ground,Jilly,2018,13_10,4,7,13_10_4_7_NA_OP_2,,OP,,1,,,,,,,,,,,,,,,,,,,,,,,,
BR,Floricane,Ground,Jilly,2018,13_10,4,7,13_10_4_7_NA_OP_3,,OP,,1,,,,,,,,,,,,,,,,,,,,,,,,
BR,Floricane,Ground,Jilly,2018,13_10,4,7,13_10_4_7_NA_OP_4,,OP,,1,,,,,,,,,,,,,,,,,,,,,,,,
BR,Floricane,Ground,Jilly,2018,13_10,4,7,13_10_4_7_NA_OP_5,,OP,,1,,,,,,,,,,,,,,,,,,,,,,,,
BR,Floricane,Ground,Jilly,2018,13_10,4,7,13_10_4_7_NA_CP_1,,UP,,0,0,,,,,,,,,,,,,,,,,,,,,,,
BR,Floricane,Ground,Jilly,2018,13_10,4,7,13_10_4_7_NA_CP_2,,UP,,0,0,,,,,,,,,,,,,,,,,,,,,,,
BR,Floricane,Ground,Jilly,2018,13_10,4,7,13_10_4_7_NA_CP_3,,UP,,0,0,,,,,,,,,,,,,,,,,,,,,,,
BR,Floricane,Ground,Jilly,2018,13_10,4,7,13_10_4_7_NA_CP_4,,UP,,0,0,,,,,,,,,,,,,,,,,,,,,,,
BR,Floricane,Ground,Jilly,2018,13_10,4,7,13_10_4_7_NA_CP_5,,UP,,0,0,,,,,,,,,,,,,,,,,,,,,,,
BR,Floricane,Ground,Jilly,2018,12_10,4,34,12_10_4_34_1_OBS_1,,V,HB,1,3,,,2.052,,H N 23,H N 3,H N 18,,,,,,,,,,,,,,,,1
BR,Floricane,Ground,Jilly,2018,12_10,4,34,12_10_4_34_1_OBS_2,,V,HB,1,4,,,1.995,,H N 25,H N 7,H N 13,H N 7,,,,,,,,,,,,,,,
BR,Floricane,Ground,Jilly,2018,12_10,4,34,12_10_4_34_1_OBS_3,,V,HB,1,5,,,2.477,,H N 27,H N 2,H N 21,H N 5,H N 2,,,,,,,,,,,,,,1
BR,Floricane,Ground,Jilly,2018,12_10,4,34,12_10_4_34_1_OBS_4,,V,HB,1,6,,,2.034,,H N 31,H N 2,H N 6,H N 3,H N 5,H N 9,,,,,,,,,,,,,1
BR,Floricane,Ground,Jilly,2018,12_10,4,34,12_10_4_34_1_OBS_5,,V,HB,1,5,,,2.883,,H N 12,H N 11,H N 3,H N 2,H N 9,,,,,,,,,,,,,,
BR,Floricane,Ground,Jilly,2018,12_10,4,34,12_10_4_34_1_OBS_6,,V,HB,1,1,,,2.085,,H N 3,,,,,,,,,,,,,,,,,,1
BR,Floricane,Ground,Jilly,2018,12_10,4,34,12_10_4_34_1_OBS_7,,V,HB,1,5,,,2.667,,H N 2,H N 12,H N 3,H N 2,H N 1,,,,,,,,,,,,,,1
BR,Floricane,Ground,Jilly,2018,12_10,4,34,12_10_4_34_2_OBS_1,,V,HB,1,5,,,,,H N 22,H N 6,H N 12,H N 6,H N 2,,,,,,,,,,,,,,
BR,Floricane,Ground,Jilly,2018,12_10,4,34,12_10_4_34_2_OBS_2,,V,MX,1,6,,,,,H N 18,H N 2,B N 2,H N 17,H N 3,H N 3,,,,,,,,,,,,,
BR,Floricane,Ground,Jilly,2018,12_10,4,34,12_10_4_34_2_OBS_3,,V,HB,1,4,,,,,H N 23,H N 3,H N 2,H N 12,,,,,,,,,,,,,,,
BR,Floricane,Ground,Jilly,2018,12_10,4,34,12_10_4_34_2_OBS_4,,V,HB,1,3,,,,,H N 5,H N 4,H N 15,,,,,,,,,,,,,,,,
BR,Floricane,Ground,Jilly,2018,12_10,4,34,12_10_4_34_2_OBS_5,,V,MX,0,2,,,,,B N 5,H N 3,,,,,,,,,,,,,,,,,
BR,Floricane,Ground,Jilly,2018,12_10,4,34,12_10_4_34_2_OBS_6,,V,MX,1,6,,,2.127,,H N 12,H N 5,B N 7,H N 2,H N 8,H N 3,,,,,,,,,,,,,1
BR,Floricane,Ground,Jilly,2018,12_10,4,34,12_10_4_34_2_OBS_7,,V,MX,1,6,,,,,H N 11,B N 6,H N 6,H N 43,,,,,,,,,,,,,,,
BR,Floricane,Ground,Jilly,2018,12_10,4,34,12_10_4_34_2_OBS_8,,V,HB,1,1,,,,,H N 8,,,,,,,,,,,,,,,,,,
BR,Floricane,Ground,Jilly,2018,13_10,4,34,13_10_4_34_NA_HP_1,,SP,,1,,,,,,,,,,,,,,,,,,,,,,,,
BR,Floricane,Ground,Jilly,2018,13_10,4,34,13_10_4_34_NA_HP_2,,SP,,1,,,,,,,,,,,,,,,,,,,,,,,,
BR,Floricane,Ground,Jilly,2018,13_10,4,34,13_10_4_34_NA_HP_3,,SP,,1,,,,,,,,,,,,,,,,,,,,,,,,
BR,Floricane,Ground,Jilly,2018,13_10,4,34,13_10_4_34_NA_HP_4,,SP,,1,,,,,,,,,,,,,,,,,,,,,,,,
BR,Floricane,Ground,Jilly,2018,13_10,4,34,13_10_4_34_NA_HP_5,,SP,,0,,,,,,,,,,,,,,,,,,,,,,,,
BR,Floricane,Ground,Jilly,2018,13_10,4,34,13_10_4_34_NA_OP_1,,OP,,1,,,,1.843,,,,,,,,,,,,,,,,,,,,1
BR,Floricane,Ground,Jilly,2018,13_10,4,34,13_10_4_34_NA_OP_2,,OP,,0,,,,,,,,,,,,,,,,,,,,,,,,
BR,Floricane,Ground,Jilly,2018,13_10,4,34,13_10_4_34_NA_OP_3,,OP,,0,,,,,,,,,,,,,,,,,,,,,,,,
BR,Floricane,Ground,Jilly,2018,13_10,4,34,13_10_4_34_NA_OP_4,,OP,,0,,,,,,,,,,,,,,,,,,,,,,,,
BR,Floricane,Ground,Jilly,2018,13_10,4,34,13_10_4_34_NA_OP_5,,OP,,0,,,,,,,,,,,,,,,,,,,,,,,,
BR,Floricane,Ground,Jilly,2018,13_10,4,34,13_10_4_34_NA_CP_1,,UP,,0,0,,,,,,,,,,,,,,,,,,,,,,,
BR,Floricane,Ground,Jilly,2018,13_10,4,34,13_10_4_34_NA_CP_2,,UP,,0,0,,,,,,,,,,,,,,,,,,,,,,,
BR,Floricane,Ground,Jilly,2018,13_10,4,34,13_10_4_34_NA_CP_3,,UP,,0,0,,,,,,,,,,,,,,,,,,,,,,,
BR,Floricane,Ground,Jilly,2018,13_10,4,34,13_10_4_34_NA_CP_4,,UP,,0,0,,,,,,,,,,,,,,,,,,,,,,,
BR,Floricane,Ground,Jilly,2018,13_10,4,34,13_10_4_34_NA_CP_5,,UP,,0,0,,,,,,,,,,,,,,,,,,,,,,,
BR,Floricane,Ground,Jilly,2018,13_10,4,49,13_10_4_49_2_OBS_1,,V,HB,1,1,,,,,H N 9,,,,,,,,,,,,,,,,,,
BR,Floricane,Ground,Jilly,2018,13_10,4,49,13_10_4_49_2_OBS_2,,V,HB,1,1,,,,,H N 5,,,,,,,,,,,,,,,,,,
BR,Floricane,Ground,Jilly,2018,13_10,4,49,13_10_4_49_2_OBS_3,,V,BB,1,1,,,,,B N 3,,,,,,,,,,,,,,,,,,
BR,Floricane,Ground,Jilly,2018,13_10,4,49,13_10_4_49_2_OBS_4,,V,HB,1,1,,,,,H N 12,,,,,,,,,,,,,,,,,,
BR,Floricane,Ground,Jilly,2018,13_10,4,49,13_10_4_49_2_OBS_6,,V,HB,1,2,,,,,H N 11,H N 9,,,,,,,,,,,,,,,,,
BR,Floricane,Ground,Jilly,2018,13_10,4,49,13_10_4_49_2_OBS_7,,V,BB,1,1,,,,,B P 10,,,,,,,,,,,,,,,,,,
BR,Floricane,Ground,Jilly,2018,13_10,4,49,13_10_4_49_2_OBS_8,,V,MX,1,4,,,,,B P 9,H N 3,H N 7,H N 5,,,,,,,,,,,,,,,
BR,Floricane,Ground,Jilly,2018,13_10,4,49,13_10_4_49_2_OBS_9,,V,BB,1,1,,,,,B N 4,,,,,,,,,,,,,,,,,,
BR,Floricane,Ground,Jilly,2018,13_10,4,49,13_10_4_49_2_OBS_10,,V,MX,1,2,,,,,B P 8,H N 14,,,,,,,,,,,,,,,,,
BR,Floricane,Ground,Jilly,2018,13_10,4,49,13_10_4_49_2_OBS_11,,V,MX,1,3,,,,,B N 4,B P 9,H N 11,,,,,,,,,,,,,,,,
BR,Floricane,Ground,Jilly,2018,13_10,4,49,13_10_4_49_2_OBS_12,,V,BB,1,1,,,,,B P 7,,,,,,,,,,,,,,,,,,
BR,Floricane,Ground,Jilly,2018,12_10,4,49,12_10_4_49_NA_OBS_1,,V,HB,1,5,,,,,H N 26,H N 3,H N 9,H N 6,H N 3,,,,,,,,,,,,,,
BR,Floricane,Ground,Jilly,2018,12_10,4,49,12_10_4_49_NA_OBS_2,,V,HB ,1,2,,,1.396,,H N 20,H N 7,,,,,,,,,,,,,,,,,1
BR,Floricane,Ground,Jilly,2018,12_10,4,49,12_10_4_49_NA_OBS_3,,V,HB,1,3,,,,,H N 24,H N 6,H N 2,,,,,,,,,,,,,,,,
BR,Floricane,Ground,Jilly,2018,12_10,4,49,12_10_4_49_NA_OBS_4,,V,HB ,1,3,,,1.2,,H N 35,H N 3,H N 4,,,,,,,,,,,,,,,,1d
BR,Floricane,Ground,Jilly,2018,12_10,4,49,12_10_4_49_NA_OBS_5,,V,HB ,1,3,,,2.873,,H N 19,H N 7,H N 7,,,,,,,,,,,,,,,,1
BR,Floricane,Ground,Jilly,2018,12_11,4,49,12_11_4_49_NA_OBS_6,,V,HB,1,1,,,1.291,,H N 11,,,,,,,,,,,,,,,,,,1
BR,Floricane,Ground,Jilly,2018,13_10,4,49,13_10_4_49_NA_HP_1,,SP,,1,,,,2.535,,,,,,,,,,,,,,,,,,,,1
BR,Floricane,Ground,Jilly,2018,13_10,4,49,13_10_4_49_NA_HP_2,,SP,,1,,,,,,,,,,,,,,,,,,,,,,,,
BR,Floricane,Ground,Jilly,2018,13_10,4,49,13_10_4_49_NA_HP_3,,SP,,1,,,,,,,,,,,,,,,,,,,,,,,,
BR,Floricane,Ground,Jilly,2018,13_10,4,49,13_10_4_49_NA_HP_4,,SP,,1,,,,1.89,,,,,,,,,,,,,,,,,,,,1d
BR,Floricane,Ground,Jilly,2018,13_10,4,49,13_10_4_49_NA_HP_5,,SP,,1,,,,3.104,,,,,,,,,,,,,,,,,,,,
BR,Floricane,Ground,Jilly,2018,13_10,4,49,13_10_4_49_NA_OP_1,,OP,,1,,,,2.708,,,,,,,,,,,,,,,,,,,,
BR,Floricane,Ground,Jilly,2018,13_10,4,49,13_10_4_49_NA_OP_2,,OP,,1,,,,,,,,,,,,,,,,,,,,,,,,
BR,Floricane,Ground,Jilly,2018,13_10,4,49,13_10_4_49_NA_OP_3,,OP,,1,,,,2.88,,,,,,,,,,,,,,,,,,,,1
BR,Floricane,Ground,Jilly,2018,13_10,4,49,13_10_4_49_NA_OP_4,,OP,,1,,,,2.493,,,,,,,,,,,,,,,,,,,,1
BR,Floricane,Ground,Jilly,2018,13_10,4,49,13_10_4_49_NA_OP_5,,OP,,1,,,,2.957,,,,,,,,,,,,,,,,,,,,1
BR,Floricane,Ground,Jilly,2018,13_10,4,49,13_10_4_49_NA_CP_1,,UP,,0,0,,,,,,,,,,,,,,,,,,,,,,,
BR,Floricane,Ground,Jilly,2018,13_10,4,49,13_10_4_49_NA_CP_2,,UP,,0,0,,,,,,,,,,,,,,,,,,,,,,,
BR,Floricane,Ground,Jilly,2018,13_10,4,49,13_10_4_49_NA_CP_3,,UP,,0,0,,,,,,,,,,,,,,,,,,,,,,,
BR,Floricane,Ground,Jilly,2018,13_10,4,49,13_10_4_49_NA_CP_4,,UP,,0,0,,,,,,,,,,,,,,,,,,,,,,,
BR,Floricane,Ground,Jilly,2018,13_10,4,49,13_10_4_49_NA_CP_5,,UP,,0,0,,,,,,,,,,,,,,,,,,,,,,,
BR,Floricane,Ground,Jilly,2018,13_10,4,51,13_10_4_51_1_OBS_1,,V,HB ,1,2,,,,,H N 37,H N 6,,,,,,,,,,,,,,,,,
BR,Floricane,Ground,Jilly,2018,13_10,4,51,13_10_4_51_1_OBS_2,,V,HB ,1,2,,,,,H N 15,H N 3,,,,,,,,,,,,,,,,,
BR,Floricane,Ground,Jilly,2018,13_10,4,51,13_10_4_51_1_OBS_3,,V,HB ,1,1,,,,,H N 3,,,,,,,,,,,,,,,,,,
BR,Floricane,Ground,Jilly,2018,13_10,4,51,13_10_4_51_1_OBS_4,,V,HB,1,1,,,,,H N 3,,,,,,,,,,,,,,,,,,
BR,Floricane,Ground,Jilly,2018,13_10,4,51,13_10_4_51_1_OBS_5,,V,HB,1,5,,,2.702,,H N 3,H N 12,H N 3,H N 9,H N 2,,,,,,,,,,,,,,1
BR,Floricane,Ground,Jilly,2018,13_10,4,51,13_10_4_51_1_OBS_6,,V,HB,1,2,,,,,H N 42,H N 5,,,,,,,,,,,,,,,,,
BR,Floricane,Ground,Jilly,2018,13_10,4,51,13_10_4_51_1_OBS_7,,V,HB,1,3,,,,,H N 18,H N 17,H N 3,,,,,,,,,,,,,,,,
BR,Floricane,Ground,Jilly,2018,13_10,4,51,13_10_4_51_1_OBS_8,,V,HB,1,2,,,,,H N 12,H N 8,,,,,,,,,,,,,,,,,
BR,Floricane,Ground,Jilly,2018,13_10,4,51,13_10_4_51_1_OBS_9,,V,HB,0,2,,,,,H N 28,H N 2,,,,,,,,,,,,,,,,,
BR,Floricane,Ground,Jilly,2018,13_10,4,51,13_10_4_51_2_OBS_1,,V,HB,1,3,,,,,H N 21,H N 11,H N 3,,,,,,,,,,,,,,,,
BR,Floricane,Ground,Jilly,2018,13_10,4,51,13_10_4_51_2_OBS_2,,V,HB,1,1,,,,,H N 3,,,,,,,,,,,,,,,,,,
BR,Floricane,Ground,Jilly,2018,13_10,4,51,13_10_4_51_2_OBS_3,,V,HB ,1,2,,,,,H N 27,H N 6,,,,,,,,,,,,,,,,,
BR,Floricane,Ground,Jilly,2018,13_10,4,51,13_10_4_51_2_OBS_4,,V,HB,0,1,,,,,H N 24,,,,,,,,,,,,,,,,,,
BR,Floricane,Ground,Jilly,2018,13_10,4,51,13_10_4_51_2_OBS_5,,V,HB,1,2,,,,,H N 19,H N 3,,,,,,,,,,,,,,,,,
BR,Floricane,Ground,Jilly,2018,13_10,4,51,13_10_4_51_2_OBS_6,,V,HB,1,5,,,,,H N 26,H N 34,H N 5,H N 20,H N 3,,,,,,,,,,,,,,
BR,Floricane,Ground,Jilly,2018,13_10,4,51,13_10_4_51_2_OBS_7,,V,HB,1,2,,,,,H N 11,H N 13,,,,,,,,,,,,,,,,,
BR,Floricane,Ground,Jilly,2018,13_10,4,51,13_10_4_51_2_OBS_8,,V,HB,1,2,,,,,H N 5,H N 3,,,,,,,,,,,,,,,,,
BR,Floricane,Ground,Jilly,2018,13_10,4,51,13_10_4_51_2_OBS_9,,V,HB,1,3,,,,,H N 12,H N 5,H N 11,,,,,,,,,,,,,,,,
BR,Floricane,Ground,Jilly,2018,13_10,4,51,13_10_4_51_NA_HP_1,,SP,,1,,,,,,,,,,,,,,,,,,,,,,,,
BR,Floricane,Ground,Jilly,2018,13_10,4,51,13_10_4_51_NA_HP_2,,SP,,1,,,,,,,,,,,,,,,,,,,,,,,,
BR,Floricane,Ground,Jilly,2018,13_10,4,51,13_10_4_51_NA_HP_3,,SP,,1,,,,,,,,,,,,,,,,,,,,,,,,
BR,Floricane,Ground,Jilly,2018,13_10,4,51,13_10_4_51_NA_HP_4,,SP,,1,,,,,,,,,,,,,,,,,,,,,,,,
BR,Floricane,Ground,Jilly,2018,13_10,4,51,13_10_4_51_NA_HP_5,,SP,,1,,,,,,,,,,,,,,,,,,,,,,,,
BR,Floricane,Ground,Jilly,2018,13_10,4,51,13_10_4_51_NA_OP_1,,OP,,1,,,,1.859,,,,,,,,,,,,,,,,,,,,2
BR,Floricane,Ground,Jilly,2018,13_10,4,51,13_10_4_51_NA_OP_2,,OP,,1,,,,3.295,,,,,,,,,,,,,,,,,,,,1
BR,Floricane,Ground,Jilly,2018,13_10,4,51,13_10_4_51_NA_OP_3,,OP,,1,,,,3.189,,,,,,,,,,,,,,,,,,,,1
BR,Floricane,Ground,Jilly,2018,13_10,4,51,13_10_4_51_NA_OP_4,,OP,,1,,,,2.381,,,,,,,,,,,,,,,,,,,,1
BR,Floricane,Ground,Jilly,2018,13_10,4,51,13_10_4_51_NA_OP_5,,OP,,1,,,,2.85,,,,,,,,,,,,,,,,,,,,1
BR,Floricane,Ground,Jilly,2018,13_10,4,51,13_10_4_51_NA_CP_1,,UP,,0,0,,,,,,,,,,,,,,,,,,,,,,,
BR,Floricane,Ground,Jilly,2018,13_10,4,51,13_10_4_51_NA_CP_2,,UP,,0,0,,,,,,,,,,,,,,,,,,,,,,,
BR,Floricane,Ground,Jilly,2018,13_10,4,51,13_10_4_51_NA_CP_3,,UP,,0,0,,,,,,,,,,,,,,,,,,,,,,,
BR,Floricane,Ground,Jilly,2018,13_10,4,51,13_10_4_51_NA_CP_4,,UP,,0,0,,,,,,,,,,,,,,,,,,,,,,,
BR,Floricane,Ground,Jilly,2018,13_10,4,51,13_10_4_51_NA_CP_5,,UP,,0,0,,,,,,,,,,,,,,,,,,,,,,,
BR,Floricane,Ground,Jilly,2018,13_10,6,12,13_10_6_12_1_OBS_1,,V,HB,0,2,,,,,H N 11,H N 32,,,,,,,,,,,,,,,,,
BR,Floricane,Ground,Jilly,2018,13_10,6,12,13_10_6_12_1_OBS_2,,V,HB,0,5,,,,,H N 12,H N 5,H N 12,H N 2,H N 4,,,,,,,,,,,,,,
BR,Floricane,Ground,Jilly,2018,13_10,6,12,13_10_6_12_1_OBS_3,,UP,,0,0,,,,,,,,,,,,,,,,,,,,,,,
BR,Floricane,Ground,Jilly,2018,13_10,6,12,13_10_6_12_1_OBS_4,,V,HB,0,1,,,,,H N 1,,,,,,,,,,,,,,,,,,
BR,Floricane,Ground,Jilly,2018,13_10,6,12,13_10_6_12_1_OBS_5,,V,HB,1,2,,,,,H N 11,H N 10,,,,,,,,,,,,,,,,,
BR,Floricane,Ground,Jilly,2018,13_10,6,12,13_10_6_12_1_OBS_6,,V,HB,1,2,,,,,H N 14,H N 9,,,,,,,,,,,,,,,,,
BR,Floricane,Ground,Jilly,2018,13_10,6,12,13_10_6_12_1_OBS_1,,V,HB,1,4,,,,,H N 14,H N 4,H N 3,H N 7,,,,,,,,,,,,,,,
BR,Floricane,Ground,Jilly,2018,13_10,6,12,13_10_6_12_1_OBS_2,,V,HB,1,4,,,3.157,,H N 21,H N 6,H N 3,H N 8,,,,,,,,,,,,,,,
BR,Floricane,Ground,Jilly,2018,13_10,6,12,13_10_6_12_1_OBS_3,,V,HB ,1,2,,,,,H N 6,H N 2,,,,,,,,,,,,,,,,,
BR,Floricane,Ground,Jilly,2018,13_10,6,12,13_10_6_12_1_OBS_4,,V,HB,1,5,,,2.855,,H N 12,H N 3,H N 5,H N 4,H N 3,,,,,,,,,,,,,,
BR,Floricane,Ground,Jilly,2018,13_10,6,12,13_10_6_12_1_OBS_5,,V,HB,1,1,,,2.479,,H N 14,,,,,,,,,,,,,,,,,,
BR,Floricane,Ground,Jilly,2018,13_10,6,12,13_10_6_12_1_OBS_6,,V,HB,1,2,,,3.1,,H N 12,H N 9,,,,,,,,,,,,,,,,,1
BR,Floricane,Ground,Jilly,2018,13_10,6,12,13_10_6_12_2_OBS_1,,V,HB,1,1,,,,,H N 35,,,,,,,,,,,,,,,,,,
BR,Floricane,Ground,Jilly,2018,13_10,6,12,13_10_6_12_2_OBS_2,,V,HB,1,1,,,,,H N 9,,,,,,,,,,,,,,,,,,
BR,Floricane,Ground,Jilly,2018,13_10,6,12,13_10_6_12_2_OBS_3,,V,HB,1,1,,,,,H N 8,,,,,,,,,,,,,,,,,,
BR,Floricane,Ground,Jilly,2018,13_10,6,12,13_10_6_12_2_OBS_4,,V,HB,0,1,,,,,H N 41,,,,,,,,,,,,,,,,,,
BR,Floricane,Ground,Jilly,2018,13_10,6,12,13_10_6_12_2_OBS_5,,V,HB,1,1,,,,,H N 9,,,,,,,,,,,,,,,,,,
BR,Floricane,Ground,Jilly,2018,13_10,6,12,13_10_6_12_2_OBS_6,,UP,,1,0,,,,,,,,,,,,,,,,,,,,,,,
BR,Floricane,Ground,Jilly,2018,13_10,6,12,13_10_6_12_2_OBS_7,,UP,,1,0,,,,,,,,,,,,,,,,,,,,,,,
BR,Floricane,Ground,Jilly,2018,13_10,6,12,13_10_6_12_2_OBS_8,,V,HB,1,1,,,,,H N 22,,,,,,,,,,,,,,,,,,
BR,Floricane,Ground,Jilly,2018,12_10,6,12,12_10_6_12_2_OBS_10,,V,HB,1,4,,,,,H N 6,H N 2,H N 11,H N 5,,,,,,,,,,,,,,,
BR,Floricane,Ground,Jilly,2018,12_10,6,12,12_10_6_12_2_OBS_11,,V,HB,1,5,,,,,H N 13,H N 9,H N 2,H N 5,H N 3,,,,,,,,,,,,,,
BR,Floricane,Ground,Jilly,2018,12_10,6,12,12_10_6_12_2_OBS_12,,V,HB,1,4,,,,,H N 13,H N 36,H N 18,H N 2,,,,,,,,,,,,,,,
BR,Floricane,Ground,Jilly,2018,13_10,6,12,13_10_6_12_NA_OP_1,,OP,,1,,,,2.779,,,,,,,,,,,,,,,,,,,,1
BR,Floricane,Ground,Jilly,2018,13_10,6,12,13_10_6_12_NA_OP_2,,OP,,1,,,,2.771,,,,,,,,,,,,,,,,,,,,1d
BR,Floricane,Ground,Jilly,2018,13_10,6,12,13_10_6_12_NA_OP_3,,OP,,1,,,,3.158,,,,,,,,,,,,,,,,,,,,2
BR,Floricane,Ground,Jilly,2018,13_10,6,12,13_10_6_12_NA_OP_4,,OP,,1,,,,2.583,,,,,,,,,,,,,,,,,,,,2
BR,Floricane,Ground,Jilly,2018,13_10,6,12,13_10_6_12_NA_OP_5,,OP,,1,,,,2.394,,,,,,,,,,,,,,,,,,,,1d
BR,Floricane,Ground,Jilly,2018,13_10,6,12,13_10_6_12_NA_CP_1,,UP,,0,0,,,,,,,,,,,,,,,,,,,,,,,
BR,Floricane,Ground,Jilly,2018,13_10,6,12,13_10_6_12_NA_CP_2,,UP,,0,0,,,,,,,,,,,,,,,,,,,,,,,
BR,Floricane,Ground,Jilly,2018,13_10,6,12,13_10_6_12_NA_CP_3,,UP,,0,0,,,,,,,,,,,,,,,,,,,,,,,
BR,Floricane,Ground,Jilly,2018,13_10,6,12,13_10_6_12_NA_CP_4,,UP,,0,0,,,,,,,,,,,,,,,,,,,,,,,
BR,Floricane,Ground,Jilly,2018,13_10,6,12,13_10_6_12_NA_CP_5,,UP,,0,0,,,,,,,,,,,,,,,,,,,,,,,
BR,Floricane,Ground,Jilly,2018,14_10,6,24,14_10_6_24_1_OBS_1,,UP,,1,0,,,0.951,,,,,,,,,,,,,,,,,,,,1
BR,Floricane,Ground,Jilly,2018,14_10,6,24,14_10_6_24_1_OBS_2,,V,HB,1,1,,,1.575,,H N 17,,,,,,,,,,,,,,,,,,1
BR,Floricane,Ground,Jilly,2018,14_10,6,24,14_10_6_24_1_OBS_3,,UP,,1,0,,,1.662,,,,,,,,,,,,,,,,,,,,1
BR,Floricane,Ground,Jilly,2018,14_10,6,24,14_10_6_24_1_OBS_4,,V,HB,1,2,,,,,H N 25,H N 5,,,,,,,,,,,,,,,,,
BR,Floricane,Ground,Jilly,2018,14_10,6,24,14_10_6_24_1_OBS_5,,V,HB ,1,1,,,2.37,,H N 8,,,,,,,,,,,,,,,,,,2
BR,Floricane,Ground,Jilly,2018,14_10,6,24,14_10_6_24_1_OBS_6,,V,HB   ,1,1,,,2.343,,H N 3,,,,,,,,,,,,,,,,,,
BR,Floricane,Ground,Jilly,2018,14_11,6,24,14_11_6_24_1_OBS_8,,V,HB,1,1,,,1.501,,H N 8,,,,,,,,,,,,,,,,,,1d
BR,Floricane,Ground,Jilly,2018,14_12,6,24,14_12_6_24_1_OBS_9,,V,HB,1,2,,,,,H N 3,H N 2,,,,,,,,,,,,,,,,,
BR,Floricane,Ground,Jilly,2018,14_10,6,24,14_10_6_24_1_OBS_10,,V,HB,1,1,,,2.224,,H N 17,,,,,,,,,,,,,,,,,,1
BR,Floricane,Ground,Jilly,2018,14_11,6,24,14_11_6_24_1_OBS_11,,UP,,1,0,,,,,,,,,,,,,,,,,,,,,,,
BR,Floricane,Ground,Jilly,2018,14_12,6,24,14_12_6_24_1_OBS_12,,V,HB,1,1,,,1.383,,H N 9,,,,,,,,,,,,,,,,,,1
BR,Floricane,Ground,Jilly,2018,14_13,6,24,14_13_6_24_1_OBS_13,,UP,,0,0,,,,,,,,,,,,,,,,,,,,,,,
BR,Floricane,Ground,Jilly,2018,14_10,6,24,14_10_6_24_1_OBS_14,,UP,,1,0,,,2.804,,,,,,,,,,,,,,,,,,,,1
BR,Floricane,Ground,Jilly,2018,14_10,6,24,14_10_6_24_1_OBS_15,,V,HB,1,1,,,2.107,,H N 17,,,,,,,,,,,,,,,,,,
BR,Floricane,Ground,Jilly,2018,14_10,6,24,14_10_6_24_1_OBS_16,,V,HB,1,2,,,2.094,,H N 19,H N 11,,,,,,,,,,,,,,,,,
BR,Floricane,Ground,Jilly,2018,14_10,6,24,14_10_6_24_1_OBS_17,,V,HB,1,1,,,1.517,,H N 16,,,,,,,,,,,,,,,,,,1
BR,Floricane,Ground,Jilly,2018,14_10,6,24,14_10_6_24_1_OBS_18,,V,HB ,1,1,,,2.614,,H N 3,,,,,,,,,,,,,,,,,,2
BR,Floricane,Ground,Jilly,2018,15_10,6,24,15_10_6_24_2_OBS_1,,V,HB  ,1,4,,,2.442,,H N 11,H N 3,H N 12,H N 1,,,,,,,,,,,,,,,1
BR,Floricane,Ground,Jilly,2018,15_10,6,24,15_10_6_24_2_OBS_2,,V,HB  ,1,6,,,2.392,,H N 19,H N 2,H N 9,H N 3,H N 2,H N 2,,,,,,,,,,,,,1
BR,Floricane,Ground,Jilly,2018,15_10,6,24,15_10_6_24_2_OBS_3,,V,HB  ,1,6,,,2.437,,H N 5,H N 3,H N 3,H N 2,H N 14,H N 3,,,,,,,,,,,,,1
BR,Floricane,Ground,Jilly,2018,15_10,6,24,15_10_6_24_2_OBS_4,,V,HB  ,1,1,,,1.91,,H N 9,,,,,,,,,,,,,,,,,,1
BR,Floricane,Ground,Jilly,2018,15_10,6,24,15_10_6_24_2_OBS_5,,UP,,0,0,,,,,,,,,,,,,,,,,,,,,,,
BR,Floricane,Ground,Jilly,2018,15_10,6,24,15_10_6_24_2_OBS_6,,V,HB  ,0,2,,,,,H N 4,H N 4,,,,,,,,,,,,,,,,,
BR,Floricane,Ground,Jilly,2018,15_10,6,24,15_10_6_24_2_OBS_7,,V,HB  ,1,5,,,2.784,,H N 16,H N 3,H N 1,H N 4,H N 10,,,,,,,,,,,,,,1
BR,Floricane,Ground,Jilly,2018,15_10,6,24,15_10_6_24_2_OBS_8,,V,HB  ,1,6,,,1.065,,H N 20,H N 5,H N 6,H N 3,H N 3,H N 3,,,,,,,,,,,,,1
BR,Floricane,Ground,Jilly,2018,15_10,6,24,15_10_6_24_2_OBS_9,,V,HB  ,1,6,,,,,H N 24,H N 7,H N 6,H N 4,H N 2,H N 3,,,,,,,,,,,,,
BR,Floricane,Ground,Jilly,2018,15_10,6,24,15_10_6_24_2_OBS_10,,V,HB  ,1,3,,,,,H N 14,H N 7,H N 5,,,,,,,,,,,,,,,,
BR,Floricane,Ground,Jilly,2018,15_10,6,24,15_10_6_24_2_OBS_11,,V,HB  ,1,2,,,,,H N 8,H N 6,,,,,,,,,,,,,,,,,
BR,Floricane,Ground,Jilly,2018,15_10,6,24,15_10_6_24_2_OBS_12,,V,HB  ,0,5,,,,,H N 9,H N 10,H N 1,H N 2,H N 6,,,,,,,,,,,,,,
BR,Floricane,Ground,Jilly,2018,14_10,6,24,14_10_6_24_NA_HP_1,,SP,,1,,,,2.499,,,,,,,,,,,,,,,,,,,,
BR,Floricane,Ground,Jilly,2018,14_10,6,24,14_10_6_24_NA_HP_2,,SP,,1,,,,1.668,,,,,,,,,,,,,,,,,,,,2
BR,Floricane,Ground,Jilly,2018,14_10,6,24,14_10_6_24_NA_HP_3,,SP,,1,,,,,,,,,,,,,,,,,,,,,,,,
BR,Floricane,Ground,Jilly,2018,14_10,6,24,14_10_6_24_NA_HP_4,,SP,,1,,,,2.65,,,,,,,,,,,,,,,,,,,,1
BR,Floricane,Ground,Jilly,2018,14_10,6,24,14_10_6_24_NA_HP_5,,SP,,1,,,,,,,,,,,,,,,,,,,,,,,,
BR,Floricane,Ground,Jilly,2018,13_10,6,24,13_10_6_24_NA_OP_1,,OP,,1,,,,,,,,,,,,,,,,,,,,,,,,
BR,Floricane,Ground,Jilly,2018,13_10,6,24,13_10_6_24_NA_OP_2,,OP,,0,,,,,,,,,,,,,,,,,,,,,,,,
BR,Floricane,Ground,Jilly,2018,13_10,6,24,13_10_6_24_NA_OP_3,,OP,,1,,,,,,,,,,,,,,,,,,,,,,,,
BR,Floricane,Ground,Jilly,2018,13_10,6,24,13_10_6_24_NA_OP_4,,OP,,1,,,,,,,,,,,,,,,,,,,,,,,,
BR,Floricane,Ground,Jilly,2018,13_10,6,24,13_10_6_24_NA_OP_5,,OP,,1,,,,,,,,,,,,,,,,,,,,,,,,
BR,Floricane,Ground,Jilly,2018,13_10,6,24,13_10_6_24_NA_CP_1,,UP,,0,0,,,,,,,,,,,,,,,,,,,,,,,
BR,Floricane,Ground,Jilly,2018,13_10,6,24,13_10_6_24_NA_CP_2,,UP,,0,0,,,,,,,,,,,,,,,,,,,,,,,
BR,Floricane,Ground,Jilly,2018,13_10,6,24,13_10_6_24_NA_CP_3,,UP,,0,0,,,,,,,,,,,,,,,,,,,,,,,
BR,Floricane,Ground,Jilly,2018,13_10,6,24,13_10_6_24_NA_CP_4,,UP,,0,0,,,,,,,,,,,,,,,,,,,,,,,
BR,Floricane,Ground,Jilly,2018,13_10,6,24,13_10_6_24_NA_CP_5,,UP,,0,0,,,,,,,,,,,,,,,,,,,,,,,
BR,Floricane,Ground,Jilly,2018,12_10,6,28,12_10_6_28_NA_OBS_1,,V,HB,1,4,,,,,H N 33,H N 6,H N 5,H N 12,,,,,,,,,,,,,,,
BR,Floricane,Ground,Jilly,2018,12_10,6,28,12_10_6_28_NA_OBS_2,,V,HB,1,5,,,,,H N 46,H N 3,H N 9,H N 2,H N 9,,,,,,,,,,,,,,
BR,Floricane,Ground,Jilly,2018,12_10,6,28,12_10_6_28_NA_OBS_3,,V,HB,1,2,,,2.135,,H N 30,H N 11,,,,,,,,,,,,,,,,,1
BR,Floricane,Ground,Jilly,2019,12_11,6,28,12_11_6_28_NA_OBS_4,,UP,,0,0,,,,,,,,,,,,,,,,,,,,,,,
BR,Floricane,Ground,Jilly,2018,12_10,6,28,12_10_6_28_NA_OBS_5,,V,HB,1,1,,,1.969,,H N 26,,,,,,,,,,,,,,,,,,1
BR,Floricane,Ground,Jilly,2018,12_10,6,28,12_10_6_28_NA_OBS_6,,V,HB,0,2,,,,,H N 18,H N 2,H N 28,,,,,,,,,,,,,,,,
BR,Floricane,Ground,Jilly,2018,12_10,6,28,12_10_6_28_NA_OBS_7,,V,HB,1,5,,,2.302,,H N 17,H N 6,H N 19,H N 6,H N 8,,,,,,,,,,,,,,1
BR,Floricane,Ground,Jilly,2018,14_10,6,28,14_10_6_28_NA_HP_1,,SP,,1,,,,1.553,,,,,,,,,,,,,,,,,,,,1
BR,Floricane,Ground,Jilly,2018,14_10,6,28,14_10_6_28_NA_HP_2,,SP,,1,,,,1.873,,,,,,,,,,,,,,,,,,,,1
BR,Floricane,Ground,Jilly,2018,14_10,6,28,14_10_6_28_NA_HP_3,,SP,,1,,,,1.048,,,,,,,,,,,,,,,,,,,,1
BR,Floricane,Ground,Jilly,2018,14_10,6,28,14_10_6_28_NA_HP_4,,SP,,0,,,,,,,,,,,,,,,,,,,,,,,,
BR,Floricane,Ground,Jilly,2018,14_10,6,28,14_10_6_28_NA_HP_5,,SP,,1,,,,2.011,,,,,,,,,,,,,,,,,,,,
BR,Floricane,Ground,Jilly,2018,13_10,6,28,13_10_6_28_NA_OP_1,,OP,,1,,,,2.074,,,,,,,,,,,,,,,,,,,,
BR,Floricane,Ground,Jilly,2018,13_10,6,28,13_10_6_28_NA_OP_2,,OP,,1,,,,2.605,,,,,,,,,,,,,,,,,,,,
BR,Floricane,Ground,Jilly,2018,13_10,6,28,13_10_6_28_NA_OP_3,,OP,,1,,,,2.271,,,,,,,,,,,,,,,,,,,,
BR,Floricane,Ground,Jilly,2018,13_10,6,28,13_10_6_28_NA_OP_4,,OP,,1,,,,2.435,,,,,,,,,,,,,,,,,,,,
BR,Floricane,Ground,Jilly,2018,13_10,6,28,13_10_6_28_NA_OP_5,,OP,,1,,,,1.749,,,,,,,,,,,,,,,,,,,,1
BR,Floricane,Ground,Jilly,2018,13_10,6,28,13_10_6_28_NA_CP_1,,UP,,0,0,,,,,,,,,,,,,,,,,,,,,,,
BR,Floricane,Ground,Jilly,2018,13_10,6,28,13_10_6_28_NA_CP_2,,UP,,0,0,,,,,,,,,,,,,,,,,,,,,,,
BR,Floricane,Ground,Jilly,2018,13_10,6,28,13_10_6_28_NA_CP_3,,UP,,0,0,,,,,,,,,,,,,,,,,,,,,,,
BR,Floricane,Ground,Jilly,2018,13_10,6,28,13_10_6_28_NA_CP_4,,UP,,1,0,,,1.867,,,,,,,,,,,,,,,,,,,,1
BR,Floricane,Ground,Jilly,2018,13_10,6,28,13_10_6_28_NA_CP_5,,UP,,0,0,,,,,,,,,,,,,,,,,,,,,,,
BR,Floricane,Ground,Jilly,2018,15_10,6,32,15_10_6_32_1_OBS_1,,V,HB ,1,2,,,2.876,,H N 23,H N 2,,,,,,,,,,,,,,,,,1
BR,Floricane,Ground,Jilly,2018,15_10,6,32,15_10_6_32_1_OBS_2,,V,HB,1,5,,,2.701,,H N 4,H N 2,H N 1,H N 1,H N 2,,,,,,,,,,,,,,1
BR,Floricane,Ground,Jilly,2018,15_10,6,32,15_10_6_32_1_OBS_3,,V,HB,1,2,,,2.553,,H N 8,H N 5,,,,,,,,,,,,,,,,,1
BR,Floricane,Ground,Jilly,2018,15_10,6,32,15_10_6_32_1_OBS_4,,V,HB,1,5,,,2.912,,H N 6,H N 2,H N 2,H N 4,H N 1,,,,,,,,,,,,,,1
BR,Floricane,Ground,Jilly,2018,15_10,6,32,15_10_6_32_1_OBS_5,,V,HB,1,4,,,2.12,,H N 28,H N 3,H N 2,H N 3,,,,,,,,,,,,,,,1
BR,Floricane,Ground,Jilly,2018,15_10,6,32,15_10_6_32_1_OBS_6,,V,HB,1,3,,,2.469,,H N 18,H N 3,H N 8,,,,,,,,,,,,,,,,1
BR,Floricane,Ground,Jilly,2018,15_10,6,32,15_10_6_32_1_OBS_7,,V,HB,1,4,,,2.475,,H N 24,H N 2,H N 2,H N 4,,,,,,,,,,,,,,,1
BR,Floricane,Ground,Jilly,2018,15_10,6,32,15_10_6_32_1_OBS_8,,V,HB,1,5,,,2.56,,H N 10,H N 5,H N 1,H N 1,H N 12,,,,,,,,,,,,,,1
BR,Floricane,Ground,Jilly,2018,15_10,6,32,15_10_6_32_1_OBS_9,,V,HB,1,2,,,1.996,,H N 3,H N 9,,,,,,,,,,,,,,,,,1
BR,Floricane,Ground,Jilly,2018,15_10,6,32,15_10_6_32_1_OBS_10,,V,MX ,1,3,,,3.343,,H N 11,B N 1,H N 1,,,,,,,,,,,,,,,,1
BR,Floricane,Ground,Jilly,2018,15_10,6,32,15_10_6_32_1_OBS_11,,V,MX ,1,5,,,3.296,,H N 5,H N 7,B N 2,H N 1,H N 1,,,,,,,,,,,,,,1
BR,Floricane,Ground,Jilly,2018,15_10,6,32,15_10_6_32_1_OBS_12,,V,MX ,1,7,,,2.828,,H N 8,B N 1,H N 2,H N 2,H N 1,H N 3,H N 3,,,,,,,,,,,,1
BR,Floricane,Ground,Jilly,2018,15_10,6,32,15_10_6_32_1_OBS_13,,V,MX ,1,7,,,2.308,,B N 1,H N 2,H N 1,H N 1,H N 1,H N 1,H N 4,,,,,,,,,,,,
BR,Floricane,Ground,Jilly,2018,18_10,6,32,18_10_6_32_2_OBS_1,,V,HB,1,2,,,,,H N 4,H N 5,,,,,,,,,,,,,,,,,
BR,Floricane,Ground,Jilly,2018,18_10,6,32,18_10_6_32_2_OBS_2,,V,HB,0,4,,,,,H N 1,H N 2,H N 1,H N 2,,,,,,,,,,,,,,,
BR,Floricane,Ground,Jilly,2018,18_10,6,32,18_10_6_32_2_OBS_3,,V,HB,1,7,,,,,H N 8,H N 2,H N 1,H N 2,H N 2,H N 2,H N 1,,,,,,,,,,,,
BR,Floricane,Ground,Jilly,2018,18_10,6,32,18_10_6_32_2_OBS_4,,V,HB,1,1,,,,,H N 4,,,,,,,,,,,,,,,,,,
BR,Floricane,Ground,Jilly,2018,18_11,6,32,18_11_6_32_2_OBS_5,,UP,,0,0,,,,,,,,,,,,,,,,,,,,,,,
BR,Floricane,Ground,Jilly,2018,18_10,6,32,18_10_6_32_2_OBS_6,,V,HB,1,2,,,,,H N 4,H N 1,,,,,,,,,,,,,,,,,
BR,Floricane,Ground,Jilly,2018,18_10,6,32,18_10_6_32_2_OBS_7,,V,HB,0,3,,,,,H N 3,H N 1,H N 1,,,,,,,,,,,,,,,,
BR,Floricane,Ground,Jilly,2018,18_10,6,32,18_10_6_32_2_OBS_8,,V,HB,1,5,,,,,H N 4,H N 2,H N 2,H N 1,H N 3,,,,,,,,,,,,,,
BR,Floricane,Ground,Jilly,2018,18_10,6,32,18_10_6_32_2_OBS_9,,V,HB,0,3,,,,,H N 6,H N 4,H N 2,,,,,,,,,,,,,,,,
BR,Floricane,Ground,Jilly,2018,18_10,6,32,18_10_6_32_2_OBS_10,,V,HB,0,3,,,,,H N 2,H N 1,H N 6,,,,,,,,,,,,,,,,
BR,Floricane,Ground,Jilly,2018,18_10,6,32,18_10_6_32_2_OBS_11,,V,HB,0,2,,,,,H N 2,H N 1,,,,,,,,,,,,,,,,,
BR,Floricane,Ground,Jilly,2018,18_10,6,32,18_10_6_32_2_OBS_12,,V,HB,1,8,,,,,H N 2,H N 1,H N 2,H N 1,H N 3,H N 1,H N 3,H N 1,,,,,,,,,,,
BR,Floricane,Ground,Jilly,2018,14_10,6,32,14_10_6_32_NA_HP_1,,SP,,1,,,,1.888,,,,,,,,,,,,,,,,,,,,
BR,Floricane,Ground,Jilly,2018,14_10,6,32,14_10_6_32_NA_HP_2,,SP,,1,,,,2.431,,,,,,,,,,,,,,,,,,,,1
BR,Floricane,Ground,Jilly,2018,14_10,6,32,14_10_6_32_NA_HP_3,,SP,,1,,,,,,,,,,,,,,,,,,,,,,,,
BR,Floricane,Ground,Jilly,2018,14_10,6,32,14_10_6_32_NA_HP_4,,SP,,1,,,,2.21,,,,,,,,,,,,,,,,,,,,
BR,Floricane,Ground,Jilly,2018,14_10,6,32,14_10_6_32_NA_HP_5,,SP,,1,,,,1.725,,,,,,,,,,,,,,,,,,,,1
BR,Floricane,Ground,Jilly,2018,13_10,6,32,13_10_6_32_NA_OP_1,,OP,,1,,,,2.491,,,,,,,,,,,,,,,,,,,,1
BR,Floricane,Ground,Jilly,2018,13_10,6,32,13_10_6_32_NA_OP_2,,OP,,1,,,,2.541,,,,,,,,,,,,,,,,,,,,
BR,Floricane,Ground,Jilly,2018,13_10,6,32,13_10_6_32_NA_OP_3,,OP,,1,,,,2.55,,,,,,,,,,,,,,,,,,,,
BR,Floricane,Ground,Jilly,2018,13_10,6,32,13_10_6_32_NA_OP_4,,OP,,1,,,,2.446,,,,,,,,,,,,,,,,,,,,1
BR,Floricane,Ground,Jilly,2018,13_10,6,32,13_10_6_32_NA_OP_5,,OP,,1,,,,2.729,,,,,,,,,,,,,,,,,,,,
BR,Floricane,Ground,Jilly,2018,13_10,6,32,13_10_6_32_NA_UP_1,,UP,,0,0,,,,,,,,,,,,,,,,,,,,,,,
BR,Floricane,Ground,Jilly,2018,13_10,6,32,13_10_6_32_NA_UP_2,,UP,,0,0,,,,,,,,,,,,,,,,,,,,,,,
BR,Floricane,Ground,Jilly,2018,13_10,6,32,13_10_6_32_NA_UP_3,,UP,,0,0,,,,,,,,,,,,,,,,,,,,,,,
BR,Floricane,Ground,Jilly,2018,13_10,6,32,13_10_6_32_NA_UP_4,,UP,,0,0,,,,,,,,,,,,,,,,,,,,,,,
BR,Floricane,Ground,Jilly,2018,13_10,6,32,13_10_6_32_NA_UP_5,,UP,,0,0,,,,,,,,,,,,,,,,,,,,,,,
BR,Floricane,Ground,Jilly,2018,13_10,6,34,13_10_6_34_1_OBS_1,,V,HB,0,1,,,,,H N 22,,,,,,,,,,,,,,,,,,
BR,Floricane,Ground,Jilly,2018,13_10,6,34,13_10_6_34_1_OBS_2,,V,HB,1,1,,,2.183,,H N 1,,,,,,,,,,,,,,,,,,1
BR,Floricane,Ground,Jilly,2018,13_10,6,34,13_10_6_34_1_OBS_3,,V,HB,1,1,,,2.504,,H N 22,,,,,,,,,,,,,,,,,,1
BR,Floricane,Ground,Jilly,2018,15_10,6,34,15_10_6_34_1_OBS_4,,V,HB,0,1,,,1.213,,H N 30,,,,,,,,,,,,,,,,,,1
BR,Floricane,Ground,Jilly,2018,13_10,6,34,13_10_6_34_1_OBS_5,,UP,,0,0,,,,,,,,,,,,,,,,,,,,,,,
BR,Floricane,Ground,Jilly,2018,13_10,6,34,13_10_6_34_2_OBS_1,,UP,,0,0,,,,,,,,,,,,,,,,,,,,,,,
BR,Floricane,Ground,Jilly,2018,13_10,6,34,13_10_6_34_2_OBS_2,,UP,,0,0,,,,,,,,,,,,,,,,,,,,,,,
BR,Floricane,Ground,Jilly,2018,13_10,6,34,13_10_6_34_2_OBS_3,,UP,,0,0,,,,,,,,,,,,,,,,,,,,,,,
BR,Floricane,Ground,Jilly,2018,15_10,6,34,15_10_6_34_2_OBS_4,,V,HB,1,1,,,2.799,,H N 28,,,,,,,,,,,,,,,,,,
BR,Floricane,Ground,Jilly,2018,13_10,6,34,13_10_6_34_2_OBS_5,,V,HB,1,1,,,2.435,,H N 18,,,,,,,,,,,,,,,,,,1
BR,Floricane,Ground,Jilly,2018,13_10,6,34,13_10_6_34_2_OBS_6,,V,HB,1,1,,,2.187,,H N 33,,,,,,,,,,,,,,,,,,
BR,Floricane,Ground,Jilly,2018,13_10,6,34,13_10_6_34_2_OBS_7,,V,HB,1,1,,,2.397,,H N 26,,,,,,,,,,,,,,,,,,1
BR,Floricane,Ground,Jilly,2018,13_10,6,34,13_10_6_34_2_OBS_8,,V,HB,1,1,,,2.208,,H N 33,,,,,,,,,,,,,,,,,,1
BR,Floricane,Ground,Jilly,2018,13_10,6,34,13_10_6_34_2_OBS_1,,V,HB,1,10,,,2.712,,H N 12,H N 4,H N 3,H N 4,H N 2,H N 11,H N 2,H N 1,H N 1,H N 3,,,,,,,,,
BR,Floricane,Ground,Jilly,2018,13_10,6,34,13_10_6_34_2_OBS_2,,V,HB,1,4,,,1.961,,H N 22,H N 9,H N 6,H N 1,,,,,,,,,,,,,,,
BR,Floricane,Ground,Jilly,2018,13_10,6,34,13_10_6_34_2_OBS_3,,V,HB,1,5,,,2.017,,H N 26,H N 7,H N 6,H N 4,H N 3,,,,,,,,,,,,,,
BR,Floricane,Ground,Jilly,2018,15_10,6,34,15_10_6_34_2_OBS_4,,V,HB,0,3,,,,,H N 18,H N 3,H N 5,,,,,,,,,,,,,,,,
BR,Floricane,Ground,Jilly,2018,13_10,6,34,13_10_6_34_2_OBS_5,,V,HB,1,3,,,2.354,,H N 8,H N 4,H N 2,,,,,,,,,,,,,,,,
BR,Floricane,Ground,Jilly,2018,13_10,6,34,13_10_6_34_2_OBS_6,,V,HB,0,2,,,,,H N 8,H N 2,,,,,,,,,,,,,,,,,
BR,Floricane,Ground,Jilly,2018,14_10,6,34,14_10_6_34_NA_HP*_1,,CP,,1,,,,2.3,,,,,,,,,,,,,,,,,,,,
BR,Floricane,Ground,Jilly,2018,14_10,6,34,14_10_6_34_NA_HP*_2,,CP,,1,,,,2.52,,,,,,,,,,,,,,,,,,,,1
BR,Floricane,Ground,Jilly,2018,14_10,6,34,14_10_6_34_NA_HP*_3,,CP,,1,,,,2.482,,,,,,,,,,,,,,,,,,,,1
BR,Floricane,Ground,Jilly,2018,14_10,6,34,14_10_6_34_NA_HP*_4,,CP,,1,,,,2.712,,,,,,,,,,,,,,,,,,,,1
BR,Floricane,Ground,Jilly,2018,14_10,6,34,14_10_6_34_NA_HP*_5,,CP,,1,,,,3.164,,,,,,,,,,,,,,,,,,,,1
BR,Floricane,Ground,Jilly,2018,13_10,6,34,13_10_6_34_NA_OP_1,,OP,,1,,,,,,,,,,,,,,,,,,,,,,,,
BR,Floricane,Ground,Jilly,2018,13_10,6,34,13_10_6_34_NA_OP_2,,OP,,1,,,,,,,,,,,,,,,,,,,,,,,,
BR,Floricane,Ground,Jilly,2018,13_10,6,34,13_10_6_34_NA_OP_3,,OP,,1,,,,,,,,,,,,,,,,,,,,,,,,
BR,Floricane,Ground,Jilly,2018,13_10,6,34,13_10_6_34_NA_OP_4,,OP,,1,,,,,,,,,,,,,,,,,,,,,,,,
BR,Floricane,Ground,Jilly,2018,13_10,6,34,13_10_6_34_NA_OP_5,,OP,,1,,,,,,,,,,,,,,,,,,,,,,,,
BR,Floricane,Ground,Jilly,2018,13_10,6,34,13_10_6_34_NA_CP_1,,UP,,0,0,,,,,,,,,,,,,,,,,,,,,,,
BR,Floricane,Ground,Jilly,2018,13_10,6,34,13_10_6_34_NA_CP_2,,UP,,0,0,,,,,,,,,,,,,,,,,,,,,,,
BR,Floricane,Ground,Jilly,2018,13_10,6,34,13_10_6_34_NA_CP_3,,UP,,0,0,,,,,,,,,,,,,,,,,,,,,,,
BR,Floricane,Ground,Jilly,2018,13_10,6,34,13_10_6_34_NA_CP_4,,UP,,0,0,,,,,,,,,,,,,,,,,,,,,,,
BR,Floricane,Ground,Jilly,2018,13_10,6,34,13_10_6_34_NA_CP_5,,UP,,0,0,,,,,,,,,,,,,,,,,,,,,,,
BR,Floricane,Ground,Jilly,2018,13_10,9,4,13_10_9_4_1_OBS_1,,V,HB,0,1,,,,,H N 9,,,,,,,,,,,,,,,,,,
BR,Floricane,Ground,Jilly,2018,13_10,9,4,13_10_9_4_1_OBS_2,,V,HB,1,2,,,,,H N 5,H N 13,,,,,,,,,,,,,,,,,
BR,Floricane,Ground,Jilly,2018,13_10,9,4,13_10_9_4_1_OBS_3,,V,HB,1,4,,,,,H N 24,H N 9,H N 23,H N 2,,,,,,,,,,,,,,,
BR,Floricane,Ground,Jilly,2018,13_10,9,4,13_10_9_4_1_OBS_4,,V,MX ,1,5,,,,,H N 28,H N 3,H N 6,H N 3,B N 2,,,,,,,,,,,,,,
BR,Floricane,Ground,Jilly,2018,13_10,9,4,13_10_9_4_1_OBS_5,,V,HB,1,2,,,,,H N 32,H N 3,,,,,,,,,,,,,,,,,
BR,Floricane,Ground,Jilly,2018,13_10,9,4,13_10_9_4_2_OBS_1,,UP,NA,0,0,,,,,,,,,,,,,,,,,,,,,,,
BR,Floricane,Ground,Jilly,2018,13_11,9,4,13_11_9_4_2_OBS_2,,V,HB,0,1,,,,,H,,,,,,,,,,,,,,,,,,
BR,Floricane,Ground,Jilly,2018,13_12,9,4,13_12_9_4_2_OBS_3,,V,HB,1,1,,,,,H  N 4,,,,,,,,,,,,,,,,,,
BR,Floricane,Ground,Jilly,2018,13_10,9,4,13_10_9_4_2_OBS_4,,V,HB,1,2,,,,,H N 12,H N 17,,,,,,,,,,,,,,,,,
BR,Floricane,Ground,Jilly,2018,13_10,9,4,13_10_9_4_2_OBS_5,,V,HB,1,1,,,,,H N 8,,,,,,,,,,,,,,,,,,
BR,Floricane,Ground,Jilly,2018,17_10,9,4,17_10_9_4_3_OBS_1,,V,HB,1,5,,,1.178,,H N 9,H N 8,H N 2,H N 1,H N 1,,,,,,,,,,,,,,1d
BR,Floricane,Ground,Jilly,2018,17_10,9,4,17_10_9_4_3_OBS_2,,V,HB,1,5,,,1.695,,H N 5,H N 1,H N 1,H N 1,H N 1,,,,,,,,,,,,,,1
BR,Floricane,Ground,Jilly,2018,17_10,9,4,17_10_9_4_3_OBS_3,,V,HB,1,4,,,1.518,,H N 2,H N 17,H N 1,H N 1,,,,,,,,,,,,,,,1
BR,Floricane,Ground,Jilly,2018,17_10,9,4,17_10_9_4_3_OBS_4,,V,HB,0,1,,,,,H,,,,,,,,,,,,,,,,,,
BR,Floricane,Ground,Jilly,2018,17_10,9,4,17_10_9_4_3_OBS_5,,V,HB,0,1,,,,,H N 22,,,,,,,,,,,,,,,,,,
BR,Floricane,Ground,Jilly,2018,17_10,9,4,17_10_9_4_3_OBS_6,,V,HB,0,3,,,,,H N 18,H N 1,H N 2,,,,,,,,,,,,,,,,
BR,Floricane,Ground,Jilly,2018,17_10,9,4,17_10_9_4_3_OBS_7,,V,HB,1,2,,,2.082,,H N 25,H N 1,,,,,,,,,,,,,,,,,
BR,Floricane,Ground,Jilly,2018,17_10,9,4,17_10_9_4_3_OBS_8,,V,HB,1,4,,,1.385,,H N 17,H N 23,H N 15,H N 2,,,,,,,,,,,,,,,1
BR,Floricane,Ground,Jilly,2018,17_10,9,4,17_10_9_4_3_OBS_9,,V,HB,1,5,,,1.233,,H N 3,H N 2,H N 2,H N 1,H N 1,,,,,,,,,,,,,,1
BR,Floricane,Ground,Jilly,2018,17_10,9,4,17_10_9_4_3_OBS_10,,V,HB,1,3,,,2.337,,H N 8,H N 7,H N 1,,,,,,,,,,,,,,,,1
BR,Floricane,Ground,Jilly,2018,17_10,9,4,17_10_9_4_3_OBS_11,,V,HB,1,2,,,2.759,,H N 20,H N 1,,,,,,,,,,,,,,,,,1
BR,Floricane,Ground,Jilly,2018,17_10,9,4,17_10_9_4_3_OBS_12,,V,HB,1,3,,,1.327,,H N 3,H N 2,H N 1,,,,,,,,,,,,,,,,1
BR,Floricane,Ground,Jilly,2018,17_10,9,4,17_10_9_4_3_OBS_13,,V,HB,1,4,,,1.712,,H N 19,H N 2,H N 1,H N 1,,,,,,,,,,,,,,,1
BR,Floricane,Ground,Jilly,2018,17_10,9,4,17_10_9_4_3_OBS_14,,V,HB,1,3,,,2.316,,H N 2,H N 1,H N 2,,,,,,,,,,,,,,,,1
BR,Floricane,Ground,Jilly,2018,17_10,9,4,17_10_9_4_3_OBS_15,,V,HB,1,1,,,1.924,,H N 9,,,,,,,,,,,,,,,,,,1
BR,Floricane,Ground,Jilly,2018,17_10,9,4,17_10_9_4_4_OBS_1,,V,HB,1,3,,,1.638,,H N 6,H N 5,H N 1,,,,,,,,,,,,,,,,1
BR,Floricane,Ground,Jilly,2018,17_10,9,4,17_10_9_4_4_OBS_2,,V,HB,1,2,,,0.996,,H N 1,H N 1,,,,,,,,,,,,,,,,,1
BR,Floricane,Ground,Jilly,2018,17_11,9,4,17_11_9_4_4_OBS_3,,UP,NA,0,0,,,,,,,,,,,,,,,,,,,,,,,
BR,Floricane,Ground,Jilly,2018,17_10,9,4,17_10_9_4_4_OBS_4,,V,HB,0,5,,,,,H N 6,H N 9,H N 1,H N 1,H N 1,,,,,,,,,,,,,,
BR,Floricane,Ground,Jilly,2018,17_10,9,4,17_10_9_4_4_OBS_5,,V,HB,1,4,,,1.164,,H N 15,H N 3,H N 2,H N 1,,,,,,,,,,,,,,,1
BR,Floricane,Ground,Jilly,2018,17_10,9,4,17_10_9_4_4_OBS_6,,V,HB,0,4,,,,,H N 9,H N 3,H N 1,H N 1,,,,,,,,,,,,,,,
BR,Floricane,Ground,Jilly,2018,17_10,9,4,17_10_9_4_4_OBS_7,,V,HB,0,4,,,,,H N 6,H N 1,H N 1,H N 1,,,,,,,,,,,,,,,
BR,Floricane,Ground,Jilly,2018,17_10,9,4,17_10_9_4_4_OBS_8,,V,HB,1,3,,,1.261,,H N 2,H N 1,H N 1,,,,,,,,,,,,,,,,1
BR,Floricane,Ground,Jilly,2018,17_10,9,4,17_10_9_4_4_OBS_9,,V,HB,0,3,,,,,H N 11,H N 2,H N 8,,,,,,,,,,,,,,,,
BR,Floricane,Ground,Jilly,2018,15_10,9,4,15_10_9_4_NA_HP_1,,SP,,0,,,,,,,,,,,,,,,,,,,,,,,,
BR,Floricane,Ground,Jilly,2018,15_10,9,4,15_10_9_4_NA_HP_2,,SP,,1,,,,2.052,,,,,,,,,,,,,,,,,,,,1
BR,Floricane,Ground,Jilly,2018,15_10,9,4,15_10_9_4_NA_HP_3,,SP,,1,,,,1.7,,,,,,,,,,,,,,,,,,,,
BR,Floricane,Ground,Jilly,2018,15_10,9,4,15_10_9_4_NA_HP_4,,SP,,1,,,,0.887,,,,,,,,,,,,,,,,,,,,1
BR,Floricane,Ground,Jilly,2018,15_10,9,4,15_10_9_4_NA_HP_5,,SP,,1,,,,1.17,,,,,,,,,,,,,,,,,,,,1
BR,Floricane,Ground,Jilly,2018,13_10,9,4,13_10_9_4_NA_OP_1,,OP,,1,,,,,,,,,,,,,,,,,,,,,,,,
BR,Floricane,Ground,Jilly,2018,13_10,9,4,13_10_9_4_NA_OP_2,,OP,,1,,,,,,,,,,,,,,,,,,,,,,,,
BR,Floricane,Ground,Jilly,2018,13_10,9,4,13_10_9_4_NA_OP_3,,OP,,1,,,,,,,,,,,,,,,,,,,,,,,,
BR,Floricane,Ground,Jilly,2018,13_10,9,4,13_10_9_4_NA_OP_4,,OP,,1,,,,,,,,,,,,,,,,,,,,,,,,
BR,Floricane,Ground,Jilly,2018,13_10,9,4,13_10_9_4_NA_OP_5,,OP,,1,,,,,,,,,,,,,,,,,,,,,,,,
BR,Floricane,Ground,Jilly,2018,13_10,9,4,13_10_9_4_NA_CP_1,,UP,,0,0,,,,,,,,,,,,,,,,,,,,,,,
BR,Floricane,Ground,Jilly,2018,13_10,9,4,13_10_9_4_NA_CP_2,,UP,,0,0,,,,,,,,,,,,,,,,,,,,,,,
BR,Floricane,Ground,Jilly,2018,13_10,9,4,13_10_9_4_NA_CP_3,,UP,,0,0,,,,,,,,,,,,,,,,,,,,,,,
BR,Floricane,Ground,Jilly,2018,13_10,9,4,13_10_9_4_NA_CP_4,,UP,,0,0,,,,,,,,,,,,,,,,,,,,,,,
BR,Floricane,Ground,Jilly,2018,13_10,9,4,13_10_9_4_NA_CP_5,,UP,,0,0,,,,,,,,,,,,,,,,,,,,,,,
BR,Floricane,Ground,Jilly,2018,16_10,9,10,16_10_9_10_2_OBS_1,,V,MX,0,5,,,,,H N 18,H N 26,H N 1,B N 1,B N 1,,,,,,,,,,,,,,
BR,Floricane,Ground,Jilly,2018,16_10,9,10,16_10_9_10_2_OBS_2,,V,MX,1,5,,,,,H N 19,H N 2,H N 1,H N 14,B N 1,,,,,,,,,,,,,,
BR,Floricane,Ground,Jilly,2018,16_10,9,10,16_10_9_10_2_OBS_3,,V,MX,0,2,,,,,H N 29,B N 1,,,,,,,,,,,,,,,,,
BR,Floricane,Ground,Jilly,2018,16_10,9,10,16_10_9_10_2_OBS_4,,V,BB,1,1,,,,,B N 1,,,,,,,,,,,,,,,,,,
BR,Floricane,Ground,Jilly,2018,16_10,9,10,16_10_9_10_2_OBS_5,,V,MX,1,3,,,,,B N 2,H N 27,B N 1,,,,,,,,,,,,,,,,
BR,Floricane,Ground,Jilly,2018,16_10,9,10,16_10_9_10_2_OBS_6,,V,MX,1,5,,,,,H N 23,H N 1,H N 1,B N 1,H N 1,,,,,,,,,,,,,,
BR,Floricane,Ground,Jilly,2018,16_10,9,10,16_10_9_10_2_OBS_7,,V,MX,1,4,,,,,H N 14,B N 2,H N 3,H N 1,,,,,,,,,,,,,,,
BR,Floricane,Ground,Jilly,2018,16_10,9,10,16_10_9_10_2_OBS_8,,V,MX,1,4,,,0.767,,H N 20,B N 1,H N 2,H N 1,,,,,,,,,,,,,,,1d
BR,Floricane,Ground,Jilly,2018,16_10,9,10,16_10_9_10_2_OBS_9,,V,MX,1,6,,,,,H N 13,H N 8,H N 1,B N 1,H N 2,H N 1,,,,,,,,,,,,,1dd
BR,Floricane,Ground,Jilly,2018,16_10,9,10,16_10_9_10_3_OBS_1,,V,MX,0,3,,,,,B N 3,H N 2,H N 1,,,,,,,,,,,,,,,,
BR,Floricane,Ground,Jilly,2018,16_10,9,10,16_10_9_10_3_OBS_2,,V,BB,1,1,,,1.462,,B N 3,,,,,,,,,,,,,,,,,,1
BR,Floricane,Ground,Jilly,2018,16_10,9,10,16_10_9_10_3_OBS_3,,V,BB,0,3,,,,,B N 3,,,,,,,,,,,,,,,,,,
BR,Floricane,Ground,Jilly,2018,16_10,9,10,16_10_9_10_3_OBS_4,,V,MX,1,3,,,1.006,,B N 3,H N 2,H N 1,,,,,,,,,,,,,,,,1
BR,Floricane,Ground,Jilly,2018,16_10,9,10,16_10_9_10_3_OBS_5,,V,MX,1,3,,,1.003,,B N 4,H N 3,H N 1,,,,,,,,,,,,,,,,1
BR,Floricane,Ground,Jilly,2018,16_10,9,10,16_10_9_10_3_OBS_6,,V,MX,1,3,,,1.644,,B N 5,H N 4,H N 1,,,,,,,,,,,,,,,,1
BR,Floricane,Ground,Jilly,2018,16_10,9,10,16_10_9_10_3_OBS_7,,V,BB,0,1,,,,,B N 8,,,,,,,,,,,,,,,,,,
BR,Floricane,Ground,Jilly,2018,16_10,9,10,16_10_9_10_3_OBS_8,,V,MX,0,2,,,,,B N 5,H N 1,,,,,,,,,,,,,,,,,
BR,Floricane,Ground,Jilly,2018,16_10,9,10,16_10_9_10_3_OBS_9,,V,MX,0,2,,,,,B N 6,H N 1,,,,,,,,,,,,,,,,,
BR,Floricane,Ground,Jilly,2018,16_10,9,10,16_10_9_10_3_OBS_10,,V,MX,0,2,,,,,B N 6,H N 5,,,,,,,,,,,,,,,,,
BR,Floricane,Ground,Jilly,2018,16_10,9,10,16_10_9_10_3_OBS_11,,V,MX,0,4,,,,,B N 5,H N 1,H N 1,B N 1,,,,,,,,,,,,,,,
BR,Floricane,Ground,Jilly,2018,16_10,9,10,16_10_9_10_3_OBS_12,,V,MX,0,3,,,,,B P 4,H N 7,H N 1,,,,,,,,,,,,,,,,
BR,Floricane,Ground,Jilly,2018,16_10,9,10,16_10_9_10_3_OBS_13,,V,MX,0,2,,,,,B P 4,H N 3,,,,,,,,,,,,,,,,,
BR,Floricane,Ground,Jilly,2018,16_10,9,10,16_10_9_10_3_OBS_14,,V,MX,1,3,,,1.27,,B N 5,H N 1,H N 1,,,,,,,,,,,,,,,,1
BR,Floricane,Ground,Jilly,2018,16_10,9,10,16_10_9_10_3_OBS_15,,V,MX,0,3,,,,,B N 5,H N 1,H N 1,,,,,,,,,,,,,,,,
BR,Floricane,Ground,Jilly,2018,14_10,9,10,14_10_9_10_NA_OBS_1,,V,MX,1,2,,,1.987,,B N 3,H N 13,,,,,,,,,,,,,,,,,1
BR,Floricane,Ground,Jilly,2018,14_10,9,10,14_10_9_10_NA_OBS_2,,V,MX,1,2,,,1.566,,B N 4,H N 4,,,,,,,,,,,,,,,,,1
BR,Floricane,Ground,Jilly,2018,14_10,9,10,14_10_9_10_NA_OBS_3,,V,MX,1,4,,,2.153,,B N 4,B N 2,H N 9,H N 4,,,,,,,,,,,,,,,1
BR,Floricane,Ground,Jilly,2018,14_10,9,10,14_10_9_10_NA_OBS_4,,V,BB,1,3,,,1.787,,B N 6,B N 2,B N 1,,,,,,,,,,,,,,,,1
BR,Floricane,Ground,Jilly,2018,14_10,9,10,14_10_9_10_NA_OBS_5,,V,BB,1,2,,,1.988,,B N 7,B N 2,,,,,,,,,,,,,,,,,1
BR,Floricane,Ground,Jilly,2018,14_10,9,10,14_10_9_10_NA_OBS_6,,V,BB,0,2,,,,,B N 5,B N 2,,,,,,,,,,,,,,,,,
BR,Floricane,Ground,Jilly,2018,14_10,9,10,14_10_9_10_NA_OBS_7,,V,BB,1,4,,,1.209,,B N 7,,,,,,,,,,,,,,,,,,
BR,Floricane,Ground,Jilly,2018,14_10,9,10,14_10_9_10_NA_OBS_8,,V,MX,1,2,,,1.585,,B N 2,H N 13,,,,,,,,,,,,,,,,,1
BR,Floricane,Ground,Jilly,2018,14_10,9,10,14_10_9_10_NA_OBS_9,,V,MX,1,2,,,1.831,,B N 4,H N 1,,,,,,,,,,,,,,,,,1
BR,Floricane,Ground,Jilly,2018,14_10,9,10,14_10_9_10_NA_OBS_10,,V,BB,1,2,,,2.001,,B N 4,B N 2,,,,,,,,,,,,,,,,,1
BR,Floricane,Ground,Jilly,2018,14_10,9,10,14_10_9_10_NA_OBS_11,,V,BB,1,2,,,1.61,,B N 5,B N 3,,,,,,,,,,,,,,,,,1
BR,Floricane,Ground,Jilly,2018,14_10,9,10,14_10_9_10_NA_OBS_12,,V,BB,1,2,,,1.853,,B N 3,B N 1,,,,,,,,,,,,,,,,,1
BR,Floricane,Ground,Jilly,2018,14_10,9,10,14_10_9_10_NA_OBS_13,,V,BB,1,1,,,1.714,,B N 3,,,,,,,,,,,,,,,,,,1
BR,Floricane,Ground,Jilly,2018,15_10,9,10,15_10_9_10_NA_HP_1,,SP,,1,,,,1.649,,,,,,,,,,,,,,,,,,,,1
BR,Floricane,Ground,Jilly,2018,15_10,9,10,15_10_9_10_NA_HP_2,,SP,,1,,,,1.702,,,,,,,,,,,,,,,,,,,,1
BR,Floricane,Ground,Jilly,2018,15_10,9,10,15_10_9_10_NA_HP_3,,SP,,1,,,,1.653,,,,,,,,,,,,,,,,,,,,1
BR,Floricane,Ground,Jilly,2018,15_10,9,10,15_10_9_10_NA_HP_4,,SP,,1,,,,,,,,,,,,,,,,,,,,,,,,
BR,Floricane,Ground,Jilly,2018,15_10,9,10,15_10_9_10_NA_HP_5,,SP,,1,,,,,,,,,,,,,,,,,,,,,,,,
BR,Floricane,Ground,Jilly,2018,13_10,9,10,13_10_9_10_NA_OP_1,,OP,,1,,,,,,,,,,,,,,,,,,,,,,,,
BR,Floricane,Ground,Jilly,2018,13_10,9,10,13_10_9_10_NA_OP_2,,OP,,1,,,,0.968,,,,,,,,,,,,,,,,,,,,1
BR,Floricane,Ground,Jilly,2018,13_10,9,10,13_10_9_10_NA_OP_3,,OP,,1,,,,2.876,,,,,,,,,,,,,,,,,,,,
BR,Floricane,Ground,Jilly,2018,13_10,9,10,13_10_9_10_NA_OP_4,,OP,,1,,,,0.946,,,,,,,,,,,,,,,,,,,,1
BR,Floricane,Ground,Jilly,2018,13_10,9,10,13_10_9_10_NA_OP_5,,OP,,1,,,,1.761,,,,,,,,,,,,,,,,,,,,1
BR,Floricane,Ground,Jilly,2018,13_10,9,10,13_10_9_10_NA_CP_1,,UP,,0,0,,,,,,,,,,,,,,,,,,,,,,,
BR,Floricane,Ground,Jilly,2018,13_10,9,10,13_10_9_10_NA_CP_2,,UP,,0,0,,,,,,,,,,,,,,,,,,,,,,,
BR,Floricane,Ground,Jilly,2018,13_10,9,10,13_10_9_10_NA_CP_3,,UP,,0,0,,,,,,,,,,,,,,,,,,,,,,,
BR,Floricane,Ground,Jilly,2018,13_10,9,10,13_10_9_10_NA_CP_4,,UP,,0,0,,,,,,,,,,,,,,,,,,,,,,,
BR,Floricane,Ground,Jilly,2018,13_10,9,10,13_10_9_10_NA_CP_5,,UP,,0,0,,,,,,,,,,,,,,,,,,,,,,,
BR,Floricane,Ground,Jilly,2018,12_10,9,11,12_10_9_11_NA_OBS_1,,V,BB,1,1,,,1.368,,B N 3,,,,,,,,,,,,,,,,,,1d
BR,Floricane,Ground,Jilly,2018,12_10,9,11,12_10_9_11_NA_OBS_2,,V,HB ,1,1,,,,,H N 32,,,,,,,,,,,,,,,,,,
BR,Floricane,Ground,Jilly,2018,12_10,9,11,12_10_9_11_NA_OBS_3,,V,MX,1,3,,,1.156,,B N 7,H N 11,B N 6,,,,,,,,,,,,,,,,1
BR,Floricane,Ground,Jilly,2018,12_10,9,11,12_10_9_11_NA_OBS_4,,V,MX,1,4,,,1.953,,B N 6,H N 5,H N 10,H N 2,,,,,,,,,,,,,,,1
BR,Floricane,Ground,Jilly,2018,12_10,9,11,12_10_9_11_NA_OBS_5,,V,MX,1,3,,,,,B N 7,H N 13,H N 3,,,,,,,,,,,,,,,,
BR,Floricane,Ground,Jilly,2018,12_10,9,11,12_10_9_11_NA_OBS_6,,V,HB,1,2,,,1.795,,H N 9,H N 6,,,,,,,,,,,,,,,,,1
BR,Floricane,Ground,Jilly,2018,12_10,9,11,12_10_9_11_NA_OBS_7,,V,BB,1,2,,,,,B N 11,B N 6,,,,,,,,,,,,,,,,,1dd
BR,Floricane,Ground,Jilly,2018,12_10,9,11,12_10_9_11_NA_OBS_8,,V,MX,0,3,,,,,B N 9,B N 6,H N 12,,,,,,,,,,,,,,,,
BR,Floricane,Ground,Jilly,2018,12_10,9,11,12_10_9_11_2_OBS_1,,V,MX,1,3,,,1.892,,B N 5,H N 4,H N 11,,,,,,,,,,,,,,,,1d
BR,Floricane,Ground,Jilly,2018,12_11,9,11,12_11_9_11_2_OBS_2,,V,MX,1,6,,,0.797,,B N 1,H N 8,H N 10,B N 1,H N 1,H N 1,,,,,,,,,,,,,1d
BR,Floricane,Ground,Jilly,2018,12_12,9,11,12_12_9_11_2_OBS_3,,V,MX,1,4,,,2.57,,B N 5,H N 4,B N 2,H N 1,,,,,,,,,,,,,,,1
BR,Floricane,Ground,Jilly,2018,12_13,9,11,12_13_9_11_2_OBS_4,,V,MX,1,5,,,2.328,,B N 5,B N 4,H N 1,H N 1,H N 9,,,,,,,,,,,,,,1
BR,Floricane,Ground,Jilly,2018,12_14,9,11,12_14_9_11_2_OBS_5,,V,MX,1,3,,,1.383,,B N 3,H N 18,H N 9,,,,,,,,,,,,,,,,1d
BR,Floricane,Ground,Jilly,2018,12_15,9,11,12_15_9_11_2_OBS_6,,V,MX,1,3,,,,,B N 4,H N 7,H N 6,,,,,,,,,,,,,,,,1dd
BR,Floricane,Ground,Jilly,2018,12_16,9,11,12_16_9_11_2_OBS_7,,V,MX,1,4,,,,,B N 4,H N 3,H N 1,H N 8,,,,,,,,,,,,,,,1dd
BR,Floricane,Ground,Jilly,2018,12_17,9,11,12_17_9_11_2_OBS_8,,V,MX,1,6,,,,,H N 19,B N 1,B N 1,H N 3,H N 2,H N 5,,,,,,,,,,,,,1dd
BR,Floricane,Ground,Jilly,2018,12_18,9,11,12_18_9_11_2_OBS_9,,V,MX,1,2,,,,,H N 5,B N 2,,,,,,,,,,,,,,,,,1dd
BR,Floricane,Ground,Jilly,2018,12_19,9,11,12_19_9_11_2_OBS_10,,V,BB,1,1,,,2.761,,B N 2,,,,,,,,,,,,,,,,,,1
BR,Floricane,Ground,Jilly,2018,12_20,9,11,12_20_9_11_2_OBS_11,,V,BB,0,1,,,,,B N 4,,,,,,,,,,,,,,,,,,
BR,Floricane,Ground,Jilly,2018,12_21,9,11,12_21_9_11_2_OBS_12,,V,MX,1,2,,,2.095,,B N 7,H N 6,,,,,,,,,,,,,,,,,1
BR,Floricane,Ground,Jilly,2018,12_22,9,11,12_22_9_11_2_OBS_13,,V,MX,1,2,,,1.232,,B N 2,H N 5,,,,,,,,,,,,,,,,,1d
BR,Floricane,Ground,Jilly,2018,12_23,9,11,12_23_9_11_2_OBS_14,,V,MX,1,3,,,2.525,,H N 12,B N 2,H N 3,,,,,,,,,,,,,,,,1
BR,Floricane,Ground,Jilly,2018,12_24,9,11,12_24_9_11_2_OBS_15,,V,MX,1,3,,,2.167,,H N 17,B N 2,H N 5,,,,,,,,,,,,,,,,1
BR,Floricane,Ground,Jilly,2018,15_10,9,11,15_10_9_11_NA_HP_1,,SP,,1,,,,1.867,,,,,,,,,,,,,,,,,,,,1
BR,Floricane,Ground,Jilly,2018,15_10,9,11,15_10_9_11_NA_HP_2,,SP,,1,,,,,,,,,,,,,,,,,,,,,,,,
BR,Floricane,Ground,Jilly,2018,15_10,9,11,15_10_9_11_NA_HP_3,,SP,,1,,,,,,,,,,,,,,,,,,,,,,,,
BR,Floricane,Ground,Jilly,2018,15_10,9,11,15_10_9_11_NA_HP_4,,SP,,1,,,,,,,,,,,,,,,,,,,,,,,,
BR,Floricane,Ground,Jilly,2018,15_10,9,11,15_10_9_11_NA_HP_5,,SP,,1,,,,,,,,,,,,,,,,,,,,,,,,
BR,Floricane,Ground,Jilly,2018,13_10,9,11,13_10_9_11_NA_OP_1,,OP,,1,,,,1.73,,,,,,,,,,,,,,,,,,,,1
BR,Floricane,Ground,Jilly,2018,13_10,9,11,13_10_9_11_NA_OP_2,,OP,,1,,,,1.634,,,,,,,,,,,,,,,,,,,,
BR,Floricane,Ground,Jilly,2018,13_10,9,11,13_10_9_11_NA_OP_3,,OP,,1,,,,2.146,,,,,,,,,,,,,,,,,,,,1
BR,Floricane,Ground,Jilly,2018,13_10,9,11,13_10_9_11_NA_OP_4,,OP,,1,,,,,,,,,,,,,,,,,,,,,,,,
BR,Floricane,Ground,Jilly,2018,13_10,9,11,13_10_9_11_NA_OP_5,,OP,,1,,,,,,,,,,,,,,,,,,,,,,,,
BR,Floricane,Ground,Jilly,2018,13_10,9,11,13_10_9_11_NA_CP_1,,UP,,0,0,,,,,,,,,,,,,,,,,,,,,,,
BR,Floricane,Ground,Jilly,2018,13_10,9,11,13_10_9_11_NA_CP_2,,UP,,0,0,,,,,,,,,,,,,,,,,,,,,,,
BR,Floricane,Ground,Jilly,2018,13_10,9,11,13_10_9_11_NA_CP_3,,UP,,0,0,,,,,,,,,,,,,,,,,,,,,,,
BR,Floricane,Ground,Jilly,2018,13_10,9,11,13_10_9_11_NA_CP_4,,UP,,0,0,,,,,,,,,,,,,,,,,,,,,,,
BR,Floricane,Ground,Jilly,2018,13_10,9,11,13_10_9_11_NA_CP_5,,UP,,0,0,,,,,,,,,,,,,,,,,,,,,,,
BR,Floricane,Ground,Jilly,2018,12_10,9,17,12_10_9_17_1_OBS_1,,V,MX,1,4,,,,,B N 6,H N 2,H N 8,H N 12,,,,,,,,,,,,,,,
BR,Floricane,Ground,Jilly,2018,12_10,9,17,12_10_9_17_1_OBS_2,,V,HB,1,4,,,1.549,,H N 9,H N 2,H N 6,H N 4,,,,,,,,,,,,,,,1
BR,Floricane,Ground,Jilly,2018,12_10,9,17,12_10_9_17_1_OBS_3,,V,HB,1,2,,,1.835,,H N 17,H N 5,,,,,,,,,,,,,,,,,1
BR,Floricane,Ground,Jilly,2018,12_10,9,17,12_10_9_17_1_OBS_4,,V,HB,1,3,,,2.369,,H N 6,H N 3,H N 6,,,,,,,,,,,,,,,,1
BR,Floricane,Ground,Jilly,2018,12_10,9,17,12_10_9_17_1_OBS_5,,V,HB,1,5,,,1.838,,H N 13,H N 5,H N 12,H N 9,H N 8,,,,,,,,,,,,,,1
BR,Floricane,Ground,Jilly,2018,12_10,9,17,12_10_9_17_2_OBS_1,,V,HB,1,5,,,2.487,,H N 9,H N 7,H N 12,H N 6,H N 8,,,,,,,,,,,,,,1
BR,Floricane,Ground,Jilly,2018,12_10,9,17,12_10_9_17_2_OBS_2,,V,HB,1,2,,,2.808,,H N 24,H N 9,,,,,,,,,,,,,,,,,1
BR,Floricane,Ground,Jilly,2018,12_10,9,17,12_10_9_17_2_OBS_3,,V,HB,1,4,,,2.186,,H N 18,H N 11,H N 5,H N 7,,,,,,,,,,,,,,,1
BR,Floricane,Ground,Jilly,2018,12_10,9,17,12_10_9_17_2_OBS_4,,V,HB,1,4,,,2.509,,H N 27,H N 5,H N 9,H N 6,,,,,,,,,,,,,,,1
BR,Floricane,Ground,Jilly,2018,12_10,9,17,12_10_9_17_2_OBS_5,,V,HB,1,2,,,2.583,,H N 9,H N 4,,,,,,,,,,,,,,,,,1
BR,Floricane,Ground,Jilly,2018,12_10,9,17,12_10_9_17_2_OBS_6,,V,HB,1,2,,,2.696,,H N 27,H N 3,,,,,,,,,,,,,,,,,1
BR,Floricane,Ground,Jilly,2018,12_10,9,17,12_10_9_17_2_OBS_7,,V,HB,1,4,,,2.498,,H N 18,H N 4,H N 8,H N 3,,,,,,,,,,,,,,,1
BR,Floricane,Ground,Jilly,2018,12_11,9,17,12_11_9_17_2_OBS_8,,UP,NA,1,0,,,,,,,,,,,,,,,,,,,,,,,
BR,Floricane,Ground,Jilly,2018,15_10,9,17,15_10_9_17_NA_HP_1,,SP,,0,,,,,,,,,,,,,,,,,,,,,,,,
BR,Floricane,Ground,Jilly,2018,15_10,9,17,15_10_9_17_NA_HP_2,,SP,,0,,,,,,,,,,,,,,,,,,,,,,,,
BR,Floricane,Ground,Jilly,2018,15_10,9,17,15_10_9_17_NA_HP_3,,SP,,1,,,,1.49,,,,,,,,,,,,,,,,,,,,1
BR,Floricane,Ground,Jilly,2018,15_10,9,17,15_10_9_17_NA_HP_4,,SP,,1,,,,0.922,,,,,,,,,,,,,,,,,,,,1
BR,Floricane,Ground,Jilly,2018,15_10,9,17,15_10_9_17_NA_HP_5,,SP,,1,,,,1.468,,,,,,,,,,,,,,,,,,,,1
BR,Floricane,Ground,Jilly,2018,13_10,9,17,13_10_9_17_NA_OP_1,,OP,,1,,,,,,,,,,,,,,,,,,,,,,,,
BR,Floricane,Ground,Jilly,2018,13_10,9,17,13_10_9_17_NA_OP_2,,OP,,1,,,,,,,,,,,,,,,,,,,,,,,,
BR,Floricane,Ground,Jilly,2018,13_10,9,17,13_10_9_17_NA_OP_3,,OP,,1,,,,,,,,,,,,,,,,,,,,,,,,
BR,Floricane,Ground,Jilly,2018,13_10,9,17,13_10_9_17_NA_OP_4,,OP,,1,,,,,,,,,,,,,,,,,,,,,,,,
BR,Floricane,Ground,Jilly,2018,13_10,9,17,13_10_9_17_NA_OP_5,,OP,,1,,,,,,,,,,,,,,,,,,,,,,,,
BR,Floricane,Ground,Jilly,2018,13_10,9,17,13_10_9_17_NA_CP_1,,UP,,0,0,,,,,,,,,,,,,,,,,,,,,,,
BR,Floricane,Ground,Jilly,2018,13_10,9,17,13_10_9_17_NA_CP_2,,UP,,0,0,,,,,,,,,,,,,,,,,,,,,,,
BR,Floricane,Ground,Jilly,2018,13_10,9,17,13_10_9_17_NA_CP_3,,UP,,0,0,,,,,,,,,,,,,,,,,,,,,,,
BR,Floricane,Ground,Jilly,2018,13_10,9,17,13_10_9_17_NA_CP_4,,UP,,0,0,,,,,,,,,,,,,,,,,,,,,,,
BR,Floricane,Ground,Jilly,2018,13_10,9,17,13_10_9_17_NA_CP_5,,UP,,0,0,,,,,,,,,,,,,,,,,,,,,,,
BR,Floricane,Ground,Jilly,2018,14_10,9,26,14_10_9_26_2_OBS_1,,V,HB,1,2,,,2.433,,H N 8,H N 3,,,,,,,,,,,,,,,,,1
BR,Floricane,Ground,Jilly,2018,14_10,9,26,14_10_9_26_2_OBS_2,,V,HB,1,2,,,1.773,,H N 8,H N 3,,,,,,,,,,,,,,,,,1
BR,Floricane,Ground,Jilly,2018,18_10,9,26,18_10_9_26_2_OBS_3,,V,HB,1,4,,,2.04,,H N 15,H N 8,H N 3,H N 1,,,,,,,,,,,,,,,1
BR,Floricane,Ground,Jilly,2018,14_10,9,26,14_10_9_26_2_OBS_4,,V,HB,1,4,,,1.956,,H N 10,H N 18,H N 3,H N 1,,,,,,,,,,,,,,,1
BR,Floricane,Ground,Jilly,2018,18_10,9,26,18_10_9_26_2_OBS_5,,V,HB,1,1,,,2.154,,H N 3,,,,,,,,,,,,,,,,,,1
BR,Floricane,Ground,Jilly,2018,14_10,9,26,14_10_9_26_2_OBS_6,,V,HB,1,1,,,2.358,,H N 18,,,,,,,,,,,,,,,,,,1
BR,Floricane,Ground,Jilly,2018,18_10,9,26,18_10_9_26_2_OBS_7,,V,HB,1,2,,,1.394,,H N 1,H N 2,,,,,,,,,,,,,,,,,1
BR,Floricane,Ground,Jilly,2018,14_10,9,26,14_10_9_26_2_OBS_8,,UP,NA,1,0,,,2.05,,,,,,,,,,,,,,,,,,,,1
BR,Floricane,Ground,Jilly,2018,18_10,9,26,18_10_9_26_2_OBS_9,,V,HB,1,2,,,1.151,,H N 2,H N 3,,,,,,,,,,,,,,,,,1
BR,Floricane,Ground,Jilly,2018,14_10,9,26,14_10_9_26_2_OBS_1,,V,MX,0,5,,,,,H N 3,H N 2,H N 1,H N 1,B N 1,,,,,,,,,,,,,,
BR,Floricane,Ground,Jilly,2018,18_10,9,26,18_10_9_26_2_OBS_2,,V,MX ,1,4,,,1.098,,H N 17,H N 10,H N 1,B N 1,,,,,,,,,,,,,,,1
BR,Floricane,Ground,Jilly,2018,14_10,9,26,14_10_9_26_2_OBS_3,,V,MX,1,4,,,,,H N 5,H N 1,H N 1,B N 1,,,,,,,,,,,,,,,
BR,Floricane,Ground,Jilly,2018,14_10,9,26,14_10_9_26_2_OBS_4,,V,MX,1,5,,,1.065,,H N 33,H N 11,H N 1,B N 1,B N 1,,,,,,,,,,,,,,1
BR,Floricane,Ground,Jilly,2018,18_10,9,26,18_10_9_26_2_OBS_5,,V,MX,1,4,,,1.505,,H N 8,H N 3,H N 1,B N 1,,,,,,,,,,,,,,,1d
BR,Floricane,Ground,Jilly,2018,14_10,9,26,14_10_9_26_2_OBS_6,,UP,NA,1,0,,,,,,,,,,,,,,,,,,,,,,,
BR,Floricane,Ground,Jilly,2018,18_10,9,26,18_10_9_26_2_OBS_7,,V,MX,0,3,,,,,H N 9,H N 2,B N 1,,,,,,,,,,,,,,,,
BR,Floricane,Ground,Jilly,2018,18_10,9,26,18_10_9_26_2_OBS_8,,V,MX,0,4,,,,,H N 2,H N 7,B N 1,B N 1,,,,,,,,,,,,,,,
BR,Floricane,Ground,Jilly,2018,14_10,9,26,14_10_9_26_2_OBS_9,,V,NX,1,4,,,,,H N 15,H N 1,B N 1,B N 1,,,,,,,,,,,,,,,
BR,Floricane,Ground,Jilly,2018,18_10,9,26,18_10_9_26_2_OBS_10,,V,BB,1,1,,,2.29,,B N 1,,,,,,,,,,,,,,,,,,3
BR,Floricane,Ground,Jilly,2018,18_10,9,26,18_10_9_26_2_OBS_11,,V,MX,1,2,,,,,H N 7,B N 1,,,,,,,,,,,,,,,,,
BR,Floricane,Ground,Jilly,2018,18_10,9,26,18_10_9_26_2_OBS_12,,V,BB,1,1,,,,,B N 1,,,,,,,,,,,,,,,,,,
BR,Floricane,Ground,Jilly,2018,18_10,9,26,18_10_9_26_2_OBS_13,,V,MX,1,3,,,,,H N 2,H N 13,B N 1,,,,,,,,,,,,,,,,
BR,Floricane,Ground,Jilly,2018,18_10,9,26,18_10_9_26_2_OBS_14,,V,MX,1,2,,,,,H N 1,B N 1,,,,,,,,,,,,,,,,,
BR,Floricane,Ground,Jilly,2018,18_10,9,26,18_10_9_26_2_OBS_15,,V,MX,1,3,,,,,H N 3,H N 5,B N 1,,,,,,,,,,,,,,,,
BR,Floricane,Ground,Jilly,2018,18_10,9,26,18_10_9_26_2_OBS_16,,V,MX,0,3,,,,,H N 15,B N 1,B N 1,,,,,,,,,,,,,,,,
BR,Floricane,Ground,Jilly,2018,18_10,9,26,18_10_9_26_2_OBS_17,,V,BB,0,1,,,,,B N 1,,,,,,,,,,,,,,,,,,
BR,Floricane,Ground,Jilly,2018,18_10,9,26,18_10_9_26_2_OBS_18,,V,BB,1,1,,,,,B N 1,,,,,,,,,,,,,,,,,,
BR,Floricane,Ground,Jilly,2018,18_10,9,26,18_10_9_26_2_OBS_19,,V,MX,0,2,,,,,H N 16,B N 1,,,,,,,,,,,,,,,,,
BR,Floricane,Ground,Jilly,2018,18_11,9,26,18_11_9_26_2_OBS_20,,UP,NA,1,0,,,,,,,,,,,,,,,,,,,,,,,
BR,Floricane,Ground,Jilly,2018,18_10,9,26,18_10_9_26_2_OBS_21,,V,MX,1,2,,,2.173,,H N 8,B N 1,,,,,,,,,,,,,,,,,1
BR,Floricane,Ground,Jilly,2018,15_10,9,26,15_10_9_26_NA_HP_1,,SP,,1,,,,,,,,,,,,,,,,,,,,,,,,
BR,Floricane,Ground,Jilly,2018,15_10,9,26,15_10_9_26_NA_HP_2,,SP,,1,,,,,,,,,,,,,,,,,,,,,,,,
BR,Floricane,Ground,Jilly,2018,15_10,9,26,15_10_9_26_NA_HP_3,,SP,,1,,,,,,,,,,,,,,,,,,,,,,,,
BR,Floricane,Ground,Jilly,2018,15_10,9,26,15_10_9_26_NA_HP_4,,SP,,0,,,,,,,,,,,,,,,,,,,,,,,,
BR,Floricane,Ground,Jilly,2018,15_10,9,26,15_10_9_26_NA_HP_5,,SP,,1,,,,,,,,,,,,,,,,,,,,,,,,
BR,Floricane,Ground,Jilly,2018,13_10,9,26,13_10_9_26_NA_OP_1,,OP,,1,,,,2.33,,,,,,,,,,,,,,,,,,,,2
BR,Floricane,Ground,Jilly,2018,13_10,9,26,13_10_9_26_NA_OP_2,,OP,,1,,,,1.981,,,,,,,,,,,,,,,,,,,,1
BR,Floricane,Ground,Jilly,2018,13_10,9,26,13_10_9_26_NA_OP_3,,OP,,1,,,,1.96,,,,,,,,,,,,,,,,,,,,1
BR,Floricane,Ground,Jilly,2018,13_10,9,26,13_10_9_26_NA_OP_4,,OP,,1,,,,2.46,,,,,,,,,,,,,,,,,,,,
BR,Floricane,Ground,Jilly,2018,13_10,9,26,13_10_9_26_NA_OP_5,,OP,,1,,,,2.55,,,,,,,,,,,,,,,,,,,,
BR,Floricane,Ground,Jilly,2018,13_10,9,26,13_10_9_26_NA_CP_1,,UP,,0,0,,,,,,,,,,,,,,,,,,,,,,,
BR,Floricane,Ground,Jilly,2018,13_10,9,26,13_10_9_26_NA_CP_2,,UP,,0,0,,,,,,,,,,,,,,,,,,,,,,,
BR,Floricane,Ground,Jilly,2018,13_10,9,26,13_10_9_26_NA_CP_3,,UP,,0,0,,,,,,,,,,,,,,,,,,,,,,,
BR,Floricane,Ground,Jilly,2018,13_10,9,26,13_10_9_26_NA_CP_4,,UP,,0,0,,,,,,,,,,,,,,,,,,,,,,,
BR,Floricane,Ground,Jilly,2018,13_10,9,26,13_10_9_26_NA_CP_5,,UP,,0,0,,,,,,,,,,,,,,,,,,,,,,,
BR,Floricane,Ground,Jilly,2018,15_10,13,2,15_10_13_2_1_OBS_1,,V,HB,1,4,,,1.968,,H N 10,H N 2,H N 8,H N 3,,,,,,,,,,,,,,,1
BR,Floricane,Ground,Jilly,2018,15_10,13,2,15_10_13_2_1_OBS_2,,V,HB,1,6,,,2.202,,H N 34,H N 6,H N 2,H N 7,H N 5,H N 8,,,,,,,,,,,,,1d
BR,Floricane,Ground,Jilly,2018,15_10,13,2,15_10_13_2_1_OBS_3,,V,HB,1,3,,,2.23,,H N 20,H N 4,H N 2,,,,,,,,,,,,,,,,
BR,Floricane,Ground,Jilly,2018,15_10,13,2,15_10_13_2_1_OBS_4,,V,HB,1,4,,,1.167,,H N 38,H N 3,H N 12,H N 11,,,,,,,,,,,,,,,1d
BR,Floricane,Ground,Jilly,2018,15_10,13,2,15_10_13_2_1_OBS_5,,V,HB,1,3,,,1.492,,H N 19,H N 7,H N 10,,,,,,,,,,,,,,,,1d
BR,Floricane,Ground,Jilly,2018,15_10,13,2,15_10_13_2_1_OBS_6,,V,HB,1,1,,,,,H N 13,,,,,,,,,,,,,,,,,,1dd 
BR,Floricane,Ground,Jilly,2018,15_10,13,2,15_10_13_2_2_OBS_1,,V,BB,1,1,,,,,B N 1,,,,,,,,,,,,,,,,,,
BR,Floricane,Ground,Jilly,2018,15_10,13,2,15_10_13_2_2_OBS_2,,V,BB,1,2,,,,,B N 2,B N 1,,,,,,,,,,,,,,,,,
BR,Floricane,Ground,Jilly,2018,15_10,13,2,15_10_13_2_2_OBS_3,,V,BB,1,1,,,,,B N 2,,,,,,,,,,,,,,,,,,
BR,Floricane,Ground,Jilly,2018,15_10,13,2,15_10_13_2_2_OBS_4,,V,BB,1,2,,,,,B N 1,B N 1,,,,,,,,,,,,,,,,,
BR,Floricane,Ground,Jilly,2018,15_10,13,2,15_10_13_2_2_OBS_5,,V,BB,1,3,,,,,B N 1,B N 1,B N 1,,,,,,,,,,,,,,,,
BR,Floricane,Ground,Jilly,2018,15_10,13,2,15_10_13_2_2_OBS_6,,V,BB,1,1,,,,,B N 2,,,,,,,,,,,,,,,,,,
BR,Floricane,Ground,Jilly,2018,15_10,13,2,15_10_13_2_2_OBS_7,,V,BB,1,4,,,,,B N 4,B N 1,B N 1,B N 1,,,,,,,,,,,,,,,
BR,Floricane,Ground,Jilly,2018,15_10,13,2,15_10_13_2_2_OBS_8,,V,MX,1,6,,,,,B N 3,B N 1,H N 2,B N 1,B N 1,,,,,,,,,,,,,,
BR,Floricane,Ground,Jilly,2018,15_10,13,2,15_10_13_2_2_OBS_9,,V,BB,1,3,,,,,B N 1,B N 1,B N 1,,,,,,,,,,,,,,,,
BR,Floricane,Ground,Jilly,2018,15_10,13,2,15_10_13_2_2_OBS_10,,V,BB,1,4,,,,,B N 5,B N 1,B N 1,B N 1,,,,,,,,,,,,,,,
BR,Floricane,Ground,Jilly,2018,15_10,13,2,15_10_13_2_2_OBS_11,,V,MX,1,2,,,,,H N 3,B N 1,,,,,,,,,,,,,,,,,
BR,Floricane,Ground,Jilly,2018,15_10,13,2,15_10_13_2_2_OBS_12,,V,MX,1,4,,,,,B N 3,B N 1,H N 3,B N 1,,,,,,,,,,,,,,,
BR,Floricane,Ground,Jilly,2018,15_10,13,2,15_10_13_2_2_OBS_13,,V,BB,1,3,,,,,B N 6,B N 1,B N 1,,,,,,,,,,,,,,,,
BR,Floricane,Ground,Jilly,2018,17_10,13,2,17_10_13_2_NA_HP_1,,SP,,1,,,,,,,,,,,,,,,,,,,,,,,,
BR,Floricane,Ground,Jilly,2018,17_10,13,2,17_10_13_2_NA_HP_2,,SP,,1,,,,,,,,,,,,,,,,,,,,,,,,
BR,Floricane,Ground,Jilly,2018,17_10,13,2,17_10_13_2_NA_HP_3,,SP,,1,,,,,,,,,,,,,,,,,,,,,,,,
BR,Floricane,Ground,Jilly,2018,17_10,13,2,17_10_13_2_NA_HP_4,,SP,,1,,,,,,,,,,,,,,,,,,,,,,,,
BR,Floricane,Ground,Jilly,2018,17_10,13,2,17_10_13_2_NA_HP_5,,SP,,1,,,,,,,,,,,,,,,,,,,,,,,,
BR,Floricane,Ground,Jilly,2018,13_10,13,2,13_10_13_2_NA_OP_1,,OP,,1,,,,,,,,,,,,,,,,,,,,,,,,
BR,Floricane,Ground,Jilly,2018,13_10,13,2,13_10_13_2_NA_OP_2,,OP,,1,,,,,,,,,,,,,,,,,,,,,,,,
BR,Floricane,Ground,Jilly,2018,13_10,13,2,13_10_13_2_NA_OP_3,,OP,,1,,,,,,,,,,,,,,,,,,,,,,,,
BR,Floricane,Ground,Jilly,2018,13_10,13,2,13_10_13_2_NA_OP_4,,OP,,1,,,,,,,,,,,,,,,,,,,,,,,,1dd
BR,Floricane,Ground,Jilly,2018,13_10,13,2,13_10_13_2_NA_OP_5,,OP,,1,,,,,,,,,,,,,,,,,,,,,,,,
BR,Floricane,Ground,Jilly,2018,13_10,13,2,13_10_13_2_NA_CP_1,,UP,,0,0,,,,,,,,,,,,,,,,,,,,,,,
BR,Floricane,Ground,Jilly,2018,13_10,13,2,13_10_13_2_NA_CP_2,,UP,,1,0,,,1.371,,,,,,,,,,,,,,,,,,,,1
BR,Floricane,Ground,Jilly,2018,13_10,13,2,13_10_13_2_NA_CP_3,,UP,,0,0,,,,,,,,,,,,,,,,,,,,,,,
BR,Floricane,Ground,Jilly,2018,13_10,13,2,13_10_13_2_NA_CP_4,,UP,,0,0,,,,,,,,,,,,,,,,,,,,,,,
BR,Floricane,Ground,Jilly,2018,13_10,13,2,13_10_13_2_NA_CP_5,,UP,,0,0,,,,,,,,,,,,,,,,,,,,,,,
BR,Floricane,Ground,Jilly,2018,12_10,13,3,12_10_13_3_NA_OBS_1,,V,BB,1,2,,,2.445,,B N 2,B N 2,,,,,,,,,,,,,,,,,1
BR,Floricane,Ground,Jilly,2018,12_10,13,3,12_10_13_3_NA_OBS_2,,V,BB,0,2,,,,,B N 3,B N 2,,,,,,,,,,,,,,,,,
BR,Floricane,Ground,Jilly,2018,12_10,13,3,12_10_13_3_NA_OBS_3,,V,MX,1,3,,,2.697,,B N 3,H N 3,B N 6,,,,,,,,,,,,,,,,
BR,Floricane,Ground,Jilly,2018,12_10,13,3,12_10_13_3_NA_OBS_4,,V,MX,1,5,,,,,B N 6,H N 7,H N 6,H N 3,B N 2,,,,,,,,,,,,,,
BR,Floricane,Ground,Jilly,2018,12_10,13,3,12_10_13_3_NA_OBS_5,,V,MX,1,3,,,2.085,,B N 6,H N 1,B N 2.,,,,,,,,,,,,,,,,1
BR,Floricane,Ground,Jilly,2018,12_10,13,3,12_10_13_3_2_OBS_6,,V,MX,1,4,,,,,B N 1,H N 10,H N 5,H N 2,,,,,,,,,,,,,,,
BR,Floricane,Ground,Jilly,2018,12_10,13,3,12_10_13_3_2_OBS_7,,V,MX,1,3,,,,,B N 3,H N 19,H N 10,,,,,,,,,,,,,,,,
BR,Floricane,Ground,Jilly,2018,12_10,13,3,12_10_13_3_2_OBS_8,,V,MX,1,3,,,2.639,,B N 3,H N 16,H N 6,,,,,,,,,,,,,,,,1
BR,Floricane,Ground,Jilly,2018,12_10,13,3,12_10_13_3_2_OBS_9,,V,BB,1,1,,,2.116,,B N 2,,,,,,,,,,,,,,,,,,1
BR,Floricane,Ground,Jilly,2018,12_10,13,3,12_10_13_3_NA_OBS_10,,V,BB,1,1,,,,,B N 3,,,,,,,,,,,,,,,,,,
BR,Floricane,Ground,Jilly,2018,17_10,13,3,17_10_13_3_NA_HP_1,,SP,,1,,,,,,,,,,,,,,,,,,,,,,,,
BR,Floricane,Ground,Jilly,2018,17_10,13,3,17_10_13_3_NA_HP_2,,SP,,1,,,,,,,,,,,,,,,,,,,,,,,,
BR,Floricane,Ground,Jilly,2018,17_10,13,3,17_10_13_3_NA_HP_3,,SP,,1,,,,,,,,,,,,,,,,,,,,,,,,
BR,Floricane,Ground,Jilly,2018,17_10,13,3,17_10_13_3_NA_HP_4,,SP,,1,,,,,,,,,,,,,,,,,,,,,,,,
BR,Floricane,Ground,Jilly,2018,17_10,13,3,17_10_13_3_NA_HP_5,,SP,,1,,,,,,,,,,,,,,,,,,,,,,,,
BR,Floricane,Ground,Jilly,2018,13_10,13,3,13_10_13_3_NA_OP_1,,OP,,1,,,,1.773,,,,,,,,,,,,,,,,,,,,1d
BR,Floricane,Ground,Jilly,2018,13_10,13,3,13_10_13_3_NA_OP_2,,OP,,1,,,,1.352,,,,,,,,,,,,,,,,,,,,1
BR,Floricane,Ground,Jilly,2018,13_10,13,3,13_10_13_3_NA_OP_3,,OP,,1,,,,1.359,,,,,,,,,,,,,,,,,,,,1
BR,Floricane,Ground,Jilly,2018,13_10,13,3,13_10_13_3_NA_OP_4,,OP,,1,,,,1.905,,,,,,,,,,,,,,,,,,,,1
BR,Floricane,Ground,Jilly,2018,13_10,13,3,13_10_13_3_NA_OP_5,,OP,,1,,,,1.578,,,,,,,,,,,,,,,,,,,,1
BR,Floricane,Ground,Jilly,2018,13_10,13,3,13_10_13_3_NA_CP_1,,UP,,0,0,,,,,,,,,,,,,,,,,,,,,,,
BR,Floricane,Ground,Jilly,2018,13_10,13,3,13_10_13_3_NA_CP_2,,UP,,0,0,,,,,,,,,,,,,,,,,,,,,,,
BR,Floricane,Ground,Jilly,2018,13_10,13,3,13_10_13_3_NA_CP_3,,UP,,0,0,,,,,,,,,,,,,,,,,,,,,,,
BR,Floricane,Ground,Jilly,2018,13_10,13,3,13_10_13_3_NA_CP_4,,UP,,0,0,,,,,,,,,,,,,,,,,,,,,,,
BR,Floricane,Ground,Jilly,2018,13_10,13,3,13_10_13_3_NA_CP_5,,UP,,0,0,,,,,,,,,,,,,,,,,,,,,,,
BR,Floricane,Ground,Jilly,2018,14_10,13,15,14_10_13_15_1_OBS_1,,V,BB,0,2,,,,,B N 3,B N 2,,,,,,,,,,,,,,,,,
BR,Floricane,Ground,Jilly,2018,14_10,13,15,14_10_13_15_1_OBS_2,,V,BB,1,2,,,2.567,,B N 3,B N 2,,,,,,,,,,,,,,,,,1
BR,Floricane,Ground,Jilly,2018,14_10,13,15,14_10_13_15_1_OBS_3,,V,BB,1,1,,,2.776,,B N 3,,,,,,,,,,,,,,,,,,1
BR,Floricane,Ground,Jilly,2018,14_10,13,15,14_10_13_15_1_OBS_4,,V,MX,1,3,,,3.057,,H N 11,B N 1,H N 6,,,,,,,,,,,,,,,,1
BR,Floricane,Ground,Jilly,2018,14_10,13,15,14_10_13_15_1_OBS_5,,V,MX,1,4,,,2.203,,B N 14,H N 6,B N 2,H N 9,,,,,,,,,,,,,,,1
BR,Floricane,Ground,Jilly,2018,14_10,13,15,14_10_13_15_1_OBS_6,,V,HB,1,2,,,1.858,,H N 21,H N 3,,,,,,,,,,,,,,,,,1
BR,Floricane,Ground,Jilly,2018,17_10,13,15,17_10_13_15_NA_HP_1,,SP,,1,,,,,,,,,,,,,,,,,,,,,,,,
BR,Floricane,Ground,Jilly,2018,17_10,13,15,17_10_13_15_NA_HP_2,,SP,,1,,,,,,,,,,,,,,,,,,,,,,,,
BR,Floricane,Ground,Jilly,2018,17_10,13,15,17_10_13_15_NA_HP_3,,SP,,1,,,,,,,,,,,,,,,,,,,,,,,,
BR,Floricane,Ground,Jilly,2018,17_10,13,15,17_10_13_15_NA_HP_4,,SP,,1,,,,,,,,,,,,,,,,,,,,,,,,
BR,Floricane,Ground,Jilly,2018,17_10,13,15,17_10_13_15_NA_HP_5,,SP,,1,,,,,,,,,,,,,,,,,,,,,,,,
BR,Floricane,Ground,Jilly,2018,13_10,13,15,13_10_13_15_NA_OP_1,,OP,,1,,,,,,,,,,,,,,,,,,,,,,,,
BR,Floricane,Ground,Jilly,2018,13_10,13,15,13_10_13_15_NA_OP_2,,OP,,1,,,,,,,,,,,,,,,,,,,,,,,,
BR,Floricane,Ground,Jilly,2018,13_10,13,15,13_10_13_15_NA_OP_3,,OP,,1,,,,,,,,,,,,,,,,,,,,,,,,
BR,Floricane,Ground,Jilly,2018,13_10,13,15,13_10_13_15_NA_OP_4,,OP,,1,,,,,,,,,,,,,,,,,,,,,,,,
BR,Floricane,Ground,Jilly,2018,13_10,13,15,13_10_13_15_NA_OP_5,,OP,,1,,,,,,,,,,,,,,,,,,,,,,,,
BR,Floricane,Ground,Jilly,2018,13_10,13,15,13_10_13_15_NA_CP_1,,UP,,1,0,,,,,,,,,,,,,,,,,,,,,,,
BR,Floricane,Ground,Jilly,2018,13_10,13,15,13_10_13_15_NA_CP_2,,UP,,0,0,,,,,,,,,,,,,,,,,,,,,,,
BR,Floricane,Ground,Jilly,2018,13_10,13,15,13_10_13_15_NA_CP_3,,UP,,1,0,,,,,,,,,,,,,,,,,,,,,,,
BR,Floricane,Ground,Jilly,2018,13_10,13,15,13_10_13_15_NA_CP_4,,UP,,0,0,,,,,,,,,,,,,,,,,,,,,,,
BR,Floricane,Ground,Jilly,2018,13_10,13,15,13_10_13_15_NA_CP_5,,UP,,0,0,,,,,,,,,,,,,,,,,,,,,,,
BR,Floricane,Ground,Jilly,2018,14_10,13,20,14_10_13_20_NA_OBS_1,,UP,NA,1,0,,,,,,,,,,,,,,,,,,,,,,,
BR,Floricane,Ground,Jilly,2018,14_10,13,20,14_10_13_20_NA_OBS_2,,V,BB,1,1,,,,,H N 21,,,,,,,,,,,,,,,,,,
BR,Floricane,Ground,Jilly,2018,13_10,13,20,13_10_13_20_NA_OBS_3,,V,BB,1,2,,,,,B N 7,B N 2,,,,,,,,,,,,,,,,,
BR,Floricane,Ground,Jilly,2018,14_10,13,20,14_10_13_20_NA_OBS_4,,V,BB,1,4,,,,,B N 5,B N 1,B N 2,B N 1,,,,,,,,,,,,,,,
BR,Floricane,Ground,Jilly,2018,13_10,13,20,13_10_13_20_NA_OBS_5,,V,MX,1,4,,,2.549,,B N 5,B N 2,B N 2,B N 1,,,,,,,,,,,,,,,1
BR,Floricane,Ground,Jilly,2018,14_10,13,20,14_10_13_20_NA_OBS_6,,V,BB,1,3,,,2.292,,B N 5,B N 4,B N 2,,,,,,,,,,,,,,,,1
BR,Floricane,Ground,Jilly,2018,13_10,13,20,13_10_13_20_NA_OBS_7,,V,BB,1,3,,,2.164,,B N 2,B N 4,B N 2,,,,,,,,,,,,,,,,1
BR,Floricane,Ground,Jilly,2018,14_10,13,20,14_10_13_20_2_OBS_1,,V,MX,1,2,,,1.994,,H N 1,B N 2,,,,,,,,,,,,,,,,,1
BR,Floricane,Ground,Jilly,2018,13_10,13,20,13_10_13_20_2_OBS_2,,V,MX,1,3,,,2.824,,B N 3,H N 1,B N 4,,,,,,,,,,,,,,,,1
BR,Floricane,Ground,Jilly,2018,14_10,13,20,14_10_13_20_2_OBS_3,,V,BB,1,2,,,2.555,,B N 5,B N 3,,,,,,,,,,,,,,,,,1
BR,Floricane,Ground,Jilly,2018,13_10,13,20,13_10_13_20_2_OBS_4,,V,MX,1,4,,,2.894,,B N 7,H N 8,B N 2,H N 7,,,,,,,,,,,,,,,1
BR,Floricane,Ground,Jilly,2018,14_10,13,20,14_10_13_20_2_OBS_5,,V,MX,1,3,,,2.915,,B N 8,H N 5,B N 2,,,,,,,,,,,,,,,,1
BR,Floricane,Ground,Jilly,2018,13_10,13,20,13_10_13_20_2_OBS_6,,V,BB,1,3,,,2.716,,B N 6,B N 2,B N 1,,,,,,,,,,,,,,,,
BR,Floricane,Ground,Jilly,2018,14_10,13,20,14_10_13_20_2_OBS_7,,V,BB,1,4,,,2.44,,B N 2,B N 2,B N 1,B N 1,,,,,,,,,,,,,,,1
BR,Floricane,Ground,Jilly,2018,14_10,13,20,14_10_13_20_2_OBS_8,,V,BB,1,3,,,1.561,,B N 6,B N 1,B N 1,,,,,,,,,,,,,,,,1
BR,Floricane,Ground,Jilly,2018,14_10,13,20,14_10_13_20_2_OBS_9,,V,BB,1,3,,,2.286,,B N 5,B N 2,B N 2,,,,,,,,,,,,,,,,1
BR,Floricane,Ground,Jilly,2018,14_11,13,20,14_11_13_20_2_OBS_10,,V,BB,1,5,,,2.151,,B N 3,B N 5,B N 2,B N 1,B N 3,,,,,,,,,,,,,,1
BR,Floricane,Ground,Jilly,2018,14_10,13,20,14_10_13_20_2_OBS_11,,V,BB,1,4,,,,,B N 3,B N 1,B N 2,B N 1,,,,,,,,,,,,,,,
BR,Floricane,Ground,Jilly,2018,14_10,13,20,14_10_13_20_2_OBS_12,,V,BB,1,5,,,2.588,,B N 4,B N 2,B N 1,B N 1,B N 2,,,,,,,,,,,,,,1
BR,Floricane,Ground,Jilly,2018,14_10,13,20,14_10_13_20_2_OBS_13,,V,MX,1,5,,,,,B N 8,B N 2,B N 1,B N 2,H N 6,,,,,,,,,,,,,,
BR,Floricane,Ground,Jilly,2018,14_10,13,20,14_10_13_20_2_OBS_14,,V,MX,1,4,,,2.815,,B N 5,H N 1,H N 17,B N 2,,,,,,,,,,,,,,,1
BR,Floricane,Ground,Jilly,2018,14_10,13,20,14_10_13_20_2_OBS_15,,V,BB,1,2,,,2.42,,B N 5,B N 2,,,,,,,,,,,,,,,,,1
BR,Floricane,Ground,Jilly,2018,14_10,13,20,14_10_13_20_2_OBS_16,,V,BB,1,2,,,2.138,,B N 3,B N 2,,,,,,,,,,,,,,,,,1
BR,Floricane,Ground,Jilly,2018,14_10,13,20,14_10_13_20_2_OBS_17,,V,BB,1,2,,,2.491,,B N 1,B N 2,,,,,,,,,,,,,,,,,1
BR,Floricane,Ground,Jilly,2018,14_10,13,20,14_10_13_20_2_OBS_18,,V,BB,1,2,,,2.512,,B N 5,B N 2,,,,,,,,,,,,,,,,,1
BR,Floricane,Ground,Jilly,2018,17_10,13,20,17_10_13_20_NA_HP*_1,,CP,,1,,,,,,,,,,,,,,,,,,,,,,,,
BR,Floricane,Ground,Jilly,2018,17_10,13,20,17_10_13_20_NA_HP*_2,,CP,,1,,,,,,,,,,,,,,,,,,,,,,,,
BR,Floricane,Ground,Jilly,2018,17_10,13,20,17_10_13_20_NA_HP*_3,,CP,,1,,,,1.15,,,,,,,,,,,,,,,,,,,,1
BR,Floricane,Ground,Jilly,2018,17_10,13,20,17_10_13_20_NA_HP*_4,,CP,,1,,,,,,,,,,,,,,,,,,,,,,,,
BR,Floricane,Ground,Jilly,2018,17_10,13,20,17_10_13_20_NA_HP*_5,,CP,,1,,,,,,,,,,,,,,,,,,,,,,,,
BR,Floricane,Ground,Jilly,2018,13_10,13,20,13_10_13_20_NA_OP_1,,OP,,1,,,,,,,,,,,,,,,,,,,,,,,,
BR,Floricane,Ground,Jilly,2018,13_10,13,20,13_10_13_20_NA_OP_2,,OP,,1,,,,,,,,,,,,,,,,,,,,,,,,
BR,Floricane,Ground,Jilly,2018,13_10,13,20,13_10_13_20_NA_OP_3,,OP,,1,,,,,,,,,,,,,,,,,,,,,,,,
BR,Floricane,Ground,Jilly,2018,13_10,13,20,13_10_13_20_NA_OP_4,,OP,,1,,,,,,,,,,,,,,,,,,,,,,,,
BR,Floricane,Ground,Jilly,2018,13_10,13,20,13_10_13_20_NA_OP_5,,OP,,1,,,,,,,,,,,,,,,,,,,,,,,,
BR,Floricane,Ground,Jilly,2018,13_10,13,20,13_10_13_20_NA_CP_1,,UP,,0,0,,,,,,,,,,,,,,,,,,,,,,,
BR,Floricane,Ground,Jilly,2018,13_10,13,20,13_10_13_20_NA_CP_2,,UP,,0,0,,,,,,,,,,,,,,,,,,,,,,,
BR,Floricane,Ground,Jilly,2018,13_10,13,20,13_10_13_20_NA_CP_3,,UP,,0,0,,,,,,,,,,,,,,,,,,,,,,,
BR,Floricane,Ground,Jilly,2018,13_10,13,20,13_10_13_20_NA_CP_4,,UP,,0,0,,,,,,,,,,,,,,,,,,,,,,,
BR,Floricane,Ground,Jilly,2018,13_10,13,20,13_10_13_20_NA_CP_5,,UP,,0,0,,,,,,,,,,,,,,,,,,,,,,,
BR,Floricane,Ground,Jilly,2018,11_10,13,23,11_10_13_23_NA_OBS_1,,V,MX,1,3,,,1.281,,H N 17,B N 2,H N 5,,,,,,,,,,,,,,,,1d
BR,Floricane,Ground,Jilly,2018,11_10,13,23,11_10_13_23_NA_OBS_2,,UP,,1,0,,,0.878,,,,,,,,,,,,,,,,,,,,1d
BR,Floricane,Ground,Jilly,2018,11_11,13,23,11_11_13_23_NA_OBS_3,,UP,,1,0,,,,,,,,,,,,,,,,,,,,,,,
BR,Floricane,Ground,Jilly,2018,11_10,13,23,11_10_13_23_NA_OBS_4,,UP,,1,0,,,1.671,,,,,,,,,,,,,,,,,,,,1d
BR,Floricane,Ground,Jilly,2018,11_10,13,23,11_10_13_23_NA_OBS_5,,UP,,1,0,,,2.707,,,,,,,,,,,,,,,,,,,,1
BR,Floricane,Ground,Jilly,2018,11_10,13,23,11_10_13_23_NA_OBS_6,,UP,,1,0,,,,,,,,,,,,,,,,,,,,,,,
BR,Floricane,Ground,Jilly,2018,11_11,13,23,11_11_13_23_NA_OBS_7,,UP,,1,0,,,1.776,,,,,,,,,,,,,,,,,,,,1
BR,Floricane,Ground,Jilly,2018,11_10,13,23,11_10_13_23_NA_OBS_8,,UP,,1,0,,,1.445,,,,,,,,,,,,,,,,,,,,1
BR,Floricane,Ground,Jilly,2018,11_10,13,23,11_10_13_23_1_OBS_1,,V,HB,1,1,,,2.062,,H N 2,,,,,,,,,,,,,,,,,,1
BR,Floricane,Ground,Jilly,2018,13_10,13,23,13_10_13_23_1_OBS_2,,V,HB,1,2,,,2.218,,H N 3,H N 2,,,,,,,,,,,,,,,,,1
BR,Floricane,Ground,Jilly,2018,13_10,13,23,13_10_13_23_1_OBS_3,,UP,NA,1,0,,,2.43,,,,,,,,,,,,,,,,,,,,1
BR,Floricane,Ground,Jilly,2018,13_10,13,23,13_10_13_23_1_OBS_4,,V,HB,1,2,,,,,H N 2,H N 3,,,,,,,,,,,,,,,,,
BR,Floricane,Ground,Jilly,2018,13_10,13,23,13_10_13_23_1_OBS_5,,V,HB,1,2,,,2.777,,H N 2,H N 3,,,,,,,,,,,,,,,,,1
BR,Floricane,Ground,Jilly,2018,13_10,13,23,13_10_13_23_1_OBS_6,,V,HB,1,7,,,2.758,,H N 3,H N 5,H N 2,H N 27,H N 15,H N 2,H N 3,,,,,,,,,,,,1
BR,Floricane,Ground,Jilly,2018,13_10,13,23,13_10_13_23_1_OBS_7,,V,HB,1,3,,,2.531,,H N 2,H N 12,H N 2,,,,,,,,,,,,,,,,1
BR,Floricane,Ground,Jilly,2018,13_10,13,23,13_10_13_23_1_OBS_8,,V,HB,1,1,,,2.138,,H N 1,,,,,,,,,,,,,,,,,,1
BR,Floricane,Ground,Jilly,2018,13_10,13,23,13_10_13_23_1_OBS_9,,UP,NA,1,0,,,2.17,,,,,,,,,,,,,,,,,,,,1
BR,Floricane,Ground,Jilly,2018,13_10,13,23,13_10_13_23_1_OBS_10,,UP,NA,1,0,,,1.982,,,,,,,,,,,,,,,,,,,,1
BR,Floricane,Ground,Jilly,2018,15_10,13,23,15_10_13_23_1_OBS_11,,V,HB,1,4,,,0.703,,H N 9,H N 7,H N 3,H N 4,,,,,,,,,,,,,,,1
BR,Floricane,Ground,Jilly,2018,17_10,13,23,17_10_13_23_NA_HP_1,,SP,,1,,,,1.679,,,,,,,,,,,,,,,,,,,,1
BR,Floricane,Ground,Jilly,2018,17_10,13,23,17_10_13_23_NA_HP_2,,SP,,1,,,,1.978,,,,,,,,,,,,,,,,,,,,1
BR,Floricane,Ground,Jilly,2018,17_10,13,23,17_10_13_23_NA_HP_3,,SP,,1,,,,,,,,,,,,,,,,,,,,,,,,
BR,Floricane,Ground,Jilly,2018,17_10,13,23,17_10_13_23_NA_HP_4,,SP,,1,,,,1.939,,,,,,,,,,,,,,,,,,,,1
BR,Floricane,Ground,Jilly,2018,17_10,13,23,17_10_13_23_NA_HP_5,,SP,,1,,,,1.834,,,,,,,,,,,,,,,,,,,,1
BR,Floricane,Ground,Jilly,2018,13_10,13,23,13_10_13_23_NA_OP_1,,OP,,1,,,,,,,,,,,,,,,,,,,,,,,,
BR,Floricane,Ground,Jilly,2018,13_10,13,23,13_10_13_23_NA_OP_2,,OP,,1,,,,,,,,,,,,,,,,,,,,,,,,
BR,Floricane,Ground,Jilly,2018,13_10,13,23,13_10_13_23_NA_OP_3,,OP,,1,,,,,,,,,,,,,,,,,,,,,,,,
BR,Floricane,Ground,Jilly,2018,13_10,13,23,13_10_13_23_NA_OP_4,,OP,,1,,,,,,,,,,,,,,,,,,,,,,,,
BR,Floricane,Ground,Jilly,2018,13_10,13,23,13_10_13_23_NA_OP_5,,OP,,1,,,,,,,,,,,,,,,,,,,,,,,,
BR,Floricane,Ground,Jilly,2018,13_10,13,23,13_10_13_23_NA_CP_1,,UP,,0,0,,,,,,,,,,,,,,,,,,,,,,,
BR,Floricane,Ground,Jilly,2018,13_10,13,23,13_10_13_23_NA_CP_2,,UP,,0,0,,,,,,,,,,,,,,,,,,,,,,,
BR,Floricane,Ground,Jilly,2018,13_10,13,23,13_10_13_23_NA_CP_3,,UP,,0,0,,,,,,,,,,,,,,,,,,,,,,,
BR,Floricane,Ground,Jilly,2018,13_10,13,23,13_10_13_23_NA_CP_4,,UP,,0,0,,,,,,,,,,,,,,,,,,,,,,,
BR,Floricane,Ground,Jilly,2018,13_10,13,23,13_10_13_23_NA_CP_5,,UP,,0,0,,,,,,,,,,,,,,,,,,,,,,,