"","Species","SHOOT","Grow.con","Block","Year","Date","Row","Plant.number","Tag","DONOR","TREATMENT","SPEC.COM","FS","TVN","Pick.date","Size","Fresh.wgt","Ripe.time","Visitor1","Visitor2","Visitor3","Visitor4","Visitor5","Visitor6","Visitor7","Visitor8","Visitor9","Visitor10","Visitor11","Visitor12","Visitor13","Visitor14","Visitor15","POLL","seed.number","Firmness","Dryness","stingless_bee","honey_bee","bumble_bee","sumvisits","p_stingless_bee","p_honey_bee","p_bumble_bee","RP","duration","V1D","cent_v1","cent_d","cent_sd","log.wgt","scale.visit","rem_d"
"1","EG","F","Ground","GR12",2017,"6/4/17",14,30,"GR-M-8","V","V","HB",1,1,"10/8/17",NA,0.26,126,"H","","","","","","","","","","","","","","",1,NA,NA,"",0,1,0,1,0,1,0,"1430",6,6,-0.5793837646756,-0.68901742339109,-0.596367639308072,-1.34707364796661,-0.829994597674127,0
"2","EG","F","Ground","GR12",2017,"6/4/17",14,47,"GR-V-19","V","V","HB",1,1,"10/8/17",NA,0.42,126,"H","","","","","","","","","","","","","","",1,NA,NA,"",0,1,0,1,0,1,0,"1447",12,12,-0.415574885220752,-0.64506599154479,-0.596367639308072,-0.867500567704723,-0.829994597674127,0
"3","EG","F","Ground","S1S",2017,"15/5/17",5,8,"S1S-R-3","V","V","HB",1,1,"7/9/17",NA,0.49,115,"H","","","","","","","","","","","","","","",1,NA,NA,"",0,1,0,1,0,1,0,"58",10,10,-0.470177845039035,-0.65971646882689,-0.596367639308072,-0.713349887877465,-0.829994597674127,0
"4","EG","F","Ground","SFI",2017,"5/5/17",7,30,"SF-A-8","V","V","HB",1,1,"4/8/17",11.3434,0.589,91,"H","","","","","","","","","","","","","","",1,NA,320.9877999,"",0,1,0,1,0,1,0,"730",19,19,-0.224464525856762,-0.593789321057441,-0.596367639308072,-0.52932909533055,-0.829994597674127,0
"5","EG","F","Ground","GR12",2017,"4/4/17",14,6,"GR-M-2","V","V","HB",1,1,"7/9/17",NA,0.589,156,"H","","","","","","","","","","","","","","",1,NA,NA,"",0,1,0,1,0,1,0,"146",28,28,0.021248793325511,-0.527862173287992,-0.596367639308072,-0.52932909533055,-0.829994597674127,0
"6","EG","F","Ground","GR12",2017,"7/4/17",14,24,"GR-V-20","V","V","HB",1,1,"25/7/17",11.4488,0.642,109,"H","","","","","","","","","","","","","","",1,NA,191.4425191,"",0,1,0,1,0,1,0,"1424",3,3,-0.661288204403025,-0.710993139314239,-0.596367639308072,-0.443166975292176,-0.829994597674127,0
"7","EG","F","Ground","S1S",2017,"16/5/17",5,9,"S1S-R-8","V","V","HB",1,1,"10/8/17",11.1685,0.66,86,"H","","","","","","","","","","","","","","",1,NA,271.5818273,"",0,1,0,1,0,1,0,"59",2,2,-0.688589684312166,-0.718318377955289,-0.596367639308072,-0.415515443961666,-0.829994597674127,0
"8","EG","F","Ground","SFI",2017,"8/5/17",8,28,"SF-A-16","V","V","HB",1,1,"10/8/17",13.0327,0.93,94,"H","","","","","","","","","","","","","","",1,NA,227.7883208,"",0,1,0,1,0,1,0,"828",16,16,-0.306368965584186,-0.615765036980591,-0.596367639308072,-0.0725706928348354,-0.829994597674127,0
"9","EG","F","Ground","S1S",2017,"12/5/17",5,13,"S1S-J-82","V","V","HB",1,1,"10/8/17",13.6793,1.15,90,"H","","","","","","","","","","","","","","",1,NA,243.0655232,"",0,1,0,1,0,1,0,"513",15,15,-0.333670445493328,-0.623090275621641,-0.596367639308072,0.139761942375159,-0.829994597674127,0
"10","EG","F","Ground","S1S",2017,"11/5/17",5,5,"S1S-A-7","V","V","HB",1,1,"3/8/17",13.7517,1.17,84,"H","","","","","","","","","","","","","","",1,NA,283.2309891,"",0,1,0,1,0,1,0,"55",11,11,-0.442876365129893,-0.65239123018584,-0.596367639308072,0.157003748809665,-0.829994597674127,0
"11","EG","F","Ground","SFI",2017,"4/5/17",8,16,"SF-J-23","V","V","HB",1,1,"20/7/17",14.0584,1.26,77,"H","","","","","","","","","","","","","","",1,NA,280.3181808,"",0,1,0,1,0,1,0,"816",10,10,-0.470177845039035,-0.65971646882689,-0.596367639308072,0.231111720963387,-0.829994597674127,0
"12","EG","F","Ground","S1S",2017,"11/5/17",4,15,"S1S-L-2","V","V","HB",1,1,"25/7/17",15.5527,1.547,75,"H","","","","","","","","","","","","","","",1,NA,250.6846373,"",0,1,0,1,0,1,0,"415",45,45,0.485373951780915,-0.403333116390144,-0.596367639308072,0.436317571590929,-0.829994597674127,0
"13","EG","F","Ground","GR12",2017,"4/4/17",14,17,"GR-L-5","V","V","HB",1,1,"4/7/17",12.1286,0.842507027,91,"H","","","","","","","","","","","","","","",1,NA,217.5579076,"",0,1,0,1,0,1,0,"1417",16,16,-0.306368965584186,-0.615765036980591,-0.596367639308072,-0.171373276137584,-0.829994597674127,0
"14","EG","F","Ground","GR12",2017,"5/4/17",14,9,"GR-L-6","V","V","HB",0,1,NA,NA,NA,NA,"H","","","","","","","","","","","","","","",1,NA,NA,"",0,1,0,1,0,1,0,"149",18,18,-0.251766005765903,-0.601114559698491,-0.596367639308072,NA,-0.829994597674127,0
"15","EG","F","Ground","GR12",2017,"7/4/17",14,11,"GR-M-10","V","V","HB",0,1,NA,NA,NA,NA,"H","","","","","","","","","","","","","","",1,NA,NA,"",0,1,0,1,0,1,0,"1411",2,2,-0.688589684312166,-0.718318377955289,-0.596367639308072,NA,-0.829994597674127,0
"16","EG","F","Ground","GR12",2017,"8/4/17",14,14,"GR-M-12","V","V","HB",0,1,NA,NA,NA,NA,"H","","","","","","","","","","","","","","",1,NA,NA,"",0,1,0,1,0,1,0,"1414",5,5,-0.606685244584742,-0.69634266203214,-0.596367639308072,NA,-0.829994597674127,0
"17","EG","F","Ground","GR12",2017,"8/4/17",14,14,"GR-M-13","V","V","HB",0,1,NA,NA,NA,NA,"H","","","","","","","","","","","","","","",1,NA,NA,"",0,1,0,1,0,1,0,"1414",22,22,-0.142560086129338,-0.571813605134292,-0.596367639308072,NA,-0.829994597674127,0
"18","EG","F","Ground","GR12",2017,"7/4/17",14,31,"GR-V-27","V","V","HB",0,1,NA,NA,NA,NA,"H","","","","","","","","","","","","","","",1,NA,NA,"",0,1,0,1,0,1,0,"1431",6,6,-0.5793837646756,-0.68901742339109,-0.596367639308072,NA,-0.829994597674127,0
"19","EG","F","Ground","GR12",2017,"7/4/17",14,36,"GR-L-7","V","V","HB",0,1,NA,NA,NA,NA,"H","","","","","","","","","","","","","","",1,NA,NA,"",0,1,0,1,0,1,0,"1436",2,2,-0.688589684312166,-0.718318377955289,-0.596367639308072,NA,-0.829994597674127,0
"20","EG","F","Ground","GR12",2017,"8/4/17",14,49,"GR-W-1","V","V","HB",0,1,NA,NA,NA,NA,"H","","","","","","","","","","","","","","",1,NA,NA,"",0,1,0,1,0,1,0,"1449",4,4,-0.633986724493883,-0.70366790067319,-0.596367639308072,NA,-0.829994597674127,0
"21","EG","F","Ground","GR12",2017,"8/4/17",14,49,"GR-W-2","V","V","HB",0,1,NA,NA,NA,NA,"H","","","","","","","","","","","","","","",1,NA,NA,"",0,1,0,1,0,1,0,"1449",10,10,-0.470177845039035,-0.65971646882689,-0.596367639308072,NA,-0.829994597674127,0
"22","EG","F","Ground","GR12",2017,"8/4/17",14,49,"GR-W-3","V","V","HB",0,1,NA,NA,NA,NA,"H","","","","","","","","","","","","","","",1,NA,NA,"",0,1,0,1,0,1,0,"1449",2,2,-0.688589684312166,-0.718318377955289,-0.596367639308072,NA,-0.829994597674127,0
"23","EG","F","Ground","S1S",2017,"11/5/17",4,16,"S1S-J-73","V","V","HB",0,1,NA,NA,NA,NA,"H","","","","","","","","","","","","","","",1,NA,NA,"",0,1,0,1,0,1,0,"416",1,1,-0.715891164221307,-0.725643616596339,-0.596367639308072,NA,-0.829994597674127,0
"24","EG","F","Ground","SFI",2017,"8/5/17",6,20,"SF-A-27","V","V","HB",0,1,NA,NA,NA,NA,"H","","","","","","","","","","","","","","",1,NA,NA,"",0,1,0,1,0,1,0,"620",38,38,0.294263592416925,-0.454609786877493,-0.596367639308072,NA,-0.829994597674127,0
"25","EG","F","Ground","SFI",2017,"3/5/17",8,30,"SF-J-11","V","V","HB",0,1,NA,NA,NA,NA,"H","","","","","","","","","","","","","","",1,NA,NA,"",0,1,0,1,0,1,0,"830",5,5,-0.606685244584742,-0.69634266203214,-0.596367639308072,NA,-0.829994597674127,0
"26","EG","F","Ground","GR12",2017,"5/4/17",14,31,"GR-V-14","V","V","HB",1,1,NA,NA,NA,NA,"H","","","","","","","","","","","","","","",1,NA,NA,"",0,1,0,1,0,1,0,"1431",10,10,-0.470177845039035,-0.65971646882689,-0.596367639308072,NA,-0.829994597674127,0
"27","EG","F","Ground","S1S",2017,"11/5/17",4,15,"S1S-L-3","V","V","HB",1,1,NA,NA,NA,NA,"H","","","","","","","","","","","","","","",1,NA,NA,"",0,1,0,1,0,1,0,"415",1,1,-0.715891164221307,-0.725643616596339,-0.596367639308072,NA,-0.829994597674127,0
"28","EG","F","Ground","S1S",2017,"12/5/17",5,8,"S1S-LK-15","V","V","HB",1,1,NA,NA,NA,NA,"H","","","","","","","","","","","","","","",1,NA,NA,"",0,1,0,1,0,1,0,"58",17,17,-0.279067485675045,-0.608439798339541,-0.596367639308072,NA,-0.829994597674127,0
"29","EG","F","Ground","S1S",2017,"15/5/17",5,26,"S1S-L-10","V","V","HB",1,1,NA,NA,NA,NA,"H","","","","","","","","","","","","","","",1,NA,NA,"",0,1,0,1,0,1,0,"526",10,10,-0.470177845039035,-0.65971646882689,-0.596367639308072,NA,-0.829994597674127,0
"30","EG","F","Ground","S1S",2017,"16/5/17",6,4,"S1S-L-20","V","V","HB",1,1,NA,NA,NA,NA,"H","","","","","","","","","","","","","","",1,NA,NA,"",0,1,0,1,0,1,0,"64",13,13,-0.38827340531161,-0.637740752903741,-0.596367639308072,NA,-0.829994597674127,0
"31","EG","F","Ground","SFI",2017,"8/5/17",6,18,"SF-J-53","V","V","HB",1,1,NA,NA,NA,NA,"H","","","","","","","","","","","","","","",1,NA,NA,"",0,1,0,1,0,1,0,"618",10,10,-0.470177845039035,-0.65971646882689,-0.596367639308072,NA,-0.829994597674127,0
"32","EG","F","Ground","SFI",2017,"4/5/17",8,16,"SF-J-24","V","V","HB",1,1,NA,NA,NA,NA,"H","","","","","","","","","","","","","","",1,NA,NA,"",0,1,0,1,0,1,0,"816",3,3,-0.661288204403025,-0.710993139314239,-0.596367639308072,NA,-0.829994597674127,0
"33","EG","F","Ground","SFI",2017,"3/5/17",8,30,"SF-J-10","V","V","HB",1,1,NA,NA,NA,NA,"H","","","","","","","","","","","","","","",1,NA,NA,"",0,1,0,1,0,1,0,"830",10,10,-0.470177845039035,-0.65971646882689,-0.596367639308072,NA,-0.829994597674127,0
"34","EG","F","Ground","SFI",2017,"8/5/17",6,20,"SF-A-25","V","V","HB",1,1,"20/9/17",NA,0.23,135,"H","","","","","","","","","","","","","","",1,NA,NA,"",0,1,0,1,0,1,0,"620",26,26,-0.0333541664927719,-0.542512650570092,-0.596367639308072,-1.46967597005894,-0.829994597674127,0
"35","EG","F","Ground","S1S",2017,"16/5/18",4,24,"Juan-8","V","V","HB",1,1,"6/8/18",NA,1.55,NA,"H","","","","","","","","","","","","","","",1,NA,NA,"",0,1,0,1,0,1,0,"424",75,75,1.30441834905516,-0.183575957158647,-0.596367639308072,0.438254930931155,-0.829994597674127,0
"36","EG","F","Ground","S1S",2017,"14/5/18",2,35,"Juan-1","V","V","HB",1,1,"31/8/18",NA,0.38,NA,"H","","","","","","","","","","","","","","",1,NA,NA,"",0,1,0,1,0,1,0,"235",13,13,-0.38827340531161,-0.637740752903741,-0.596367639308072,-0.967584026261706,-0.829994597674127,0
"37","EG","F","Ground","S1S",2017,"16/5/18",4,19,"R4 P19 16/5/18 (V6)","V","V","HB",0,1,NA,NA,NA,NA,"H","","","","","","","","","","","","","","",1,NA,NA,"",0,1,0,1,0,1,0,"419",1,1,-0.715891164221307,-0.725643616596339,-0.596367639308072,NA,-0.829994597674127,0
"38","EG","F","Ground","S1S",2017,"11/5/18",6,39,"R6 P39 11/5/18 (V1)","V","V","HB",0,1,NA,NA,NA,NA,"H","","","","","","","","","","","","","","",1,NA,NA,"",0,1,0,1,0,1,0,"639",14,14,-0.360971925402469,-0.630415514262691,-0.596367639308072,NA,-0.829994597674127,0
"39","EG","F","Ground","S1S",2017,"11/5/18",6,39,"R6 P39 11/5/18 (V3)","V","V","HB",0,1,NA,NA,NA,NA,"H","","","","","","","","","","","","","","",1,NA,NA,"",0,1,0,1,0,1,0,"639",1,1,-0.715891164221307,-0.725643616596339,-0.596367639308072,NA,-0.829994597674127,0
"45","EG","F","Ground","SFI",2017,"4/5/17",8,19,"SF-A-6","V","V","HB",1,2,"10/8/17",NA,0.47,98,"H","H","","","","","","","","","","","","","",1,NA,NA,"",0,2,0,2,0,1,0,"819",23,22,-0.142560086129338,-0.564488366493242,-0.588283883583435,-0.755022584278033,-0.541183469377764,1
"46","EG","F","Ground","S1S",2017,"11/5/17",4,16,"S1S-J-72","V","V","HB",1,2,"10/8/17",10.4529,0.61,91,"H","H","","","","","","","","","","","","","",1,NA,278.2389284,"",0,2,0,2,0,1,0,"416",5,3,-0.661288204403025,-0.69634266203214,-0.580200127858799,-0.49429632181478,-0.541183469377764,2
"47","EG","F","Ground","S1S",2017,"11/5/17",5,4,"S1S-J-76","V","V","HB",1,2,"25/7/17",12.9683,1.047,75,"H","H","","","","","","","","","","","","","",1,NA,242.8264012,"",0,2,0,2,0,1,0,"54",12,10,-0.470177845039035,-0.64506599154479,-0.580200127858799,0.0459289318883997,-0.541183469377764,2
"48","EG","F","Ground","S1S",2017,"11/5/17",5,13,"S1S-A-4","V","V","HB",1,2,"20/7/17",13.2577,1.2,70,"H","H","","","","","","","","","","","","","",1,NA,207.1943178,"",0,2,0,2,0,1,0,"513",89,67,1.08600650978203,-0.081022616183949,-0.418525013366074,0.182321556793955,-0.541183469377764,22
"49","EG","F","Ground","SFI",2017,"8/5/17",6,31,"SF-J-47","V","V","HB",1,2,"20/7/17",13.6531,1.2,73,"H","H","","","","","","","","","","","","","",1,NA,278.5397864,"",0,2,0,2,0,1,0,"631",65,15,-0.333670445493328,-0.256828343569146,-0.192179853076258,0.182321556793955,-0.541183469377764,50
"50","EG","F","Ground","GR12",2017,"4/4/17",14,12,"GR-V-1-3","V","V","HB",1,2,"7/7/17",11.0674,0.601473133,94,"H","H","","","","","","","","","","","","","",1,NA,174.7179024,"",0,2,0,2,0,1,0,"1412",13,2,-0.688589684312166,-0.637740752903741,-0.507446326337073,-0.508373411231655,-0.541183469377764,11
"51","EG","F","Ground","GR12",2017,"5/4/17",14,23,"GR-V-11","V","V","HB",1,2,"4/7/17",13.2784,1.103664935,90,"H","H","","","","","","","","","","","","","",1,NA,236.7004699,"",0,2,0,2,0,1,0,"1423",45,40,0.348866552235208,-0.403333116390144,-0.55594886068489,0.0986364008833857,-0.541183469377764,5
"52","EG","F","Ground","GR12",2017,"5/4/17",14,23,"GR-V-13","V","V","HB",1,2,"21/6/17",14.8328,1.456720989,77,"H","H","","","","","","","","","","","","","",1,NA,206.9598163,"",0,2,0,2,0,1,0,"1423",61,1,-0.715891164221307,-0.286129298133346,-0.111342295829896,0.376188011963731,-0.541183469377764,60
"53","EG","F","Ground","SFI",2017,"8/5/17",8,23,"SF-J-42","V","V","HB",1,2,"20/7/17",NA,NA,73,"H","H","","","","","","","","","","","","","",1,NA,NA,"",0,2,0,2,0,1,0,"823",80,50,0.621881351326622,-0.146949763953398,-0.353854967568984,NA,-0.541183469377764,30
"54","EG","F","Ground","SFI",2017,"8/5/17",8,23,"SF-J-43","V","V","HB",1,2,"20/7/17",NA,NA,73,"H","H","","","","","","","","","","","","","",1,NA,NA,"",0,2,0,2,0,1,0,"823",55,35,0.212359152689501,-0.330080729979645,-0.434692524815346,NA,-0.541183469377764,20
"55","EG","F","Ground","SFI",2017,"8/5/17",8,28,"SF-A-14","V","V","HB",1,2,"20/7/17",NA,NA,73,"H","H","","","","","","","","","","","","","",1,NA,NA,"",0,2,0,2,0,1,0,"828",40,35,0.212359152689501,-0.439959309595394,-0.55594886068489,NA,-0.541183469377764,5
"56","EG","F","Ground","GR12",2017,"5/4/17",14,31,"GR-V-17","V","V","HB",0,2,NA,NA,NA,NA,"H","H","","","","","","","","","","","","","",1,NA,NA,"",0,2,0,2,0,1,0,"1431",15,10,-0.470177845039035,-0.623090275621641,-0.55594886068489,NA,-0.541183469377764,5
"57","EG","F","Ground","GR12",2017,"7/4/17",14,31,"GR-V-26","V","V","HB",0,2,NA,NA,NA,NA,"H","H","","","","","","","","","","","","","",1,NA,NA,"",0,2,0,2,0,1,0,"1431",10,7,-0.552082284766459,-0.65971646882689,-0.572116372134163,NA,-0.541183469377764,3
"58","EG","F","Ground","GR12",2017,"5/4/17",14,35,"GR-M-7","V","V","HB",0,2,NA,NA,NA,NA,"H","H","","","","","","","","","","","","","",1,NA,NA,"",0,2,0,2,0,1,0,"1435",9,6,-0.5793837646756,-0.66704170746794,-0.572116372134163,NA,-0.541183469377764,3
"59","EG","F","Ground","S1S",2017,"11/5/17",5,4,"S1S-J-77","V","V","HB",0,2,NA,NA,NA,NA,"H","H","","","","","","","","","","","","","",1,NA,NA,"",0,2,0,2,0,1,0,"54",25,15,-0.333670445493328,-0.549837889211142,-0.515530082061709,NA,-0.541183469377764,10
"60","EG","F","Ground","S1S",2017,"11/5/17",5,5,"S1S-A-8","V","V","HB",0,2,NA,NA,NA,NA,"H","H","","","","","","","","","","","","","",1,NA,NA,"",0,2,0,2,0,1,0,"55",3,2,-0.688589684312166,-0.710993139314239,-0.588283883583435,NA,-0.541183469377764,1
"61","EG","F","Ground","SFI",2017,"8/5/17",6,18,"SF-A-22","V","V","HB",0,2,NA,NA,NA,NA,"H","H","","","","","","","","","","","","","",1,NA,NA,"",0,2,0,2,0,1,0,"618",32,1,-0.715891164221307,-0.498561218723793,-0.345771211844347,NA,-0.541183469377764,31
"62","EG","F","Ground","SFI",2017,"8/5/17",8,23,"SF-J-44","V","V","HB",0,2,NA,NA,NA,NA,"H","H","","","","","","","","","","","","","",1,NA,NA,"",0,2,0,2,0,1,0,"823",26,1,-0.715891164221307,-0.542512650570092,-0.394273746192165,NA,-0.541183469377764,25
"63","EG","F","Ground","GR12",2017,"4/4/17",14,17,"GR-L-4","V","V","HB",1,2,NA,NA,NA,NA,"H","H","","","","","","","","","","","","","",1,NA,NA,"",0,2,0,2,0,1,0,"1417",26,20,-0.19716304594762,-0.542512650570092,-0.547865104960254,NA,-0.541183469377764,6
"64","EG","F","Ground","GR12",2017,"8/4/17",14,53,"GR-W-4","V","V","HB",1,2,"14/9/17",NA,0.231,159,"H","H","","","","","","","","","","","","","",1,NA,NA,"",0,2,0,2,0,1,0,"1453",9,5,-0.606685244584742,-0.66704170746794,-0.564032616409527,-1.46533756846034,-0.541183469377764,4
"65","EG","F","Ground","S1S",2017,"11/5/18",6,39,"R6 P39 11/5/18 (V2)","V","V","HB",1,2,"25/7/18",NA,1.47,NA,"H","H","","","","","","","","","","","","","",1,NA,NA,"",0,2,0,2,0,1,0,"639",96,34,0.18505767278036,-0.0297459456965997,-0.0951747843806232,0.385262400790645,-0.541183469377764,62
"67","EG","F","Ground","GR12",2017,"4/4/17",14,12,"GR-V-1-2","V","V","HB",1,3,"10/8/17",NA,0.39,128,"H","H","H","","","","","","","","","","","","",1,NA,NA,"",0,3,0,3,0,1,0,"1412",14,6,-0.5793837646756,-0.630415514262691,-0.531697593510982,-0.941608539858445,-0.252372341081401,8
"68","EG","F","Ground","GR12",2017,"5/4/17",14,35,"GR-M-6","V","V","HB",1,3,"20/7/17",NA,0.43,106,"H","H","H","","","","","","","","","","","","",1,NA,NA,"",0,3,0,3,0,1,0,"1435",35,5,-0.606685244584742,-0.476585502800643,-0.353854967568984,-0.843970070294529,-0.252372341081401,30
"69","EG","F","Ground","GR12",2017,"5/4/17",14,22,"GR-V-10","V","V","HB",1,3,"7/9/17",NA,0.449,155,"H","H","H","","","","","","","","","","","","",1,NA,NA,"",0,3,0,3,0,1,0,"1422",63,34,0.18505767278036,-0.271478820851246,-0.36193872329362,-0.800732391239883,-0.252372341081401,29
"70","EG","F","Ground","SFI",2017,"8/5/17",5,24,"SF-J-50","V","V","HB",1,3,"4/8/17",NA,0.465,88,"H","H","H","","","","","","","","","","","","",1,NA,NA,"",0,3,0,3,0,1,0,"524",27,10,-0.470177845039035,-0.535187411929042,-0.458943791989255,-0.765717873394781,-0.252372341081401,17
"71","EG","F","Ground","GR12",2017,"7/4/17",14,3,"GR-M-9","V","V","HB",1,3,"4/8/17",11.1901,0.61,119,"H","H","H","","","","","","","","","","","","",1,NA,194.9230242,"",0,3,0,3,0,1,0,"143",27,5,-0.606685244584742,-0.535187411929042,-0.418525013366074,-0.49429632181478,-0.252372341081401,22
"72","EG","F","Ground","SFI",2017,"5/5/17",7,30,"SF-A-7","V","V","HB",1,3,"4/8/17",12.5232,0.789,91,"H","H","H","","","","","","","","","","","","",1,NA,299.0266297,"",0,3,0,3,0,1,0,"730",38,21,-0.169861566038479,-0.454609786877493,-0.458943791989255,-0.236988958136263,-0.252372341081401,17
"73","EG","F","Ground","SFI",2017,"8/5/17",6,18,"SF-A-17","V","V","HB",1,3,"7/9/17",NA,0.852,122,"H","H","H","","","","","","","","","","","","",1,NA,NA,"",0,3,0,3,0,1,0,"618",28,4,-0.633986724493883,-0.527862173287992,-0.402357501916801,-0.160168752152821,-0.252372341081401,24
"74","EG","F","Ground","SFI",2017,"4/5/17",8,19,"SF-A-5","V","V","HB",1,3,"25/7/17",12.1228,0.855,82,"H","H","H","","","","","","","","","","","","",1,NA,288.7159108,"",0,3,0,3,0,1,0,"819",47,35,0.212359152689501,-0.388682639108044,-0.499362570612436,-0.156653810045377,-0.252372341081401,12
"75","EG","F","Ground","S1S",2017,"11/5/17",5,4,"S1S-J-75","V","V","HB",1,3,"3/8/17",12.3579,0.86,84,"H","H","H","","","","","","","","","","","","",1,NA,243.7755197,"",0,3,0,3,0,1,0,"54",45,30,0.0758517531437938,-0.403333116390144,-0.475111303438528,-0.150822889734584,-0.252372341081401,15
"76","EG","F","Ground","SFI",2017,"8/5/17",6,18,"SF-A-18","V","V","HB",1,3,"10/8/17",12.7447,0.99,94,"H","H","H","","","","","","","","","","","","",1,NA,269.587591,"",0,3,0,3,0,1,0,"618",44,16,-0.306368965584186,-0.410658355031194,-0.370022479018256,-0.0100503358535015,-0.252372341081401,28
"77","EG","F","Ground","S1S",2017,"12/5/17",4,20,"S1S-J-84","V","V","HB",1,3,"3/8/17",13.6768,1.2,83,"H","H","H","","","","","","","","","","","","",1,NA,246.1228924,"",0,3,0,3,0,1,0,"420",20,10,-0.470177845039035,-0.586464082416391,-0.515530082061709,0.182321556793955,-0.252372341081401,10
"78","EG","F","Ground","SFI",2017,"8/5/17",6,18,"SF-J-54","V","V","HB",1,3,"4/8/17",14.7198,1.356,88,"H","H","H","","","","","","","","","","","","",1,NA,278.7234117,"",0,3,0,3,0,1,0,"618",28,25,-0.0606556464019133,-0.527862173287992,-0.572116372134163,0.304539189518204,-0.252372341081401,3
"79","EG","F","Ground","SFI",2017,"8/5/17",6,18,"SF-A-19","V","V","HB",1,3,"4/8/17",15.1193,1.542,88,"H","H","H","","","","","","","","","","","","",1,NA,289.90026,"",0,3,0,3,0,1,0,"618",77,61,0.922197630327178,-0.168925479876548,-0.467027547713891,0.433080275141138,-0.252372341081401,16
"80","EG","F","Ground","SFI",2017,"8/5/17",6,18,"SF-A-20","V","V","HB",1,3,"4/8/17",16.0041,1.675,88,"H","H","H","","","","","","","","","","","","",1,NA,258.1973923,"",0,3,0,3,0,1,0,"618",91,4,-0.633986724493883,-0.0663721389018492,0.106919108735283,0.51581316527703,-0.252372341081401,87
"81","EG","F","Ground","SFI",2017,"8/5/17",6,20,"SF-A-28","V","V","HB",1,3,"4/8/17",16.4967,1.767,88,"H","H","H","","","","","","","","","","","","",1,NA,218.2060279,"",0,3,0,3,0,1,0,"620",98,6,-0.5793837646756,-0.0150954684145,0.147337887358465,0.569283193337559,-0.252372341081401,92
"82","EG","F","Ground","GR12",2017,"4/4/17",14,17,"GR-L-3","V","V","HB",1,3,"4/7/17",11.7563,0.757945287,91,"H","H","H","","","","","","","","","","","","",1,NA,234.6037517,"",0,3,0,3,0,1,0,"1417",44,25,-0.0606556464019133,-0.410658355031194,-0.442776280539983,-0.277144076683707,-0.252372341081401,19
"83","EG","F","Ground","GR12",2017,"6/4/17",14,47,"GR-V-18","V","V","HB",1,3,"4/7/17",14.0854,1.286961535,89,"H","H","H","","","","","","","","","","","","",1,NA,243.4180409,"",0,3,0,3,0,1,0,"1447",43,15,-0.333670445493328,-0.417983593672244,-0.370022479018256,0.252284040832467,-0.252372341081401,28
"84","EG","F","Ground","GR12",2017,"7/4/17",14,24,"GR-V-21","V","V","HB",0,3,NA,NA,NA,NA,"H","H","H","","","","","","","","","","","","",1,NA,NA,"",0,3,0,3,0,1,0,"1424",34,15,-0.333670445493328,-0.483910741441693,-0.442776280539983,NA,-0.252372341081401,19
"85","EG","F","Ground","GR12",2017,"7/4/17",14,31,"GR-V-25","V","V","HB",0,3,NA,NA,NA,NA,"H","H","H","","","","","","","","","","","","",1,NA,NA,"",0,3,0,3,0,1,0,"1431",29,15,-0.333670445493328,-0.520536934646942,-0.483195059163164,NA,-0.252372341081401,14
"86","EG","F","Ground","GR12",2017,"5/4/17",14,35,"GR-M-4","V","V","HB",0,3,NA,NA,NA,NA,"H","H","H","","","","","","","","","","","","",1,NA,NA,"",0,3,0,3,0,1,0,"1435",42,4,-0.633986724493883,-0.425308832313294,-0.289184921771894,NA,-0.252372341081401,38
"87","EG","F","Ground","SFI",2017,"8/5/17",5,24,"SF-J-51","V","V","HB",0,3,NA,NA,NA,NA,"H","H","H","","","","","","","","","","","","",1,NA,NA,"",0,3,0,3,0,1,0,"524",17,10,-0.470177845039035,-0.608439798339541,-0.539781349235618,NA,-0.252372341081401,7
"88","EG","F","Ground","SFI",2017,"8/5/17",6,18,"SF-A-23","V","V","HB",0,3,NA,NA,NA,NA,"H","H","H","","","","","","","","","","","","",1,NA,NA,"",0,3,0,3,0,1,0,"618",68,15,-0.333670445493328,-0.234852627645997,-0.16792858590235,NA,-0.252372341081401,53
"89","EG","F","Ground","GR12",2017,"7/4/17",14,33,"GR-L-8","V","V","HB",1,3,NA,NA,NA,NA,"H","H","H","","","","","","","","","","","","",1,NA,NA,"",0,3,0,3,0,1,0,"1433",20,13,-0.38827340531161,-0.586464082416391,-0.539781349235618,NA,-0.252372341081401,7
"90","EG","F","Ground","SFI",2017,"4/5/17",8,16,"SF-J-20","V","V","HB",1,3,NA,NA,NA,NA,"H","H","H","","","","","","","","","","","","",1,NA,NA,"",0,3,0,3,0,1,0,"816",27,15,-0.333670445493328,-0.535187411929042,-0.499362570612436,NA,-0.252372341081401,12
"91","EG","F","Ground","S1S",2017,"11/5/18",6,27,"R6 P27 11/5/18 (V1)","V","V","HB",1,3,"6/8/18",NA,1.58,NA,"H","H","H","","","","","","","","","","","","",1,NA,NA,"",0,3,0,3,0,1,0,"627",85,2,-0.688589684312166,-0.110323570748149,0.0745840858367384,0.457424847038875,-0.252372341081401,83
"92","EG","F","Ground","S1S",2017,"10/5/18",4,29,"R4 P29 10/5/18 (V4)","V","V","HB",1,3,"31/8/18",NA,0.41,NA,"H","H","H","","","","","","","","","","","","",1,NA,NA,"",0,3,0,3,0,1,0,"429",9,1,-0.715891164221307,-0.66704170746794,-0.531697593510982,-0.891598119283784,-0.252372341081401,8
"95","EG","F","Ground","GR12",2017,"5/4/17",14,31,"GR-V-16","V","V","HB",1,4,"20/7/17",NA,0.75,106,"H","H","H","H","","","","","","","","","","","",1,NA,NA,"",0,4,0,4,0,1,0,"1431",40,2,-0.688589684312166,-0.439959309595394,-0.289184921771894,-0.287682072451781,0.0364387872149617,38
"96","EG","F","Ground","SFI",2017,"4/5/17",8,16,"SF-J-21","V","V","HB",1,4,"25/7/17",12.0595,0.899,82,"H","H","H","H","","","","","","","","","","","",1,NA,311.1392189,"",0,4,0,4,0,1,0,"816",26,10,-0.470177845039035,-0.542512650570092,-0.467027547713891,-0.106472244510517,0.0364387872149617,16
"97","EG","F","Ground","GR12",2017,"5/4/17",14,22,"GR-V-8","V","V","HB",1,4,"25/7/17",13.4413,0.971,111,"H","H","H","H","","","","","","","","","","","",1,NA,154.6788197,"",0,4,0,4,0,1,0,"1422",52,28,0.021248793325511,-0.352056445902795,-0.402357501916801,-0.0294288106908122,0.0364387872149617,24
"98","EG","F","Ground","GR12",2017,"4/4/17",14,12,"GR-V-1-1","V","V","HB",1,4,"26/6/17",11.9835,0.809549981,83,"H","H","H","H","","","","","","","","","","","",1,NA,210.8776531,"",0,4,0,4,0,1,0,"1412",67,30,0.0758517531437938,-0.242177866287047,-0.29726867749653,-0.211276764719205,0.0364387872149617,37
"99","EG","F","Ground","GR12",2017,"5/4/17",14,35,"GR-M-5","V","V","HB",1,4,"16/6/17",12.3875,0.901311848,72,"H","H","H","H","","","","","","","","","","","",1,NA,213.0646886,"",0,4,0,4,0,1,0,"1435",46,22,-0.142560086129338,-0.396007877749094,-0.402357501916801,-0.103903968049611,0.0364387872149617,24
"100","EG","F","Ground","S1S",2017,"12/5/17",5,13,"S1S-J-81","V","V","HB",1,4,"20/7/17",NA,NA,69,"H","H","H","H","","","","","","","","","","","",1,NA,NA,"",0,4,0,4,0,1,0,"513",34,20,-0.19716304594762,-0.483910741441693,-0.483195059163164,NA,0.0364387872149617,14
"101","EG","F","Ground","GR12",2017,"8/4/17",14,14,"GR-M-11","V","V","HB",0,4,NA,NA,NA,NA,"H","H","H","H","","","","","","","","","","","",1,NA,NA,"",0,4,0,4,0,1,0,"1414",47,18,-0.251766005765903,-0.388682639108044,-0.36193872329362,NA,0.0364387872149617,29
"102","EG","F","Ground","GR12",2017,"5/4/17",14,23,"GR-V-12","V","V","HB",0,4,NA,NA,NA,NA,"H","H","H","H","","","","","","","","","","","",1,NA,NA,"",0,4,0,4,0,1,0,"1423",80,25,-0.0606556464019133,-0.146949763953398,-0.151761074453077,NA,0.0364387872149617,55
"103","EG","F","Ground","GR12",2017,"7/4/17",14,31,"GR-V-23","V","V","HB",1,4,NA,NA,NA,NA,"H","H","H","H","","","","","","","","","","","",1,NA,NA,"",0,4,0,4,0,1,0,"1431",23,15,-0.333670445493328,-0.564488366493242,-0.531697593510982,NA,0.0364387872149617,8
"104","EG","F","Ground","GR12",2017,"7/4/17",14,31,"GR-V-24","V","V","HB",1,4,NA,NA,NA,NA,"H","H","H","H","","","","","","","","","","","",1,NA,NA,"",0,4,0,4,0,1,0,"1431",56,21,-0.169861566038479,-0.322755491338595,-0.313436188945802,NA,0.0364387872149617,35
"105","EG","F","Ground","SFI",2017,"8/5/17",6,20,"SF-A-24","V","V","HB",1,4,NA,NA,NA,NA,"H","H","H","H","","","","","","","","","","","",1,NA,NA,"",0,4,0,4,0,1,0,"620",24,2,-0.688589684312166,-0.557163127852192,-0.418525013366074,NA,0.0364387872149617,22
"106","EG","F","Ground","S1S",2017,"12/5/17",4,20,"S1S-J-83","V","V","HB",1,5,"10/8/17",13.6506,1.16,90,"H","H","H","H","H","","","","","","","","","","",1,NA,282.4359718,"",0,5,0,5,0,1,0,"420",32,10,-0.470177845039035,-0.498561218723793,-0.418525013366074,0.148420005118273,0.325249915511325,22
"107","EG","F","Ground","SFI",2017,"4/5/17",8,16,"SF-J-22","V","V","HB",1,5,"20/7/17",15.574,1.59,77,"H","H","H","H","H","","","","","","","","","","",1,NA,226.4374167,"",0,5,0,5,0,1,0,"816",53,15,-0.333670445493328,-0.344731207261745,-0.289184921771894,0.46373401623214,0.325249915511325,38
"108","EG","F","Ground","SFI",2017,"8/5/17",6,18,"SF-A-21","V","V","HB",1,5,"4/8/17",16.6651,1.901,88,"H","H","H","H","H","","","","","","","","","","",1,NA,204.0398802,"",0,5,0,5,0,1,0,"618",69,32,0.130454712962077,-0.227527389004947,-0.29726867749653,0.642380063506292,0.325249915511325,37
"109","EG","F","Ground","SFI",2017,"4/5/17",8,10,"SF-L-2","V","V","HB",1,5,"13/7/17",16.8627,2.129,70,"H","H","H","H","H","","","","","","","","","","",1,NA,208.7794831,"",0,5,0,5,0,1,0,"810",61,15,-0.333670445493328,-0.286129298133346,-0.224514875974803,0.755652385911342,0.325249915511325,46
"110","EG","F","Ground","GR12",2017,"4/4/17",14,17,"GR-L-2","V","V","HB",1,5,"16/6/17",13.1192,1.067505308,73,"H","H","H","H","H","","","","","","","","","","",1,NA,244.5688938,"",0,5,0,5,0,1,0,"1417",54,32,0.130454712962077,-0.337405968620695,-0.418525013366074,0.0653244384736201,0.325249915511325,22
"111","EG","F","Ground","SFI",2017,"4/5/17",8,30,"SF-A-4","V","V","HB",1,5,"20/7/17",NA,NA,77,"H","H","H","H","H","","","","","","","","","","",1,NA,NA,"",0,5,0,5,0,1,0,"830",81,56,0.785690230781471,-0.139624525312348,-0.394273746192165,NA,0.325249915511325,25
"112","EG","F","Ground","GR12",2017,"4/4/17",14,12,"GR-V-2-3","V","V","HB",0,5,NA,NA,NA,NA,"H","H","H","H","H","","","","","","","","","","",1,NA,NA,"",0,5,0,5,0,1,0,"1412",79,20,-0.19716304594762,-0.154275002594448,-0.119426051554532,NA,0.325249915511325,59
"113","EG","F","Ground","GR12",2017,"5/4/17",14,22,"GR-V-9","V","V","HB",0,5,NA,NA,NA,NA,"H","H","H","H","H","","","","","","","","","","",1,NA,NA,"",0,5,0,5,0,1,0,"1422",59,6,-0.5793837646756,-0.300779775415446,-0.16792858590235,NA,0.325249915511325,53
"114","EG","F","Ground","GR12",2017,"5/4/17",14,31,"GR-V-15","V","V","HB",0,5,NA,NA,NA,NA,"H","H","H","H","H","","","","","","","","","","",1,NA,NA,"",0,5,0,5,0,1,0,"1431",50,27,-0.00605268658363044,-0.366706923184895,-0.410441257641438,NA,0.325249915511325,23
"115","EG","F","Ground","SFI",2017,"8/5/17",5,24,"SF-J-49","V","V","HB",0,5,NA,NA,NA,NA,"H","H","H","H","H","","","","","","","","","","",1,NA,NA,"",0,5,0,5,0,1,0,"524",57,40,0.348866552235208,-0.315430252697545,-0.458943791989255,NA,0.325249915511325,17
"116","EG","F","Ground","SFI",2017,"8/5/17",6,31,"SF-J-48","V","V","HB",1,5,NA,NA,NA,NA,"H","H","H","H","H","","","","","","","","","","",1,NA,NA,"",0,5,0,5,0,1,0,"631",51,20,-0.19716304594762,-0.359381684543845,-0.345771211844347,NA,0.325249915511325,31
"117","EG","F","Ground","S1S",2017,"10/5/18",4,28,"R4 P28 10/5/18 (V3)","V","V","HB",1,5,"16/8/18",NA,0.69,NA,"H","H","H","H","H","","","","","","","","","","",1,NA,NA,"",0,5,0,5,0,1,0,"428",65,37,0.266962112507784,-0.256828343569146,-0.370022479018256,-0.371063681390832,0.325249915511325,28
"118","EG","F","Ground","S1S",2017,"9/5/18",2,21,"R2 P21 9/5/18 (V2)","V","V","HB",1,5,"",NA,NA,NA,"H","H","H","H","H","","","","","","","","","","",1,NA,NA,"",0,5,0,5,0,1,0,"221",47,4,-0.633986724493883,-0.388682639108044,-0.248766143148712,NA,0.325249915511325,43
"121","EG","F","Ground","S1S",2017,"8/5/18",2,57,"R2 P57 8/5/18 (V2)","V","V","HB",1,7,NA,NA,NA,NA,"H","H","H","H","H","H","H","","","","","","","","",1,NA,NA,"",0,7,0,7,0,1,0,"257",9,3,-0.661288204403025,-0.66704170746794,-0.547865104960254,NA,0.902872172104051,6
"375","EG","F","Ground","S1S",2017,"16/5/18",4,24,"Juan-9","V","V","MX",1,2,"6/8/18",NA,1.56,NA,"H","S","","","","","","","","","","","","","",1,NA,NA,"",1,1,0,2,0.5,0.5,0,"424",121,3,-0.661288204403025,0.153385020329648,0.357515536199008,0.444685821261446,-0.541183469377764,118
"376","EG","F","Ground","S1S",2017,"15/5/18",6,34,"R6 P34 15/5/18 (V4)","V","V","MX",1,2,"6/8/18",NA,1.91,NA,"S","H","","","","","","","","","","","","","",1,NA,NA,"",1,1,0,2,0.5,0.5,0,"634",125,110,2.25997014587511,0.182685974893847,-0.475111303438528,0.647103242058538,-0.541183469377764,15
"377","EG","F","Ground","S1S",2017,"15/5/18",6,31,"Juan-6","V","V","MX",1,2,"6/8/18",NA,1.92,NA,"S","H","","","","","","","","","","","","","",1,NA,NA,"",1,1,0,2,0.5,0.5,0,"631",56,46,0.512675431690057,-0.322755491338595,-0.515530082061709,0.65232518603969,-0.541183469377764,10
"378","EG","F","Ground","S1S",2017,"15/5/18",6,31,"Juan-5","V","V","MX",1,2,"6/8/18",NA,2,NA,"S","H","","","","","","","","","","","","","",1,NA,NA,"",1,1,0,2,0.5,0.5,0,"631",146,121,2.56028642487566,0.336515986355895,-0.394273746192165,0.693147180559945,-0.541183469377764,25
"379","EG","F","Ground","S1S",2017,"16/5/18",4,17,"R4 P17 16/5/18 (V3)","V","V","MX",1,2,"31/8/18",NA,0.43,NA,"H","S","","","","","","","","","","","","","",1,NA,NA,"",1,1,0,2,0.5,0.5,0,"417",9,1,-0.715891164221307,-0.66704170746794,-0.531697593510982,-0.843970070294529,-0.541183469377764,8
"380","EG","F","Ground","S1S",2017,"18/5/18",4,12,"Juan-22","V","V","MX",0,2,NA,NA,NA,NA,"H","S","","","","","","","","","","","","","",1,NA,NA,"",1,1,0,2,0.5,0.5,0,"412",13,10,-0.470177845039035,-0.637740752903741,-0.572116372134163,NA,-0.541183469377764,3
"387","EG","F","Ground","S1S",2017,"16/5/18",4,24,"Juan-10","V","V","MX",1,3,"25/7/18",NA,0.77,NA,"H","H","S","","","","","","","","","","","","",1,NA,NA,"",1,2,0,3,0.333333333333333,0.666666666666667,0,"424",153,75,1.30441834905516,0.387792656843244,0.0341653072135571,-0.261364764134408,-0.252372341081401,78
"388","EG","F","Ground","S1S",2017,"14/5/18",2,22,"R2 P22 14/5/18 (V1)","V","V","MX",1,3,"6/8/18",NA,1.43,NA,"H","H","S","","","","","","","","","","","","",1,NA,NA,"",1,2,0,3,0.333333333333333,0.666666666666667,0,"222",54,8,-0.524780804857317,-0.337405968620695,-0.224514875974803,0.357674444271816,-0.252372341081401,46
"389","EG","F","Ground","S1S",2017,"17/5/18",6,24,"Juan-16","V","V","MX",1,3,NA,NA,NA,NA,"H","S","S","","","","","","","","","","","","",1,NA,NA,"",2,1,0,3,0.666666666666667,0.333333333333333,0,"624",51,37,0.266962112507784,-0.359381684543845,-0.483195059163164,NA,-0.252372341081401,14
"390","EG","F","Ground","S1S",2017,"17/5/18",2,52,"Juan-12","V","V","MX",0,3,NA,NA,NA,NA,"S","H","H","","","","","","","","","","","","",1,NA,NA,"",1,2,0,3,0.333333333333333,0.666666666666667,0,"252",119,29,0.0485502732346524,0.138734543047548,0.131170375909192,NA,-0.252372341081401,90
"391","EG","F","Ground","S1S",2017,"17/5/18",6,24,"Juan-17","V","V","MX",0,3,NA,NA,NA,NA,"H","S","S","","","","","","","","","","","","",1,NA,NA,"",2,1,0,3,0.666666666666667,0.333333333333333,0,"624",27,1,-0.715891164221307,-0.535187411929042,-0.386189990467529,NA,-0.252372341081401,26
"397","EG","F","Ground","S1S",2017,"16/5/18",4,19,"R4 P19 16/5/18 (V4.1)","V","V","MX",1,4,"6/8/18",NA,0.65,NA,"H","H","S","H","","","","","","","","","","","",1,NA,NA,"",1,3,0,4,0.25,0.75,0,"419",198,1,-0.715891164221307,0.717428395690489,0.996132238445273,-0.430782916092454,0.0364387872149617,197
"399","EG","F","Ground","S1S",2017,"10/5/18",4,28,"R4 P28 10/5/18 (V2)","V","V","MX",1,5,"25/7/18",NA,1.5,NA,"S","S","H","H","H","","","","","","","","","","",1,NA,NA,"",2,3,0,5,0.4,0.6,0,"428",214,75,1.30441834905516,0.834632213947287,0.527274406416369,0.405465108108164,0.325249915511325,139
"400","EG","F","Ground","S1S",2017,"15/5/18",6,39,"R6 P39 15/5/18 (V4)","V","V","MX",1,5,"6/8/18",NA,1.57,NA,"H","S","S","S","S","","","","","","","","","","",1,NA,NA,"",4,1,0,5,0.8,0.2,0,"639",378,38,0.294263592416925,2.03597135107947,2.15210930706826,0.451075619360217,0.325249915511325,340
"401","EG","F","Ground","S1S",2017,"14/5/18",6,30,"R6 P30 14/5/18 (V3)","V","V","MX",1,5,"6/8/18",NA,1.7,NA,"S","S","H","H","H","","","","","","","","","","",1,NA,NA,"",2,3,0,5,0.4,0.6,0,"630",351,189,4.41678705869728,1.83818990777112,0.713200788083003,0.53062825106217,0.325249915511325,162
"402","EG","F","Ground","S1S",2017,"15/5/18",6,39,"R6 P39 15/5/18 (V5)","V","V","MX",1,5,"16/8/18",NA,0.7,NA,"H","H","S","S","S","","","","","","","","","","",1,NA,NA,"",3,2,0,5,0.6,0.4,0,"639",164,1,-0.715891164221307,0.468370281894793,0.72128454380764,-0.356674943938732,0.325249915511325,163
"403","EG","F","Ground","S1S",2017,"15/5/18",6,34,"R6 P34 15/5/18 (V1)","V","V","MX",1,5,"",NA,NA,NA,"S","S","S","S","H","","","","","","","","","","",1,NA,NA,"",4,1,0,5,0.8,0.2,0,"634",316,147,3.27012490251334,1.58180655533438,0.769787078155457,NA,0.325249915511325,169
"409","EG","F","Ground","S1S",2017,"11/5/18",6,9,"R6 P9 11/5/18 (V2)","V","V","MX",1,6,"25/7/18",NA,1.13,NA,"S","S","S","H","H","H","","","","","","","","","",1,NA,NA,"",3,3,0,6,0.5,0.5,0,"69",224,9,-0.497479324948176,0.907884600357786,1.14163984148873,0.122217632724249,0.614061043807688,215
"410","EG","F","Ground","S1S",2017,"10/5/18",4,19,"R4 P19 10/5/18 (V4)","V","V","MX",1,6,"25/7/18",NA,1.69,NA,"H","S","S","S","S","H","","","","","","","","","",1,NA,NA,"",4,2,0,6,0.666666666666667,0.333333333333333,0,"419",62,1,-0.715891164221307,-0.278804059492296,-0.103258540105259,0.524728528934982,0.614061043807688,61
"411","EG","F","Ground","S1S",2017,"17/5/18",6,24,"Juan-15","V","V","MX",1,6,"6/8/18",NA,0.67,NA,"S","S","S","S","H","S","","","","","","","","","",1,NA,NA,"",5,1,0,6,0.833333333333333,0.166666666666667,0,"624",379,78,1.38632278878258,2.04329658972052,1.83684283380744,-0.400477566597125,0.614061043807688,301
"412","EG","F","Ground","S1S",2017,"18/5/18",4,12,"Juan-24","V","V","MX",1,6,"6/8/18",NA,2.55,NA,"S","S","H","S","S","H","","","","","","","","","",1,NA,NA,"",4,2,0,6,0.666666666666667,0.333333333333333,0,"412",393,122,2.5875879047848,2.14584993069522,1.59433016206836,0.936093359170335,0.614061043807688,271
"417","EG","F","Ground","S1S",2017,"10/5/18",4,19,"R4 P19 10/5/18 (V1)","V","V","MX",1,7,"25/7/18",NA,1,NA,"H","H","H","S","S","S","H","","","","","","","","",1,NA,NA,"",3,4,0,7,0.428571428571429,0.571428571428571,0,"419",104,16,-0.306368965584186,0.0288559634317994,0.11500286445992,0,0.902872172104051,88
"418","EG","F","Ground","S1S",2017,"10/5/18",4,19,"R4 P19 10/5/18 (V2)","V","V","MX",1,7,"25/7/18",NA,1.16,NA,"H","H","H","S","S","H","H","","","","","","","","",1,NA,NA,"",2,5,0,7,0.285714285714286,0.714285714285714,0,"419",231,55,0.758388750872329,0.959161270845135,0.826373368227911,0.148420005118273,0.902872172104051,176
"419","EG","F","Ground","S1S",2017,"8/5/18",2,52,"R2 P52 8/5/18 (V1)","V","V","MX",1,7,"25/7/18",NA,1.19,NA,"H","S","S","H","H","H","H","","","","","","","","",1,NA,NA,"",2,5,0,7,0.285714285714286,0.714285714285714,0,"252",302,13,-0.38827340531161,1.47925321435968,1.73983776511181,0.173953307123438,0.902872172104051,289
"420","EG","F","Ground","S1S",2017,"16/5/18",6,23,"Juan-11","V","V","MX",1,7,"25/7/18",NA,1.36,NA,"H","H","H","S","H","H","H","","","","","","","","",1,NA,NA,"",1,6,0,7,0.142857142857143,0.857142857142857,0,"623",167,58,0.840293190599754,0.490345997817942,0.284761734677281,0.307484699747961,0.902872172104051,109
"421","EG","F","Ground","S1S",2017,"10/5/18",4,16,"R4 P16 10/5/18 (V1)","V","V","MX",1,7,"25/7/18",NA,1.6,NA,"H","H","H","H","S","S","H","","","","","","","","",1,NA,NA,"",2,5,0,7,0.285714285714286,0.714285714285714,0,"416",119,11,-0.442876365129893,0.138734543047548,0.276677978952645,0.470003629245736,0.902872172104051,108
"422","EG","F","Ground","S1S",2017,"16/5/18",4,19,"R4 P19 16/5/18 (V5)","V","V","MX",1,7,"6/8/18",NA,1.54,NA,"H","H","H","S","H","H","H","","","","","","","","",1,NA,NA,"",1,6,0,7,0.142857142857143,0.857142857142857,0,"419",195,1,-0.715891164221307,0.695452679767339,0.971880971271364,0.431782416425538,0.902872172104051,194
"423","EG","F","Ground","S1S",2017,"15/5/18",4,21,"Juan-2","V","V","MX",1,7,"6/8/18",NA,1.58,NA,"S","S","S","S","H","S","S","","","","","","","","",1,NA,NA,"",6,1,0,7,0.857142857142857,0.142857142857143,0,"421",352,125,2.66949234451223,1.84551514641217,1.23864491018436,0.457424847038875,0.902872172104051,227
"424","EG","F","Ground","S1S",2017,"14/5/18",6,30,"R6 P30 14/5/18 (V1)","V","V","MX",1,7,"6/8/18",NA,1.75,NA,"S","H","S","S","S","H","H","","","","","","","","",1,NA,NA,"",4,3,0,7,0.571428571428571,0.428571428571429,0,"630",263,1,-0.715891164221307,1.19356890735873,1.52157636054663,0.559615787935423,0.902872172104051,262
"425","EG","F","Ground","S1S",2017,"18/5/18",6,27,"R6 P27 18/5/18 (V3)","V","V","MX",1,7,"6/8/18",NA,1.91,NA,"H","S","H","H","H","S","S","","","","","","","","",1,NA,NA,"",3,4,0,7,0.428571428571429,0.571428571428571,0,"627",304,20,-0.19716304594762,1.49390369164178,1.69941898648863,0.647103242058538,0.902872172104051,284
"426","EG","F","Ground","S1S",2017,"18/5/18",6,27,"R6 P27 18/5/18 (V4)","V","V","MX",1,7,"16/8/18",NA,0.62,NA,"H","H","H","S","H","H","S","","","","","","","","",1,NA,NA,"",2,5,0,7,0.285714285714286,0.714285714285714,0,"627",27,1,-0.715891164221307,-0.535187411929042,-0.386189990467529,-0.478035800943,0.902872172104051,26
"427","EG","F","Ground","S1S",2017,"16/5/18",6,33,"R6 P33 17/5/18 (V2)","V","V","MX",1,7,"16/8/18",NA,0.98,NA,"S","S","H","H","S","S","S","","","","","","","","",1,NA,NA,"",5,2,0,7,0.714285714285714,0.285714285714286,0,"633",84,2,-0.688589684312166,-0.117648809389198,0.0665003301121022,-0.0202027073175195,0.902872172104051,82
"428","EG","F","Ground","S1S",2017,"17/5/18",2,52,"Juan-13","V","V","MX",1,7,"10/9/18",NA,0.45,NA,"H","H","H","S","S","H","H","","","","","","","","",1,NA,NA,"",2,5,0,7,0.285714285714286,0.714285714285714,0,"252",317,50,0.621881351326622,1.58913179397543,1.56199513916981,-0.798507696217772,0.902872172104051,267
"441","EG","F","Ground","S1S",2017,"15/5/18",6,34,"R6 P34 15/5/18 (V3)","V","V","MX",1,8,"25/7/18",NA,1.57,NA,"S","S","S","S","S","S","H","S","","","","","","","",1,NA,NA,"",7,1,0,8,0.875,0.125,0,"634",670,127,2.72409530433051,4.17494103426604,3.79311171916942,0.451075619360217,1.19168330040041,543
"442","EG","F","Ground","S1S",2017,"16/5/18",4,17,"R4 P17 16/5/18 (V2)","V","V","MX",1,8,"25/7/18",NA,2.03,NA,"H","H","H","S","S","H","S","H","","","","","","","",1,NA,NA,"",3,5,0,8,0.375,0.625,0,"417",320,1,-0.715891164221307,1.61110750989858,1.9823504368509,0.708035793053696,1.19168330040041,319
"443","EG","F","Ground","S1S",2017,"8/5/18",2,57,"R2 P57 8/5/18 (V1)","V","V","MX",1,8,NA,NA,NA,NA,"H","H","H","H","S","H","H","H","","","","","","","",1,NA,NA,"",1,7,0,8,0.125,0.875,0,"257",139,25,-0.0606556464019133,0.285239315868546,0.325180513300463,NA,1.19168330040041,114
"444","EG","F","Ground","S1S",2017,"10/5/18",4,19,"R4 P19 10/5/18 (V3)","V","V","MX",1,8,"16/8/18",NA,0.53,NA,"H","H","H","S","S","S","H","H","","","","","","","",1,NA,NA,"",3,5,0,8,0.375,0.625,0,"419",61,1,-0.715891164221307,-0.286129298133346,-0.111342295829896,-0.63487827243597,1.19168330040041,60
"449","EG","F","Ground","S1S",2017,"14/5/18",6,30,"R6 P30 14/5/18 (V2)","V","V","MX",1,9,"25/7/18",NA,1.33,NA,"H","H","S","S","H","H","H","H","H","","","","","","",1,NA,NA,"",2,7,0,9,0.222222222222222,0.777777777777778,0,"630",181,16,-0.306368965584186,0.592899338792641,0.737452055256912,0.285178942233662,1.48049442869678,165
"450","EG","F","Ground","S1S",2017,"10/5/18",4,29,"R4 P29 10/5/18 (V3)","V","V","MX",1,9,"25/7/18",NA,1.73,NA,"H","H","H","S","S","H","H","H","S","","","","","","",1,NA,NA,"",3,6,0,9,0.333333333333333,0.666666666666667,0,"429",128,19,-0.224464525856762,0.204661690816997,0.284761734677281,0.548121408509688,1.48049442869678,109
"451","EG","F","Ground","S1S",2017,"18/5/18",4,12,"Juan-23","V","V","MX",1,10,"6/8/18",NA,1.08,NA,"S","H","S","S","S","H","H","H","H","H","","","","","",1,NA,NA,"",4,6,0,10,0.4,0.6,0,"412",251,127,2.72409530433051,1.10566604366613,0.406018070546825,0.0769610411361284,1.76930555699314,124
"452","EG","F","Ground","S1S",2017,"17/5/17",6,24,"Juan-18","V","V","MX",1,9,"6/8/18",NA,1.83,NA,"S","H","H","S","H","S","H","H","H","","","","","","",1,NA,NA,"",3,6,0,9,0.333333333333333,0.666666666666667,0,"624",221,16,-0.306368965584186,0.885908884434636,1.06080228424236,0.60431596685333,1.48049442869678,205
"457","EG","F","Ground","S1S",2018,"10/5/18",4,16,"R4 P16 10/5/18(V2)","V","V","MX",1,10,"25/7/18",NA,1.89,NA,"H","H","H","H","H","H","H","H","S","H","","","","","",1,NA,NA,"",1,9,0,10,0.1,0.9,0,"416",180,10,-0.470177845039035,0.585574100151591,0.777870833880094,0.636576829071551,1.76930555699314,170
"458","EG","F","Ground","S1S",2018,"15/5/18",4,21,"Juan-4","V","V","MX",1,10,"6/8/18",NA,1.19,NA,"S","H","S","H","S","H","S","S","S","S","","","","","",1,NA,NA,"",7,3,0,10,0.7,0.3,0,"421",405,24,-0.0879571263110547,2.23375279438782,2.48354329177835,0.173953307123438,1.76930555699314,381
"459","EG","F","Ground","S1S",2018,"10/5/18",4,29,"R4 P29 10/5/18 (V2)","V","V","MX",1,11,"25/7/18",NA,1.47,NA,"H","H","S","H","H","S","H","H","S","S","S","","","","",1,NA,NA,"",5,6,0,11,0.454545454545455,0.545454545454545,0,"429",129,2,-0.688589684312166,0.211986929458047,0.430269337720734,0.385262400790645,2.0581166852895,127
"460","EG","F","Ground","S1S",2018,"16/5/18",6,33,"R6 P33 17/5/18 (V3)","V","V","MX",1,11,"25/7/18",NA,1.5,NA,"H","H","S","H","S","S","S","H","H","H","H","","","","",1,NA,NA,"",4,7,0,11,0.363636363636364,0.636363636363636,0,"633",247,1,-0.715891164221307,1.07636508910193,1.39223626895245,0.405465108108164,2.0581166852895,246
"461","EG","F","Ground","S1S",2018,"11/5/18",6,9,"R6 P9 11/5/18 (V1)","V","V","MX",1,11,"25/7/18",NA,1.57,NA,"S","S","S","S","S","H","H","H","H","S","H","","","","",1,NA,NA,"",6,5,0,11,0.545454545454545,0.454545454545455,0,"69",318,31,0.103153233052935,1.59645703261648,1.72367025366254,0.451075619360217,2.0581166852895,287
"462","EG","F","Ground","S1S",2018,"9/5/18",2,30,"R2 P30 9/5/18 (V2)","V","V","MX",1,12,"6/8/18",NA,1.42,NA,"H","H","H","H","H","H","H","H","H","S","H","","","","",1,NA,NA,"",1,10,0,11,0.0909090909090909,0.909090909090909,0,"230",167,12,-0.415574885220752,0.490345997817942,0.65661449801055,0.350656871613169,2.0581166852895,155
"463","EG","F","Ground","S1S",2018,"17/5/18",6,24,"Juan-20","V","V","MX",1,12,"31/8/18",NA,0.52,NA,"S","H","S","H","S","S","S","S","H","H","H","H","","","",1,NA,NA,"",6,6,0,12,0.5,0.5,0,"624",686,189,4.41678705869728,4.29214485252283,3.42125895583615,-0.653926467406664,2.34692781358587,497
"464","EG","F","Ground","S1S",2018,"17/5/18",6,24,"Juan-19","V","V","MX",1,14,"6/8/18",NA,1.73,NA,"H","S","S","H","H","S","S","S","S","S","H","H","H","H","",1,NA,NA,"",7,7,0,14,0.5,0.5,0,"624",443,37,0.266962112507784,2.51211186274771,2.68563718489425,0.548121408509688,2.92455007017859,406
"465","EG","F","Ground","S1S",2018,"10/5/18",4,29,"R4 P29 10/5/18 (V1)","V","V","MX",1,14,"25/7/18",NA,1.77,NA,"H","H","H","H","S","S","S","S","H","S","H","S","S","S","",1,NA,NA,"",8,6,0,14,0.571428571428571,0.428571428571429,0,"429",217,16,-0.306368965584186,0.856607929870437,1.02846726134382,0.570979546585738,2.92455007017859,201
"466","EG","F","Ground","S1S",2018,"14/5/18",2,22,"R2 P22 14/5/18 (V2)","V","V","MX",1,15,"25/7/18",NA,0.91,NA,"H","H","H","H","H","H","H","H","S","S","H","H","H","H","S",1,NA,NA,"",3,12,0,15,0.2,0.8,0,"222",430,1,-0.715891164221307,2.41688376041406,2.87156356656089,-0.0943106794712413,3.21336119847495,429
"467","EG","F","Ground","S1S",2018,"16/5/18",4,17,"R4 P17 16/5/18 (V1)","V","V","MX",1,15,"25/7/18",NA,1.85,NA,"H","H","S","H","H","S","S","S","H","H","S","S","S","H","H",1,NA,NA,"",7,8,0,15,0.466666666666667,0.533333333333333,0,"417",660,3,-0.661288204403025,4.10168864785554,4.71465987177795,0.615185639090233,3.21336119847495,657
"468","EG","F","Ground","S1S",2018,"10/5/18",4,28,"R4 P28 10/5/18 (V1)","V","V","MX",1,15,"25/7/18",NA,1.94,NA,"S","S","S","S","S","S","S","S","S","H","H","H","H","H","H",1,NA,NA,"",9,6,0,15,0.6,0.4,0,"428",396,13,-0.38827340531161,2.16782564661837,2.49971080322762,0.662687973075237,3.21336119847495,383
"469","EG","F","Ground","S1S",2018,"11/5/18",6,23,"R6 P23 11/5/18 (V2)","V","V","MX",1,15,"25/7/18",NA,2.03,NA,"H","H","S","H","H","H","S","S","S","S","S","H","H","H","S",1,NA,NA,"",7,8,0,15,0.466666666666667,0.533333333333333,0,"623",652,16,-0.306368965584186,4.04308673872714,4.54490100156059,0.708035793053696,3.21336119847495,636
"470","EG","F","Ground","S1S",2018,"18/5/18",6,27,"R6 P27 18/5/18 (V5)","V","V","MX",1,15,"6/8/18",NA,1.99,NA,"H","H","H","S","H","H","S","S","H","H","H","S","S","S","S",1,NA,NA,"",7,8,0,15,0.466666666666667,0.533333333333333,0,"627",515,31,0.103153233052935,3.0395290449033,3.31617013141588,0.688134638736401,3.21336119847495,484
"471","EG","F","Ground","S1S",2018,"9/5/18",2,30,"R2 P30 9/5/18 (V1)","V","V","MX",1,15,"6/8/18",NA,1.42,NA,"H","H","H","H","H","H","S","S","S","H","S","S","H","S","S",1,NA,NA,"",7,8,0,15,0.466666666666667,0.533333333333333,0,"230",162,15,-0.333670445493328,0.453719804612693,0.591944452213459,0.350656871613169,3.21336119847495,147
"472","EG","F","Ground","S1S",2018,"15/5/18",4,21,"Juan-3","V","V","MX",1,15,"6/8/18",NA,1.66,NA,"S","H","S","S","H","H","H","S","H","S","S","S","S","H","H",1,NA,NA,"",8,7,0,15,0.533333333333333,0.466666666666667,0,"421",405,44,0.458072471871774,2.23375279438782,2.32186817728562,0.506817602368452,3.21336119847495,361
"473","EG","F","Ground","S1S",2018,"16/5/18",6,33,"R6 P33 17/5/18 (V1)","V","V","MX",0,15,"",NA,NA,NA,"H","H","H","S","H","S","H","H","H","H","S","S","S","H","H",1,NA,NA,"",5,10,0,15,0.333333333333333,0.666666666666667,0,"633",528,15,-0.333670445493328,3.13475714723695,3.55059904743033,NA,3.21336119847495,513
"556","EG","F","Ground","S1S",2017,"16/5/17",5,17,"S1S-A-13","V","V","SB",1,1,"7/9/17",NA,0.458,NA,"S","","","","","","","","","","","","","","",1,NA,NA,"",1,0,0,1,1,0,0,"517",35,35,0.212359152689501,-0.476585502800643,-0.596367639308072,-0.780886094867952,-0.829994597674127,0
"557","EG","F","Ground","SFI",2017,"2/5/17",8,16,"SF-J-3","V","V","SB",1,1,"20/7/17",11.7698,0.83,NA,"S","","","","","","","","","","","","","","",1,NA,284.4167972,"",1,0,0,1,1,0,0,"816",120,120,2.53298494496652,0.146059781688598,-0.596367639308072,-0.186329578191493,-0.829994597674127,0
"558","EG","F","Ground","S1S",2017,"18/5/17",6,9,"S1S-R-14","V","V","SB",1,1,"10/8/17",15.4576,1.52,NA,"S","","","","","","","","","","","","","","",1,NA,242.6930082,"",1,0,0,1,1,0,0,"69",60,60,0.894896150418036,-0.293454536774396,-0.596367639308072,0.418710334858185,-0.829994597674127,0
"559","EG","F","Ground","S1S",2017,"10/5/17",4,16,"S1S-J-71","V","V","SB",0,1,NA,NA,NA,NA,"S","","","","","","","","","","","","","","",1,NA,NA,"",1,0,0,1,1,0,0,"416",2,2,-0.688589684312166,-0.718318377955289,-0.596367639308072,NA,-0.829994597674127,0
"560","EG","F","Ground","S1S",2017,"11/5/17",5,8,"S1S-LK-3","V","V","SB",0,1,NA,NA,NA,NA,"S","","","","","","","","","","","","","","",1,NA,NA,"",1,0,0,1,1,0,0,"58",2,2,-0.688589684312166,-0.718318377955289,-0.596367639308072,NA,-0.829994597674127,0
"561","EG","F","Ground","S1S",2017,"11/5/17",5,8,"S1S-LK-5","V","V","SB",0,1,NA,NA,NA,NA,"S","","","","","","","","","","","","","","",1,NA,NA,"",1,0,0,1,1,0,0,"58",2,2,-0.688589684312166,-0.718318377955289,-0.596367639308072,NA,-0.829994597674127,0
"562","EG","F","Ground","S1S",2017,"12/5/17",5,8,"S1S-LK-13","V","V","SB",0,1,NA,NA,NA,NA,"S","","","","","","","","","","","","","","",1,NA,NA,"",1,0,0,1,1,0,0,"58",47,47,0.539976911599198,-0.388682639108044,-0.596367639308072,NA,-0.829994597674127,0
"563","EG","F","Ground","S1S",2017,"15/5/17",5,24,"S1S-J-94","V","V","SB",0,1,NA,NA,NA,NA,"S","","","","","","","","","","","","","","",1,NA,NA,"",1,0,0,1,1,0,0,"524",5,5,-0.606685244584742,-0.69634266203214,-0.596367639308072,NA,-0.829994597674127,0
"564","EG","F","Ground","S1S",2017,"18/5/17",7,21,"S1S-J-120","V","V","SB",0,1,NA,NA,NA,NA,"S","","","","","","","","","","","","","","",1,NA,NA,"",1,0,0,1,1,0,0,"721",5,5,-0.606685244584742,-0.69634266203214,-0.596367639308072,NA,-0.829994597674127,0
"565","EG","F","Ground","SFI",2017,"8/5/17",6,2,"SF-LK-2","V","V","SB",0,1,NA,NA,NA,NA,"S","","","","","","","","","","","","","","",1,NA,NA,"",1,0,0,1,1,0,0,"62",25,25,-0.0606556464019133,-0.549837889211142,-0.596367639308072,NA,-0.829994597674127,0
"566","EG","F","Ground","SFI",2017,"9/5/17",6,9,"SF-J-60","V","V","SB",0,1,NA,NA,NA,NA,"S","","","","","","","","","","","","","","",1,NA,NA,"",1,0,0,1,1,0,0,"69",50,50,0.621881351326622,-0.366706923184895,-0.596367639308072,NA,-0.829994597674127,0
"567","EG","F","Ground","SFI",2017,"9/5/17",6,9,"SF-J-61","V","V","SB",0,1,NA,NA,NA,NA,"S","","","","","","","","","","","","","","",1,NA,NA,"",1,0,0,1,1,0,0,"69",60,60,0.894896150418036,-0.293454536774396,-0.596367639308072,NA,-0.829994597674127,0
"568","EG","F","Ground","SFI",2017,"5/5/17",7,26,"SF-L-6","V","V","SB",0,1,NA,NA,NA,NA,"S","","","","","","","","","","","","","","",1,NA,NA,"",1,0,0,1,1,0,0,"726",5,5,-0.606685244584742,-0.69634266203214,-0.596367639308072,NA,-0.829994597674127,0
"569","EG","F","Ground","S1S",2017,"10/5/17",3,14,"S1S-L-1","V","V","SB",1,1,NA,NA,NA,NA,"S","","","","","","","","","","","","","","",1,NA,NA,"",1,0,0,1,1,0,0,"314",30,30,0.0758517531437938,-0.513211696005892,-0.596367639308072,NA,-0.829994597674127,0
"570","EG","F","Ground","S1S",2017,"12/5/17",5,10,"S1S-L-6","V","V","SB",1,1,NA,NA,NA,NA,"S","","","","","","","","","","","","","","",1,NA,NA,"",1,0,0,1,1,0,0,"510",1,1,-0.715891164221307,-0.725643616596339,-0.596367639308072,NA,-0.829994597674127,0
"571","EG","F","Ground","SFI",2017,"8/5/17",6,2,"SF-LK-1","V","V","SB",1,1,NA,NA,NA,NA,"S","","","","","","","","","","","","","","",1,NA,NA,"",1,0,0,1,1,0,0,"62",40,40,0.348866552235208,-0.439959309595394,-0.596367639308072,NA,-0.829994597674127,0
"572","EG","F","Ground","SFI",2017,"4/5/17",7,26,"SF-L-4","V","V","SB",1,1,NA,NA,NA,NA,"S","","","","","","","","","","","","","","",1,NA,NA,"",1,0,0,1,1,0,0,"726",7,7,-0.552082284766459,-0.68169218475004,-0.596367639308072,NA,-0.829994597674127,0
"573","EG","F","Ground","SFI",2017,"2/5/17",9,15,"SF-A-1","V","V","SB",1,1,NA,NA,NA,NA,"S","","","","","","","","","","","","","","",1,NA,NA,"",1,0,0,1,1,0,0,"915",0,NA,NA,-0.732968855237389,NA,NA,-0.829994597674127,NA
"574","EG","F","Ground","S1S",2017,"17/5/18",2,52,"Juan-14","V","V","SB",1,1,"25/7/18",NA,1.28,NA,"S","","","","","","","","","","","","","","",1,NA,NA,"",1,0,0,1,1,0,0,"252",189,189,4.41678705869728,0.65150124792104,-0.596367639308072,0.246860077931526,-0.829994597674127,0
"575","EG","F","Ground","S1S",2017,"18/5/18",4,12,"Juan-21","V","V","SB",1,1,NA,NA,NA,NA,"S","","","","","","","","","","","","","","",1,NA,NA,"",1,0,0,1,1,0,0,"412",120,120,2.53298494496652,0.146059781688598,-0.596367639308072,NA,-0.829994597674127,0
"576","EG","F","Ground","S1S",2017,"16/5/18",4,24,"Juan-7","V","V","SB",0,1,NA,NA,NA,NA,"S","","","","","","","","","","","","","","",1,NA,NA,"",1,0,0,1,1,0,0,"424",122,122,2.5875879047848,0.160710258970697,-0.596367639308072,NA,-0.829994597674127,0
"580","EG","F","Ground","S1S",2017,"12/5/17",5,17,"S1S-A-9","V","V","SB",1,2,"10/8/17",12.1052,1.04,90,"S","S","","","","","","","","","","","","","",1,NA,242.2591526,"",2,0,0,2,1,0,0,"517",12,2,-0.688589684312166,-0.64506599154479,-0.515530082061709,0.0392207131532813,-0.541183469377764,10
"581","EG","F","Ground","S1S",2017,"12/5/17",5,10,"S1S-L-4","V","V","SB",1,2,"3/8/17",14.0242,1.2,83,"S","S","","","","","","","","","","","","","",1,NA,256.407333,"",2,0,0,2,1,0,0,"510",47,2,-0.688589684312166,-0.388682639108044,-0.23259863169944,0.182321556793955,-0.541183469377764,45
"582","EG","F","Ground","S1S",2017,"16/5/17",5,21,"S1S-R-13","V","V","SB",1,2,"3/8/17",14.7246,1.33,79,"S","S","","","","","","","","","","","","","",1,NA,212.7641625,"",2,0,0,2,1,0,0,"521",40,8,-0.524780804857317,-0.439959309595394,-0.337687456119711,0.285178942233662,-0.541183469377764,32
"583","EG","F","Ground","S1S",2017,"16/5/17",5,7,"S1S-L-15","V","V","SB",0,2,NA,NA,NA,NA,"S","S","","","","","","","","","","","","","",1,NA,NA,"",2,0,0,2,1,0,0,"57",26,15,-0.333670445493328,-0.542512650570092,-0.507446326337073,NA,-0.541183469377764,11
"584","EG","F","Ground","S1S",2017,"16/5/17",5,9,"S1S-J-95","V","V","SB",0,2,NA,NA,NA,NA,"S","S","","","","","","","","","","","","","",1,NA,NA,"",2,0,0,2,1,0,0,"59",10,5,-0.606685244584742,-0.65971646882689,-0.55594886068489,NA,-0.541183469377764,5
"585","EG","F","Ground","SFI",2017,"5/5/17",5,35,"SF-J-32","V","V","SB",0,2,NA,NA,NA,NA,"S","S","","","","","","","","","","","","","",1,NA,NA,"",2,0,0,2,1,0,0,"535",2,NA,NA,-0.718318377955289,NA,NA,-0.541183469377764,NA
"586","EG","F","Ground","S1S",2017,"11/5/17",5,11,"S1S-J-79","V","V","SB",1,2,NA,NA,NA,NA,"S","S","","","","","","","","","","","","","",1,NA,NA,"",2,0,0,2,1,0,0,"511",7,2,-0.688589684312166,-0.68169218475004,-0.55594886068489,NA,-0.541183469377764,5
"587","EG","F","Ground","S1S",2017,"16/5/17",5,17,"S1S-A-14","V","V","SB",1,2,NA,NA,NA,NA,"S","S","","","","","","","","","","","","","",1,NA,NA,"",2,0,0,2,1,0,0,"517",87,42,0.403469512053491,-0.0956730934660488,-0.23259863169944,NA,-0.541183469377764,45
"588","EG","F","Ground","S1S",2017,"15/5/17",5,24,"S1S-J-93","V","V","SB",1,2,NA,NA,NA,NA,"S","S","","","","","","","","","","","","","",1,NA,NA,"",2,0,0,2,1,0,0,"524",27,2,-0.688589684312166,-0.535187411929042,-0.394273746192165,NA,-0.541183469377764,25
"589","EG","F","Ground","S1S",2017,"15/5/18",6,34,"R6 P34 15/5/18 (V2)","V","V","SB",1,2,NA,NA,NA,NA,"S","S","","","","","","","","","","","","","",1,NA,NA,"",2,0,0,2,1,0,0,"634",3,2,-0.688589684312166,-0.710993139314239,-0.588283883583435,NA,-0.541183469377764,1
"591","EG","F","Ground","S1S",2017,"15/5/17",5,8,"S1S-R-1","V","V","SB",1,3,"26/9/17",7.603,0.35,134,"S","S","S","","","","","","","","","","","","",1,NA,181.13,"",3,0,0,3,1,0,0,"58",4,1,-0.715891164221307,-0.70366790067319,-0.572116372134163,-1.04982212449868,-0.252372341081401,3
"592","EG","F","Ground","S1S",2017,"11/5/17",5,8,"S1S-LK-6","V","V","SB",1,3,"7/9/17",NA,0.477,119,"S","S","S","","","","","","","","","","","","",1,NA,NA,"",3,0,0,3,1,0,0,"58",7,3,-0.661288204403025,-0.68169218475004,-0.564032616409527,-0.740238788093796,-0.252372341081401,4
"593","EG","F","Ground","S1S",2017,"11/5/17",4,4,"S1S-LK-7","V","V","SB",1,3,"20/7/17",15.819,1.18,70,"S","S","S","","","","","","","","","","","","",1,NA,190.3680561,"",3,0,0,3,1,0,0,"44",168,48,0.567278391508339,0.497671236458992,0.37368304764828,0.165514438477573,-0.252372341081401,120
"594","EG","F","Ground","S1S",2017,"11/5/17",6,11,"S1S-A-1","V","V","SB",1,3,"20/7/17",13.8767,1.25,70,"S","S","S","","","","","","","","","","","","",1,NA,250.1168486,"",3,0,0,3,1,0,0,"611",145,61,0.922197630327178,0.329190747714845,0.0826678415613747,0.22314355131421,-0.252372341081401,84
"595","EG","F","Ground","SFI",2017,"2/5/17",9,15,"SF-A-3","V","V","SB",1,3,"13/7/17",16.2935,1.691,72,"S","S","S","","","","","","","","","","","","",1,NA,280.3997563,"",3,0,0,3,1,0,0,"915",376,170,3.89805894042359,2.02132087379737,1.068886039967,0.525320069916443,-0.252372341081401,206
"596","EG","F","Ground","S1S",2017,"11/5/17",4,4,"S1S-LK-9","V","V","SB",1,4,"25/7/17",17.1646,1.853,75,"S","S","S","S","","","","","","","","","","","",1,NA,211.3181669,"",4,0,0,4,1,0,0,"44",175,60,0.894896150418036,0.548947906946342,0.333264269025099,0.616805947303223,0.0364387872149617,115
"597","EG","F","Ground","S1S",2017,"16/5/17",5,17,"S1S-A-12","V","V","SB",1,4,NA,NA,NA,NA,"S","S","S","","","","","","","","","","","","",1,NA,NA,"",3,0,0,3,1,0,0,"517",51,36,0.239660632598642,-0.359381684543845,-0.475111303438528,NA,-0.252372341081401,15
"598","EG","F","Ground","S1S",2017,"15/5/17",5,24,"S1S-J-90","V","V","SB",1,4,NA,NA,NA,NA,"S","S","S","S","","","","","","","","","","","",1,NA,NA,"",4,0,0,4,1,0,0,"524",75,30,0.0758517531437938,-0.183575957158647,-0.23259863169944,NA,0.0364387872149617,45
"599","EG","F","Ground","S1S",2017,"16/5/17",5,17,"S1S-A-11","V","V","SB",1,5,"26/9/17",9.301,0.444,133,"S","S","S","S","S","","","","","","","","","","",1,NA,202.18,"",5,0,0,5,1,0,0,"517",158,24,-0.0879571263110547,0.424418850048493,0.486855627793188,-0.811930716549912,0.325249915511325,134
"600","EG","F","Ground","S1S",2017,"16/5/17",5,13,"S1S-J-96","V","V","SB",1,5,"4/8/17",12.8954,0.929,80,"S","S","S","S","S","","","","","","","","","","",1,NA,272.0708686,"",5,0,0,5,1,0,0,"513",195,60,0.894896150418036,0.695452679767339,0.494939383517824,-0.0736465401682985,0.325249915511325,135
"601","EG","F","Ground","S1S",2017,"11/5/17",6,11,"S1S-A-2","V","V","SB",1,5,"20/7/17",13.4333,1.25,70,"S","S","S","S","S","","","","","","","","","","",1,NA,306.9913069,"",5,0,0,5,1,0,0,"611",282,59,0.867594670508895,1.33274844153868,1.20630988728582,0.22314355131421,0.325249915511325,223
"602","EG","F","Ground","S1S",2017,"11/5/17",4,4,"S1S-LK-8","V","V","SB",1,5,"20/7/17",16.728,1.87,70,"S","S","S","S","S","","","","","","","","","","",1,NA,194.4306442,"",5,0,0,5,1,0,0,"44",181,38,0.294263592416925,0.592899338792641,0.559609429314914,0.625938430866495,0.325249915511325,143
"603","EG","F","Ground","S1S",2017,"11/5/17",5,8,"S1S-LK-4","V","V","SB",0,5,NA,NA,NA,NA,"S","S","S","S","S","","","","","","","","","","",1,NA,NA,"",5,0,0,5,1,0,0,"58",247,120,2.53298494496652,1.07636508910193,0.430269337720734,NA,0.325249915511325,127
"604","EG","F","Ground","S1S",2017,"15/5/17",5,24,"S1S-J-91","V","V","SB",0,5,NA,NA,NA,NA,"S","S","S","S","S","","","","","","","","","","",1,NA,NA,"",5,0,0,5,1,0,0,"524",19,2,-0.688589684312166,-0.593789321057441,-0.458943791989255,NA,0.325249915511325,17
