"","BLOCK","DAY","MONTH","YEAR","ROW","PLANT","FLOWER","Height","Width","Weight","Druplets","Crumbliness","Tag","TREATMENT","POLLINATORS","VISIT1","VISIT2","VISIT3","VISIT4","VISIT5","VISIT6","VISIT7","VISIT8","VISIT9","VISIT10","VISIT11","VISIT12","VISIT13","VISIT14","VISIT15","VISIT16","VISIT17","VISIT18","VISIT19","VISIT20","VISIT21","VISIT22","VISIT23","VISIT24","VISIT25","VISIT26","VISIT27","VISIT28","VISIT29","Total.visits","TOTAL.TIME","stingless_bee","honey_bee","sumvisits","p_stingless_bee","p_honey_bee","duration","V1D","cent_d","cent_v1","cent_sd"
"1","24I_",NA,NA,2017,"46_","2_",704,14.03,17.05,1.95,46,2,"24I_46_2_704","V","HB","H","H","H","H","H","","","","","","","","","","","","","","","","","","","","","","","","",5,93,0,5,5,0,1,93,67,-0.0647179749679627,1.91754585543871,-0.811821648256783
"2","24I_",NA,NA,2017,"46_","2_",705,18.05,17.24,3.32,81,1,"24I_46_2_705","V","HB","H","H","H","H","","","","","","","","","","","","","","","","","","","","","","","","","",4,53,0,4,4,0,1,53,8,-0.677835632559187,-0.510082872308459,-0.508339289429997
"3","24I_",NA,NA,2017,"46_","2_",706,19.65,18.14,3.39,92,2,"24I_46_2_706","V","HB","H","H","H","","","","","","","","","","","","","","","","","","","","","","","","","","",3,50,0,3,3,0,1,50,8,-0.723819456878529,-0.510082872308459,-0.556257556613174
"4","24I_",NA,NA,2017,"46_","4_",707,15.86,17.95,2.84,53,1,"24I_46_4_707","V","HB","H","H","H","","","","","","","","","","","","","","","","","","","","","","","","","","",3,77,0,3,3,0,1,77,72,-0.309965038004453,2.12327710355288,-1.14724951853902
"5","24I_",NA,NA,2017,"46_","4_",708,24.36,20.48,4.38,126,3,"24I_46_4_708","V","HB","H","H","H","H","H","","","","","","","","","","","","","","","","","","","","","","","","",5,78,0,5,5,0,1,78,4,-0.294637096564672,-0.674667870799792,-0.0451293733259548
"6","24I_",NA,NA,2017,"46_","4_",710,24.57,21.87,5.06,137,3,"24I_46_4_710","V","HB","H","H","","","","","","","","","","","","","","","","","","","","","","","","","","","",2,21,0,2,2,0,1,21,10,-1.16832975863217,-0.427790373062792,-1.05141298417267
"7","24I_",NA,NA,2017,"46_","4_",711,16.89,17.45,2.66,67,2,"24I_46_4_711","V","Mixed","H","H","H","H","H","S","S","","","","","","","","","","","","","","","","","","","","","","",7,95,2,5,7,0.285714285714286,0.714285714285714,95,23,-0.0340620920884015,0.107110872034043,-0.077074884781406
"8","24I_",NA,NA,2017,"46_","4_",712,12.7,16.54,2.93,46,1,"24I_46_4_712","V","SB","S","S","S","S","","","","","","","","","","","","","","","","","","","","","","","","","",4,78,4,0,4,1,0,78,25,-0.294637096564672,0.189403371279709,-0.380557243608192
"9","24I_",NA,NA,2017,"46_","17_",719,17.19,18.9,3.11,82,2,"24I_46_17_719","V","HB","H","H","H","H","H","H","","","","","","","","","","","","","","","","","","","","","","","",6,118,0,6,6,0,1,118,24,0.318480561026553,0.148257121656876,0.274325741228557
"10","24I_",NA,NA,2017,"46_","17_",720,15.79,19.62,2.42,63,2,"24I_46_17_720","V","HB","H","H","","","","","","","","","","","","","","","","","","","","","","","","","","","",2,53,0,2,2,0,1,53,32,-0.677835632559187,0.477427118639543,-0.891685426895411
"11","24I_",NA,NA,2017,"46_","17_",721,19.72,17.37,2.08,31,1,"24I_46_17_721","V","HB","H","H","H","H","","","","","","","","","","","","","","","","","","","","","","","","","",4,52,0,4,4,0,1,52,15,-0.693163573998968,-0.222059124948625,-0.636121335251802
"12","24I_",NA,NA,2017,"46_","17_",723,16.32,19.86,3.04,64,1,"24I_46_17_723","V","HB","H","H","H","H","H","H","","","","","","","","","","","","","","","","","","","","","","","",6,94,0,6,6,0,1,94,8,-0.0493900335281821,-0.510082872308459,0.146543695406752
"13","24I_",NA,NA,2017,"46_","27_",728,17.24,15.44,2.21,69,2,"24I_46_27_728","V","Mixed","S","S","H","S","H","S","","","","","","","","","","","","","","","","","","","","","","","",6,349,4,2,6,0.666666666666667,0.333333333333333,349,90,3.85923503361587,2.86390959676388,2.90983043630328
"14","24I_",NA,NA,2017,"46_","27_",730,17.46,14.56,1.96,52,2,"24I_46_27_730","V","HB","H","H","H","H","H","","","","","","","","","","","","","","","","","","","","","","","","",5,153,0,5,5,0,1,153,87,0.854958511418874,2.74047084789538,-0.17291141914776
"15","24I_",NA,NA,2017,"46_","27_",731,13.27,13.86,1.29,56,1,"24I_46_27_731","V","HB","H","H","H","H","H","H","","","","","","","","","","","","","","","","","","","","","","","",6,143,0,6,6,0,1,143,107,0.701679097021068,3.56339584035205,-0.652094090979527
"16","24I_",NA,NA,2017,"46_","27_",732,16.35,16.02,2.34,97,3,"24I_46_27_732","V","HB","H","H","","","","","","","","","","","","","","","","","","","","","","","","","","","",2,71,0,2,2,0,1,71,67,-0.401932686643136,1.91754585543871,-1.16322227426675
"17","24I_",NA,NA,2017,"46_","27_",733,16.78,16.17,2.25,67,2,"24I_46_27_733","V","Mixed","S","S","H","H","","","","","","","","","","","","","","","","","","","","","","","","","",4,123,2,2,4,0.5,0.5,123,2,0.395120268225456,-0.756960370045459,0.705590145877148
"18","24I_",NA,NA,2017,"6_","1_",734,23.22,20.64,3.62,107,2,"24I_6_1_734","V","HB","H","H","H","H","","","","","","","","","","","","","","","","","","","","","","","","","",4,26,0,4,4,0,1,26,12,-1.09169005143326,-0.345497873817125,-1.00349471698949
"19","24I_",NA,NA,2017,"6_","1_",735,15.14,16.6,1.49,13,1,"24I_6_1_735","V","SB","S","","","","","","","","","","","","","","","","","","","","","","","","","","","","",1,6,1,0,1,1,0,6,6,-1.39824888022888,-0.592375371554126,-1.22711329717765
"20","24I_",NA,NA,2017,"6_","1_",736,21.92,19.92,3.08,112,2,"24I_6_1_736","V","Mixed","S","S","H","H","H","H","S","S","S","S","H","H","S","","","","","","","","","","","","","","","","",13,113,7,6,13,0.538461538461538,0.461538461538462,113,3,0.24184085382765,-0.715814120422626,0.529889832872167
"21","24I_",NA,NA,2017,"6_","1_",737,20.76,19.98,3.4,98,3,"24I_6_1_737","V","HB","H","H","","","","","","","","","","","","","","","","","","","","","","","","","","","",2,10,0,2,2,0,1,10,6,-1.33693711446975,-0.592375371554126,-1.16322227426675
"22","24I_",NA,NA,2017,"6_","1_",738,7.61,14.6,0.75,13,1,"24I_6_1_738","V","HB","H","H","H","H","H","H","","","","","","","","","","","","","","","","","","","","","","","",6,56,0,6,6,0,1,56,3,-0.631851808239845,-0.715814120422626,-0.380557243608192
"23","24I_",NA,NA,2017,"6_","1_",739,19.01,18.13,2.56,76,2,"24I_6_1_739","V","HB","H","H","H","H","H","","","","","","","","","","","","","","","","","","","","","","","","",5,42,0,5,5,0,1,42,3,-0.846442988396774,-0.715814120422626,-0.60417582379635
"24","24I_",NA,NA,2017,"6_","12_",748,5.49,11.97,0.29,6,1,"24I_6_12_748","V","Mixed","H","S","H","S","","","","","","","","","","","","","","","","","","","","","","","","","",4,41,2,2,4,0.5,0.5,41,3,-0.861770929836555,-0.715814120422626,-0.620148579524076
"25","24I_",NA,NA,2017,"6_","12_",749,10.53,17.72,1.2,19,1,"24I_6_12_749","V","HB","H","H","","","","","","","","","","","","","","","","","","","","","","","","","","","",2,54,0,2,2,0,1,54,44,-0.662507691119407,0.971182114113544,-1.06738573990039
"26","24I_",NA,NA,2017,"6_","26_",750,15.32,18.45,1.83,49,2,"24I_6_26_750","V","SB","S","","","","","","","","","","","","","","","","","","","","","","","","","","","","",1,15,1,0,1,1,0,15,15,-1.26029740727085,-0.222059124948625,-1.22711329717765
"27","24I_",NA,NA,2017,"6_","26_",751,18.93,17.49,2.31,81,2,"24I_6_26_751","V","SB","S","S","","","","","","","","","","","","","","","","","","","","","","","","","","","",2,12,2,0,2,1,0,12,7,-1.30628123159019,-0.551229121931292,-1.14724951853902
"28","24I_",NA,NA,2017,"6_","26_",752,21.89,19.62,3.46,112,3,"24I_6_26_752","V","Mixed","S","S","H","S","S","S","S","","","","","","","","","","","","","","","","","","","","","","",7,75,6,1,7,0.857142857142857,0.142857142857143,75,19,-0.340620920884014,-0.0574741264572911,-0.332638976425015
"29","24I_",NA,NA,2017,"6_","26_",753,21.9,19.83,3.52,99,3,"24I_6_26_753","V","SB","S","S","S","","","","","","","","","","","","","","","","","","","","","","","","","","",3,34,3,0,3,1,0,34,22,-0.969066519915019,0.0659646224112092,-1.03544022844494
"30","24I_",NA,NA,2017,"6_","26_",755,19.09,18.4,2.77,92,1,"24I_6_26_755","V","HB","H","H","H","","","","","","","","","","","","","","","","","","","","","","","","","","",3,66,0,3,3,0,1,66,12,-0.478572393842039,-0.345497873817125,-0.364584487880467
"31","24I_",NA,NA,2017,"46_","24_",758,14.91,16.76,1.82,54,1,"24I_46_24_758","V","Mixed","S","S","H","H","H","","","","","","","","","","","","","","","","","","","","","","","","",5,108,2,3,5,0.4,0.6,108,24,0.165201146628747,0.148257121656876,0.114598183951301
"32","24I_",NA,NA,2017,"46_","24_",759,14.45,13.79,1.5,42,1,"24I_46_24_759","V","Mixed","S","S","S","S","H","","","","","","","","","","","","","","","","","","","","","","","","",5,43,4,1,5,0.8,0.2,43,24,-0.831115046956993,0.148257121656876,-0.923630938350862
"33","24I_",NA,NA,2017,"46_","24_",760,16.27,17.22,2.45,59,2,"24I_46_24_760","V","Mixed","H","S","H","H","S","H","","","","","","","","","","","","","","","","","","","","","","","",6,60,2,4,6,0.333333333333333,0.666666666666667,60,10,-0.570540042480723,-0.427790373062792,-0.428475510791369
"34","24I_",NA,NA,2017,"46_","30_",763,17.26,16.99,2.85,96,2,"24I_46_30_763","V","Mixed","H","H","H","H","S","S","S","","","","","","","","","","","","","","","","","","","","","","",7,221,3,4,7,0.428571428571429,0.571428571428571,221,12,1.89725852932396,-0.345497873817125,2.111192649917
"35","24I_",NA,NA,2017,"46_","30_",764,7.5,11.42,0.67,25,1,"24I_46_30_764","V","HB","H","","","","","","","","","","","","","","","","","","","","","","","","","","","","",1,4,0,1,1,0,1,4,4,-1.42890476310844,-0.674667870799792,-1.22711329717765
"36","24I_",NA,NA,2017,"46_","37_",765,17.56,15.96,2.38,71,2,"24I_46_37_765","V","HB","H","H","H","","","","","","","","","","","","","","","","","","","","","","","","","","",3,73,0,3,3,0,1,73,63,-0.371276803763575,1.75296085694738,-1.06738573990039
"37","24I_",NA,NA,2017,"46_","37_",766,13.78,15.99,1.5,42,1,"24I_46_37_766","V","Mixed","S","S","H","","","","","","","","","","","","","","","","","","","","","","","","","","",3,54,2,1,3,0.666666666666667,0.333333333333333,54,15,-0.662507691119407,-0.222059124948625,-0.60417582379635
"38","24I_",NA,NA,2017,"46_","37_",767,14.69,13.69,1.76,65,2,"24I_46_37_767","V","HB","H","H","","","","","","","","","","","","","","","","","","","","","","","","","","","",2,12,0,2,2,0,1,12,8,-1.30628123159019,-0.510082872308459,-1.16322227426675
"39","24I_",NA,NA,2017,"46_","37_",768,17.98,16.21,2.36,56,2,"24I_46_37_768","V","HB","H","H","H","H","H","H","H","","","","","","","","","","","","","","","","","","","","","","",7,223,0,7,7,0,1,223,86,1.92791441220352,2.69932459827255,0.961154237520757
"40","KD5D_",18,1,2018,"1_","15_",782,25.44,22.67,5.81,123,3,"KD5D_1_15_782","V","Mixed","S","S","S","S","H","H","S","S","H","H","H","H","H","S","","","","","","","","","","","","","","","",14,206,7,7,14,0.5,0.5,206,24,1.66733940772725,0.148257121656876,1.67992824526841
"41","KD5D_",18,1,2018,"1_","15_",783,21.4,22.83,4.74,83,2,"KD5D_1_15_783","V","Mixed","H","S","S","H","S","S","S","S","S","H","H","H","","","","","","","","","","","","","","","","","",12,262,7,5,12,0.583333333333333,0.416666666666667,262,79,2.52570412835496,2.41130085091271,1.69590100099613
"42","KD5D_",18,1,2018,"1_","15_",784,24.73,22.01,5.53,105,3,"KD5D_1_15_784","V","Mixed","H","H","H","H","H","H","S","H","H","","","","","","","","","","","","","","","","","","","","",9,212,1,8,9,0.111111111111111,0.888888888888889,212,117,1.75930705636593,3.97485833658038,0.290298496956283
"43","KD5D_",18,1,2018,"1_","17_",785,20.68,20.17,3.82,87,2,"KD5D_1_17_785","V","Mixed","H","H","S","H","H","H","S","H","H","","","","","","","","","","","","","","","","","","","","",9,126,2,7,9,0.222222222222222,0.777777777777778,126,70,0.441104092544798,2.04098460430721,-0.332638976425015
"44","KD5D_",18,1,2018,"1_","17_",786,21.77,19.59,3.97,91,3,"KD5D_1_17_786","V","Mixed","H","H","H","S","H","S","H","H","S","S","H","H","","","","","","","","","","","","","","","","","",12,213,4,8,12,0.333333333333333,0.666666666666667,213,12,1.77463499780571,-0.345497873817125,1.9834106040952
"45","KD5D_",18,1,2018,"1_","17_",787,21.21,19.74,3.88,95,3,"KD5D_1_17_787","V","Mixed","H","H","H","H","S","S","S","H","S","H","","","","","","","","","","","","","","","","","","","",10,129,4,6,10,0.4,0.6,129,21,0.487087916864139,0.0248183727883758,0.497944321416715
"46","KD6D_",18,1,2018,"30_","9_",788,22.94,20.42,4.36,99,2,"KD6D_30_9_788","V","HB","H","H","H","H","H","H","H","","","","","","","","","","","","","","","","","","","","","","",7,184,0,7,7,0,1,184,16,1.33012469605207,-0.180912875325791,1.45630966508025
"47","KD6D_",18,1,2018,"30_","9_",789,18.64,17.36,3.12,90,2,"KD6D_30_9_789","V","HB","H","H","","","","","","","","","","","","","","","","","","","","","","","","","","","",2,8,0,2,2,0,1,8,4,-1.36759299734931,-0.674667870799792,-1.16322227426675
"49","KD6D_",18,1,2018,"30_","9_",792,21.27,20.17,4.09,107,3,"KD6D_30_9_792","V","HB","H","H","H","H","H","H","H","H","H","H","","","","","","","","","","","","","","","","","","","",10,147,0,10,10,0,1,147,18,0.76299086278019,-0.0986203760801245,0.833372191698953
"50","KD6D_",18,1,2018,"23_","5_",793,21.23,18.53,3.14,71,1,"KD6D_23_5_793","V","HB","H","H","H","H","H","H","","","","","","","","","","","","","","","","","","","","","","","",6,199,0,6,6,0,1,199,119,1.56004381764878,4.05715083582605,0.0507071610403987
"53","KD8_",18,1,2018,"1_","11_",798,19.85,18.91,3.11,109,2,"KD8_1_11_798","V","Mixed","H","H","H","H","H","H","H","H","H","S","H","S","H","S","S","H","S","","","","","","","","","","","","",17,160,5,12,17,0.294117647058824,0.705882352941177,160,16,0.962254101497338,-0.180912875325791,1.07296352761484
"55","KD8_",18,1,2018,"1_","11_",801,20.84,20.09,3.44,79,3,"KD8_1_11_801","V","HB","H","H","H","H","H","","","","","","","","","","","","","","","","","","","","","","","","",5,130,0,5,5,0,1,130,3,0.50241585830392,-0.715814120422626,0.801426680243501
"56","KD8_",18,1,2018,"1_","11_",802,22.84,21.27,4.03,95,3,"KD8_1_11_802","V","Mixed","S","H","H","H","H","H","H","","","","","","","","","","","","","","","","","","","","","","",7,76,1,6,7,0.142857142857143,0.857142857142857,76,3,-0.325292979444233,-0.715814120422626,-0.0611021290536804
"57","KD8_",18,1,2018,"5_","14_",803,20.28,18.7,2.9,113,2,"KD8_5_14_803","V","HB","H","H","H","H","H","H","H","H","H","H","","","","","","","","","","","","","","","","","","","",10,70,0,10,10,0,1,70,4,-0.417260628082917,-0.674667870799792,-0.17291141914776
"58","KD8_",18,1,2018,"5_","14_",804,20.4,20.63,3.24,104,2,"KD8_5_14_804","V","HB","H","H","H","H","H","H","","","","","","","","","","","","","","","","","","","","","","","",6,86,0,6,6,0,1,86,34,-0.172013565046427,0.55971961788521,-0.396529999335918
"59","KD6C_",19,1,2018,"1_","2_",805,24.09,22.07,4.51,122,3,"KD6C_1_2_805","V","Mixed","S","H","S","S","S","S","S","S","H","S","S","S","S","H","H","S","H","","","","","","","","","","","","",17,200,12,5,17,0.705882352941177,0.294117647058824,200,14,1.57537175908856,-0.263205374571458,1.74381926817931
"60","KD6C_",19,1,2018,"1_","2_",806,20.35,19.74,3.43,104,3,"KD6C_1_2_806","V","Mixed","H","H","H","S","H","H","H","S","S","H","S","H","S","","","","","","","","","","","","","","","","",13,121,5,8,13,0.384615384615385,0.615384615384615,121,24,0.364464385345894,0.148257121656876,0.322244008411734
"61","KD6C_",19,1,2018,"1_","2_",807,23.58,20.91,4.6,122,3,"KD6C_1_2_807","V","Mixed","H","H","H","H","H","S","H","H","S","","","","","","","","","","","","","","","","","","","","",9,53,2,7,9,0.222222222222222,0.777777777777778,53,8,-0.677835632559187,-0.510082872308459,-0.508339289429997
"62","KD6C_",19,1,2018,"1_","2_",808,21.02,18.84,3.29,117,2,"KD6C_1_2_808","V","Mixed","H","H","S","S","S","H","H","H","H","","","","","","","","","","","","","","","","","","","","",9,70,3,6,9,0.333333333333333,0.666666666666667,70,11,-0.417260628082917,-0.386644123439958,-0.284720709241839
"63","KD6C_",19,1,2018,"1_","3_",809,18.98,19.6,2.78,41,1,"KD6C_1_3_809","V","Mixed","S","S","H","S","S","S","H","S","S","S","H","S","S","","","","","","","","","","","","","","","","",13,270,10,3,13,0.769230769230769,0.230769230769231,270,17,2.64832765987321,-0.139766625702958,2.81399390193693
"64","KD6C_",19,1,2018,"1_","3_",810,19.93,19.26,3.62,95,2,"KD6C_1_3_810","V","Mixed","H","H","H","H","H","S","","","","","","","","","","","","","","","","","","","","","","","",6,92,1,5,6,0.166666666666667,0.833333333333333,92,29,-0.0800459164077433,0.353988369771043,-0.220829686330936
"65","KD6C_",19,1,2018,"1_","3_",811,22.38,19.24,3.9,115,2,"KD6C_1_3_811","V","Mixed","H","H","H","H","S","S","","","","","","","","","","","","","","","","","","","","","","","",6,80,2,4,6,0.333333333333333,0.666666666666667,80,10,-0.263981213685111,-0.427790373062792,-0.109020396236857
"66","KD6C_",19,1,2018,"1_","3_",812,23.23,20.74,4.72,124,3,"KD6C_1_3_812","V","Mixed","H","H","H","H","H","H","H","S","H","H","S","S","H","","","","","","","","","","","","","","","","",13,124,3,10,13,0.230769230769231,0.769230769230769,124,30,0.410448209665236,0.395134619393877,0.274325741228557
"67","KD6C_",19,1,2018,"1_","5_",813,24.47,21.44,4.31,97,2,"KD6C_1_5_813","V","HB","H","H","H","H","","","","","","","","","","","","","","","","","","","","","","","","","",4,88,0,4,4,0,1,88,21,-0.141357682166866,0.0248183727883758,-0.156938663420034
"68","KD6C_",19,1,2018,"1_","5_",814,24.79,20.38,4.6,117,2,"KD6C_1_5_814","V","HB","H","H","H","H","H","H","H","H","","","","","","","","","","","","","","","","","","","","","",8,101,0,8,8,0,1,101,24,0.0579055565502822,0.148257121656876,0.00278889385722198
"69","KD8_",19,1,2018,"5_","1_",815,19.01,17.53,2.67,48,1,"KD8_5_1_815","V","HB","H","H","H","H","H","H","","","","","","","","","","","","","","","","","","","","","","","",6,126,0,6,6,0,1,126,27,0.441104092544798,0.271695870525376,0.354189519867185
"70","KD8_",19,1,2018,"5_","1_",816,18.32,17.89,3.37,75,2,"KD8_5_1_816","V","Mixed","S","S","S","H","H","H","H","H","H","H","H","H","","","","","","","","","","","","","","","","","",12,136,3,9,12,0.25,0.75,136,13,0.594383506942604,-0.304351624194292,0.737535657332599
"71","KD6C_",19,1,2018,"3_","6_",819,20.16,18.96,3.15,110,3,"KD6C_3_6_819","V","Mixed","H","H","H","H","S","","","","","","","","","","","","","","","","","","","","","","","","",5,60,1,4,5,0.2,0.8,60,11,-0.570540042480723,-0.386644123439958,-0.444448266519095
"72","KD6C_",19,1,2018,"3_","6_",822,16.6,14.44,1.57,75,1,"KD6C_3_6_822","V","Mixed","H","H","H","H","H","H","S","S","S","H","","","","","","","","","","","","","","","","","","","",10,121,3,7,10,0.3,0.7,121,3,0.364464385345894,-0.715814120422626,0.657671878693971
"73","KD6D_",19,1,2018,"30_","12_",823,11.29,17.09,1.04,20,1,"KD6D_30_12_823","V","HB","H","H","","","","","","","","","","","","","","","","","","","","","","","","","","","",2,96,0,2,2,0,1,96,57,-0.0187341506486208,1.50608335921038,-0.60417582379635
"74","KD6D_",19,1,2018,"30_","12_",824,18.55,17.62,2.82,70,2,"KD6D_30_12_824","V","HB","H","H","H","H","H","H","H","","","","","","","","","","","","","","","","","","","","","","",7,100,0,7,7,0,1,100,43,0.0425776151105016,0.930035864490711,-0.31666622069729
"75","KD6D_",19,1,2018,"30_","12_",825,19.52,17.98,3.37,97,3,"KD6D_30_12_825","V","HB","H","H","H","H","H","H","H","H","H","","","","","","","","","","","","","","","","","","","","",9,224,0,9,9,0,1,224,58,1.9432423536433,1.54722960883321,1.4243641536248
"76","KD6D_",19,1,2018,"30_","12_",826,18.89,17.68,2.58,55,2,"KD6D_30_12_826","V","HB","H","H","H","H","H","H","H","H","","","","","","","","","","","","","","","","","","","","","",8,188,0,8,8,0,1,188,4,1.3914364618112,-0.674667870799792,1.71187375672386
"77","KD6C_",22,1,2018,"1_","10_",830,20.6,20.09,3.61,77,1,"KD6C_1_10_830","V","Mixed","S","H","H","H","H","H","H","","","","","","","","","","","","","","","","","","","","","","",7,92,1,6,7,0.142857142857143,0.857142857142857,92,8,-0.0800459164077433,-0.510082872308459,0.114598183951301
"79","KD6C_",22,1,2018,"1_","10_",833,21.43,20.05,3.68,127,3,"KD6C_1_10_833","V","Mixed","H","S","H","H","S","H","S","H","H","S","","","","","","","","","","","","","","","","","","","",10,106,4,6,10,0.4,0.6,106,31,0.134545263749185,0.43628086901671,-0.0291566175982292
"80","KD6C_",22,1,2018,"3_","8_",834,15,15.1,1.55,36,1,"KD6C_3_8_834","V","Mixed","S","H","S","","","","","","","","","","","","","","","","","","","","","","","","","","",3,7,2,1,3,0.666666666666667,0.333333333333333,7,3,-1.3829209387891,-0.715814120422626,-1.16322227426675
"81","KD6C_",22,1,2018,"3_","8_",835,16.94,15.86,1.96,70,2,"KD6C_3_8_835","V","Mixed","H","H","H","S","S","H","S","S","S","H","S","S","","","","","","","","","","","","","","","","","",12,118,7,5,12,0.583333333333333,0.416666666666667,118,39,0.318480561026553,0.765450865999377,0.0347344053126732
"82","KD6C_",22,1,2018,"3_","8_",836,16.76,15.99,2.11,86,3,"KD6C_3_8_836","V","Mixed","H","H","H","H","H","S","H","S","S","S","H","","","","","","","","","","","","","","","","","","",11,182,4,7,11,0.363636363636364,0.636363636363636,182,40,1.29946881317251,0.806597115622211,1.04101801615939
"83","KD6C_",22,1,2018,"3_","8_",837,17.77,16.91,2.94,92,3,"KD6C_3_8_837","V","Mixed","H","S","S","","","","","","","","","","","","","","","","","","","","","","","","","","",3,37,2,1,3,0.666666666666667,0.333333333333333,37,2,-0.923082695595677,-0.756960370045459,-0.668066846707253
"84","KD6C_",22,1,2018,"3_","8_",838,16.44,16.12,2.13,78,2,"KD6C_3_8_838","V","Mixed","S","S","H","H","S","S","H","S","S","S","H","S","S","v","H","","","","","","","","","","","","","","",15,80,9,5,14,0.642857142857143,0.357142857142857,78,3,-0.294637096564672,-0.715814120422626,-0.0291566175982292
"85","KD6C_",22,1,2018,"5_","2_",839,20.47,18.22,3.57,96,3,"KD6C_5_2_839","V","Mixed","S","S","S","H","S","H","S","H","S","S","S","S","H","H","H","S","1","H","S","H","","","","","","","","","",20,147,11,8,19,0.578947368421053,0.421052631578947,137,10,0.609711448382384,-0.427790373062792,0.801426680243501
"86","KD6C_",22,1,2018,"5_","2_",840,19.83,18.76,3.42,92,3,"KD6C_5_2_840","V","Mixed","S","S","H","S","S","H","S","S","S","H","S","H","S","H","S","","","","","","","","","","","","","","",15,146,10,5,15,0.666666666666667,0.333333333333333,146,10,0.74766292134041,-0.427790373062792,0.945181481793032
"87","KD6C_",22,1,2018,"5_","2_",841,19.15,17.01,2.69,76,2,"KD6C_5_2_841","V","Mixed","S","S","H","H","","","","","","","","","","","","","","","","","","","","","","","","","",4,107,2,2,4,0.5,0.5,107,27,0.149873205188966,0.271695870525376,0.0507071610403987
"88","KD6C_",22,1,2018,"5_","2_",842,19.27,17.91,3.27,92,3,"KD6C_5_2_842","V","SB","S","S","","","","","","","","","","","","","","","","","","","","","","","","","","","",2,41,2,0,2,1,0,41,36,-0.861770929836555,0.642012117130877,-1.14724951853902
"89","KD6C_",22,1,2018,"5_","4_",843,14.1,13.17,1.03,65,1,"KD6C_5_4_843","V","Mixed","S","S","S","S","S","H","S","H","S","H","","","","","","","","","","","","","","","","","","","",10,124,7,3,10,0.7,0.3,124,5,0.410448209665236,-0.633521621176959,0.673644634421697
"90","KD6C_",22,1,2018,"5_","4_",844,13.55,12.48,0.99,77,1,"KD6C_5_4_844","V","HB","H","H","H","","","","","","","","","","","","","","","","","","","","","","","","","","",3,20,0,3,3,0,1,20,3,-1.18365770007195,-0.715814120422626,-0.955576449806314
"91","KD6C_",22,1,2018,"5_","4_",845,15.76,16.22,1.63,42,1,"KD6C_5_4_845","V","Mixed","S","S","S","S","S","S","H","H","H","S","H","H","H","","","","","","","","","","","","","","","","",13,105,7,6,13,0.538461538461538,0.461538461538462,105,7,0.119217322309405,-0.551229121931292,0.338216764139459
"92","KD6C_",22,1,2018,"5_","4_",846,14.2,15.64,1.18,40,1,"KD6C_5_4_846","V","Mixed","S","H","S","H","H","H","H","","","","","","","","","","","","","","","","","","","","","","",7,96,2,5,7,0.285714285714286,0.714285714285714,96,11,-0.0187341506486208,-0.386644123439958,0.130570939679027
"93","KD6C_",22,1,2018,"5_","7_",847,15.65,20.76,2.73,51,2,"KD6C_5_7_847","V","Mixed","H","H","S","H","","","","","","","","","","","","","","","","","","","","","","","","","",4,45,1,3,4,0.25,0.75,45,3,-0.800459164077432,-0.715814120422626,-0.556257556613174
"94","KD6C_",22,1,2018,"5_","7_",848,16.5,18.48,2.66,41,1,"KD6C_5_7_848","V","Mixed","H","H","H","S","S","S","H","H","S","H","","","","","","","","","","","","","","","","","","","",10,145,4,6,10,0.4,0.6,145,2,0.732334979900629,-0.756960370045459,1.05699077188711
"95","KD6C_",22,1,2018,"5_","7_",849,19.53,17.95,3.12,60,1,"KD6C_5_7_849","V","Mixed","H","H","H","H","H","H","S","H","H","S","H","S","H","","","","","","","","","","","","","","","","",13,118,3,10,13,0.230769230769231,0.769230769230769,118,2,0.318480561026553,-0.756960370045459,0.62572636723852
"96","KD6C_",22,1,2018,"8_","5_",850,22.09,19.2,4.08,106,2,"KD6C_8_5_850","V","Mixed","H","S","S","S","S","S","S","","","","","","","","","","","","","","","","","","","","","","",7,74,6,1,7,0.857142857142857,0.142857142857143,74,3,-0.355948862323794,-0.715814120422626,-0.0930476405091316
"97","KD6C_",22,1,2018,"8_","5_",851,16.25,19.55,2.58,35,1,"KD6C_8_5_851","V","HB","H","H","H","","","","","","","","","","","","","","","","","","","","","","","","","","",3,23,0,3,3,0,1,23,9,-1.13767387575261,-0.468936622685625,-1.00349471698949
"98","KD6C_",22,1,2018,"8_","5_",852,20.71,20.71,4,94,2,"KD6C_8_5_852","V","Mixed","H","H","H","H","S","","","","","","","","","","","","","","","","","","","","","","","","",5,154,1,4,5,0.2,0.8,154,6,0.870286452858655,-0.592375371554126,1.13685455052574
"99","KD8_",22,1,2018,"3_","3_",853,18.6,17.59,2.72,86,2,"KD8_3_3_853","V","HB","H","","","","","","","","","","","","","","","","","","","","","","","","","","","","",1,5,0,1,1,0,1,5,5,-1.41357682166866,-0.633521621176959,-1.22711329717765
"100","KD8_",22,1,2018,"3_","3_",854,20.17,19.39,3.93,95,3,"KD8_3_3_854","V","Mixed","S","H","S","H","H","S","S","S","S","S","S","S","H","S","S","H","S","S","","","","","","","","","","","",18,199,13,5,18,0.722222222222222,0.277777777777778,199,4,1.56004381764878,-0.674667870799792,1.88757406972884
"101","KD8_",22,1,2018,"3_","3_",855,21.73,20.51,4.32,93,2,"KD8_3_3_855","V","Mixed","H","H","H","H","H","S","S","H","S","H","S","H","H","","","","","","","","","","","","","","","","",13,112,4,9,13,0.307692307692308,0.692307692307692,112,10,0.226512912387869,-0.427790373062792,0.402107787050362
"102","KD8_",22,1,2018,"3_","3_",856,17.85,19.82,2.99,45,1,"KD8_3_3_856","V","Mixed","S","S","S","H","S","H","","","","","","","","","","","","","","","","","","","","","","","",6,65,4,2,6,0.666666666666667,0.333333333333333,65,18,-0.49390033528182,-0.0986203760801245,-0.476393777974546
"103","KD8_",22,1,2018,"3_","5_",858,19.92,19.57,3.5,79,2,"KD8_3_5_858","V","Mixed","H","H","H","H","S","H","S","","","","","","","","","","","","","","","","","","","","","","",7,82,2,5,7,0.285714285714286,0.714285714285714,82,6,-0.233325330805549,-0.592375371554126,-0.0131838618705036
"104","KD8_",22,1,2018,"3_","5_",859,21.37,21.1,4.49,113,3,"KD8_3_5_859","V","Mixed","S","S","S","S","S","S","S","H","S","S","S","S","S","S","S","S","","","","","","","","","","","","","",16,174,15,1,16,0.9375,0.0625,174,34,1.17684528165427,0.55971961788521,1.00907250470393
"105","KD8_",22,1,2018,"3_","5_",860,9.97,13.14,1.04,18,1,"KD8_3_5_860","V","Mixed","H","H","H","S","H","H","H","","","","","","","","","","","","","","","","","","","","","","",7,55,1,6,7,0.142857142857143,0.857142857142857,55,3,-0.647179749679626,-0.715814120422626,-0.396529999335918
"106","KD8_",22,1,2018,"3_","8_",861,19.08,18.94,3.16,47,1,"KD8_3_8_861","V","Mixed","H","S","S","S","H","","","","","","","","","","","","","","","","","","","","","","","","",5,66,3,2,5,0.6,0.4,66,4,-0.478572393842039,-0.674667870799792,-0.236802442058662
"107","KD8_",22,1,2018,"3_","8_",863,22.41,20.39,4.42,107,3,"KD8_3_8_863","V","Mixed","H","H","H","H","H","H","H","H","H","H","H","H","S","S","","","","","","","","","","","","","","","",14,253,2,12,14,0.142857142857143,0.857142857142857,253,4,2.38775265539694,-0.674667870799792,2.75010287902602
"108","KD8_",22,1,2018,"3_","8_",864,22.74,20.48,4.7,103,3,"KD8_3_8_864","V","SB","S","S","S","S","S","S","S","S","S","S","","","","","","","","","","","","","","","","","","","",10,167,10,0,10,1,0,167,13,1.0695496915758,-0.304351624194292,1.23269108489209
"109","KD8_",22,1,2018,"3_","2_",865,19.69,20.27,3.71,58,1,"KD8_3_2_865","V","Mixed","S","H","S","","","","","","","","","","","","","","","","","","","","","","","","","","",3,35,2,1,3,0.666666666666667,0.333333333333333,35,3,-0.953738578475238,-0.715814120422626,-0.71598511389043
"110","KD8_",22,1,2018,"3_","2_",866,21.18,19.47,3.68,105,2,"KD8_3_2_866","V","Mixed","H","H","H","H","H","S","S","H","S","S","","","","","","","","","","","","","","","","","","","",10,123,4,6,10,0.4,0.6,123,4,0.395120268225456,-0.674667870799792,0.673644634421697
"112","KD8_",23,1,2018,"3_","15_",869,20.14,20.58,3.89,78,2,"KD8_3_15_869","V","HB","H","H","H","H","H","H","H","H","H","","","","","","","","","","","","","","","","","","","","",9,91,0,9,9,0,1,91,6,-0.0953738578475239,-0.592375371554126,0.130570939679027
"113","KD8_",23,1,2018,"3_","15_",870,21.71,20.59,4.65,106,3,"KD8_3_15_870","V","HB","H","H","H","H","H","H","","","","","","","","","","","","","","","","","","","","","","","",6,67,0,6,6,0,1,67,8,-0.463244452402259,-0.510082872308459,-0.284720709241839
"114","KD8_",23,1,2018,"3_","11_",871,14.97,13.69,1.18,67,2,"KD8_3_11_871","V","Mixed","S","S","H","H","S","S","H","S","H","S","S","H","H","S","S","S","","","","","","","","","","","","","",16,158,10,6,16,0.625,0.375,158,31,0.931598218617777,0.43628086901671,0.801426680243501
"115","KD8_",23,1,2018,"3_","11_",875,14.22,14.02,1.25,73,1,"KD8_3_11_875","V","Mixed","H","H","H","H","H","H","S","H","","","","","","","","","","","","","","","","","","","","","",8,46,1,7,8,0.125,0.875,46,20,-0.785131222637652,-0.0163278768344576,-0.811821648256783
"116","KD8_",23,1,2018,"3_","11_",876,13.46,12.02,1.01,70,2,"KD8_3_11_876","V","Mixed","H","H","S","H","","","","","","","","","","","","","","","","","","","","","","","","","",4,43,1,3,4,0.25,0.75,43,15,-0.831115046956993,-0.222059124948625,-0.779876136801332
"117","KD8_",23,1,2018,"5_","4_",877,16.68,20.42,3.43,61,2,"KD8_5_4_877","V","SB","S","S","S","S","S","S","S","S","","","","","","","","","","","","","","","","","","","","","",8,73,8,0,8,1,0,73,8,-0.371276803763575,-0.510082872308459,-0.188884174875485
"118","KD8_",23,1,2018,"5_","4_",879,19.48,17.39,2.81,53,1,"KD8_5_4_879","V","Mixed","S","S","S","H","S","S","","","","","","","","","","","","","","","","","","","","","","","",6,71,5,1,6,0.833333333333333,0.166666666666667,71,26,-0.401932686643136,0.230549620902543,-0.508339289429997
"119","KD8_",23,1,2018,"5_","4_",880,21.99,18.99,4.2,94,3,"KD8_5_4_880","V","Mixed","S","H","H","H","H","H","H","S","","","","","","","","","","","","","","","","","","","","","",8,130,2,6,8,0.25,0.75,130,3,0.50241585830392,-0.715814120422626,0.801426680243501
"120","KD8_",23,1,2018,"5_","17_",881,18.89,18.39,2.64,62,2,"KD8_5_17_881","V","HB","H","H","H","H","","","","","","","","","","","","","","","","","","","","","","","","","",4,124,0,4,4,0,1,124,80,0.410448209665236,2.45244710053555,-0.524312045157723
"121","KD8_",23,1,2018,"5_","17_",882,21.45,20.65,3.96,92,2,"KD8_5_17_882","V","HB","H","H","H","H","H","","","","","","","","","","","","","","","","","","","","","","","","",5,66,0,5,5,0,1,66,2,-0.478572393842039,-0.756960370045459,-0.204856930603211
"122","KD8_",23,1,2018,"5_","17_",883,19.69,18.7,3.28,94,3,"KD8_5_17_883","V","HB","H","H","H","H","H","H","H","H","H","","","","","","","","","","","","","","","","","","","","",9,68,0,9,9,0,1,68,4,-0.447916510962478,-0.674667870799792,-0.204856930603211
"123","KD8_",23,1,2018,"1_","5_",887,20.17,19.51,3.79,83,2,"KD8_1_5_887","V","Mixed","H","S","S","H","H","H","S","H","H","","","","","","","","","","","","","","","","","","","","",9,152,3,6,9,0.333333333333333,0.666666666666667,152,34,0.839630569979094,0.55971961788521,0.657671878693971
"124","KD8_",23,1,2018,"1_","5_",888,19.75,18.67,3,42,1,"KD8_1_5_888","V","HB","H","H","H","","","","","","","","","","","","","","","","","","","","","","","","","","",3,54,0,3,3,0,1,54,12,-0.662507691119407,-0.345497873817125,-0.556257556613174
"125","KD8_",23,1,2018,"1_","5_",889,18.88,20.51,2.89,41,1,"KD8_1_5_889","V","Mixed","S","H","","","","","","","","","","","","","","","","","","","","","","","","","","","",2,72,1,1,2,0.5,0.5,72,55,-0.386604745203356,1.42379085996471,-0.955576449806314
"126","KD8_",23,1,2018,"1_","5_",890,18.9,19.13,2.6,44,1,"KD8_1_5_890","V","Mixed","H","S","S","S","S","S","H","S","H","S","H","H","","","","","","","","","","","","","","","","","",12,183,7,5,12,0.583333333333333,0.416666666666667,183,58,1.31479675461229,1.54722960883321,0.76948116878805
"127","KD8_",23,1,2018,"1_","5_",892,20.58,18.96,3.25,55,1,"KD8_1_5_892","V","Mixed","H","H","S","","","","","","","","","","","","","","","","","","","","","","","","","","",3,29,1,2,3,0.333333333333333,0.666666666666667,29,13,-1.04570622711392,-0.304351624194292,-0.971549205534039
"128","KD8_",23,1,2018,"1_","8_",893,18.82,16.29,2.53,105,3,"KD8_1_8_893","V","Mixed","S","S","S","H","S","S","H","S","S","H","","","","","","","","","","","","","","","","","","","",10,76,7,3,10,0.7,0.3,76,5,-0.325292979444233,-0.633521621176959,-0.0930476405091316
"129","KD8_",23,1,2018,"1_","8_",894,17.33,14.92,1.85,87,3,"KD8_1_8_894","V","Mixed","H","H","H","H","S","H","S","S","H","S","S","H","S","","","","","","","","","","","","","","","","",13,133,6,7,13,0.461538461538462,0.538461538461538,133,6,0.548399682623262,-0.592375371554126,0.801426680243501
"130","KD8_",23,1,2018,"1_","8_",895,17.95,15.49,1.93,74,3,"KD8_1_8_895","V","Mixed","S","S","H","H","S","H","S","S","S","S","S","","","","","","","","","","","","","","","","","","",11,161,8,3,11,0.727272727272727,0.272727272727273,161,19,0.977582042937119,-0.0574741264572911,1.04101801615939
"131","KD8_",23,1,2018,"1_","14_",896,10.55,15.43,1.24,32,1,"KD8_1_14_896","V","HB","H","","","","","","","","","","","","","","","","","","","","","","","","","","","","",1,66,0,1,1,0,1,66,66,-0.478572393842039,1.87639960581588,-1.22711329717765
"132","KD8_",23,1,2018,"1_","14_",897,14.53,12.32,0.8,53,1,"KD8_1_14_897","V","HB","H","H","H","H","H","H","H","","","","","","","","","","","","","","","","","","","","","","",7,69,0,7,7,0,1,69,47,-0.432588569522697,1.09462086298204,-0.875712671167686
"133","KD8_",23,1,2018,"1_","14_",899,17.66,15.59,1.49,65,1,"KD8_1_14_899","V","HB","H","H","H","H","H","H","H","H","","","","","","","","","","","","","","","","","","","","","",8,75,0,8,8,0,1,75,60,-0.340620920884014,1.62952210807888,-0.987521961261765
"135","KD5D_",23,1,2018,"1_","23_",901,4.94,6.03,0.03,3,1,"KD5D_1_23_901","V","SB","S","","","","","","","","","","","","","","","","","","","","","","","","","","","","",1,16,1,0,1,1,0,16,16,-1.24496946583107,-0.180912875325791,-1.22711329717765
"136","KD5D_",23,1,2018,"1_","23_",903,14.92,22.05,2.61,40,1,"KD5D_1_23_903","V","Mixed","S","H","","","","","","","","","","","","","","","","","","","","","","","","","","","",2,21,1,1,2,0.5,0.5,21,9,-1.16832975863217,-0.468936622685625,-1.03544022844494
"137","KD5D_",23,1,2018,"1_","23_",904,15.91,19.3,2.23,50,1,"KD5D_1_23_904","V","Mixed","S","S","H","","","","","","","","","","","","","","","","","","","","","","","","","","",3,80,2,1,3,0.666666666666667,0.333333333333333,80,35,-0.263981213685111,0.600865867508044,-0.508339289429997
"138","KD5D_",23,1,2018,"1_","23_",905,9.88,20.39,1.48,27,1,"KD5D_1_23_905","V","HB","H","","","","","","","","","","","","","","","","","","","","","","","","","","","","",1,40,0,1,1,0,1,40,40,-0.877098871276335,0.806597115622211,-1.22711329717765
"139","KD5D_",23,1,2018,"1_","23_",906,9.69,20.42,0.97,10,1,"KD5D_1_23_906","V","HB","H","H","H","H","","","","","","","","","","","","","","","","","","","","","","","","","",4,168,0,4,4,0,1,168,6,1.08487763301558,-0.592375371554126,1.3604731307139
"141","KD5D_",23,1,2018,"3_","2_",908,20.47,17.65,3.07,100,2,"KD5D_3_2_908","V","Mixed","H","H","H","S","S","S","H","S","S","S","H","S","S","","","","","","","","","","","","","","","","",13,153,8,5,13,0.615384615384615,0.384615384615385,153,5,0.854958511418874,-0.633521621176959,1.13685455052574
"142","KD5D_",23,1,2018,"3_","2_",909,21.51,17.88,3.23,103,3,"KD5D_3_2_909","V","Mixed","H","H","H","S","H","S","S","H","S","","","","","","","","","","","","","","","","","","","","",9,116,4,5,9,0.444444444444444,0.555555555555556,116,10,0.287824678146991,-0.427790373062792,0.465998809961264
"143","KD5D_",23,1,2018,"3_","8_",910,15.36,19.25,2.64,63,2,"KD5D_3_8_910","V","Mixed","H","H","S","S","H","S","","","","","","","","","","","","","","","","","","","","","","","",6,90,3,3,6,0.5,0.5,90,1,-0.110701799287305,-0.798106619668293,0.194461962589929
"144","KD5D_",23,1,2018,"3_","8_",911,22.12,18.86,3.4,104,3,"KD5D_3_8_911","V","Mixed","H","H","H","H","H","H","H","S","S","S","S","H","S","H","","","","","","","","","","","","","","","",14,169,5,9,14,0.357142857142857,0.642857142857143,169,9,1.10020557445536,-0.468936622685625,1.32852761925845
"145","KD5D_",23,1,2018,"3_","8_",912,16.22,19.79,2.82,48,2,"KD5D_3_8_912","V","Mixed","H","H","H","H","S","S","H","H","S","","","","","","","","","","","","","","","","","","","","",9,188,3,6,9,0.333333333333333,0.666666666666667,188,2,1.3914364618112,-0.756960370045459,1.74381926817931
"146","KD5D_",23,1,2018,"3_","8_",913,13.26,15.11,1.06,16,1,"KD5D_3_8_913","V","Mixed","H","S","S","S","S","S","S","H","","","","","","","","","","","","","","","","","","","","","",8,32,6,2,8,0.75,0.25,32,4,-0.99972240279458,-0.674667870799792,-0.779876136801332
"147","KD5D_",23,1,2018,"3_","14_",914,6.32,8.05,0.11,19,1,"KD5D_3_14_914","V","SB","S","S","S","S","S","S","S","","","","","","","","","","","","","","","","","","","","","","",7,58,7,0,7,1,0,58,7,-0.601195925360284,-0.551229121931292,-0.412502755063643
"148","KD5D_",23,1,2018,"3_","14_",915,11.52,9.99,0.42,51,1,"KD5D_3_14_915","V","SB","S","S","S","","","","","","","","","","","","","","","","","","","","","","","","","","",3,41,3,0,3,1,0,41,9,-0.861770929836555,-0.468936622685625,-0.71598511389043
"149","KD5D_",23,1,2018,"3_","14_",916,11.93,10.01,0.52,60,1,"KD5D_3_14_916","V","Mixed","S","H","H","H","H","H","H","S","H","S","","","","","","","","","","","","","","","","","","","",10,120,3,7,10,0.3,0.7,120,7,0.349136443906114,-0.551229121931292,0.577808100055343
"150","KD5D_",23,1,2018,"3_","14_",917,9.65,10.04,0.3,41,1,"KD5D_3_14_917","V","HB","H","H","","","","","","","","","","","","","","","","","","","","","","","","","","","",2,18,0,2,2,0,1,18,6,-1.21431358295151,-0.592375371554126,-1.03544022844494
"151","KD5D_",23,1,2018,"3_","14_",918,12.8,10.74,0.63,74,1,"KD5D_3_14_918","V","Mixed","H","S","H","H","S","H","","","","","","","","","","","","","","","","","","","","","","","",6,35,2,4,6,0.333333333333333,0.666666666666667,35,2,-0.953738578475238,-0.756960370045459,-0.700012358162704
"152","KD6D_",24,1,2018,"30_","1_",919,21.48,16.29,2.55,63,1,"KD6D_30_1_919","V","Mixed","S","H","H","H","H","","","","","","","","","","","","","","","","","","","","","","","","",5,72,1,4,5,0.2,0.8,72,6,-0.386604745203356,-0.592375371554126,-0.17291141914776
"153","KD6D_",24,1,2018,"30_","1_",920,18.39,19.5,2.78,74,2,"KD6D_30_1_920","V","HB","H","","","","","","","","","","","","","","","","","","","","","","","","","","","","",1,22,0,1,1,0,1,22,22,-1.15300181719239,0.0659646224112092,-1.22711329717765
"154","KD6D_",24,1,2018,"30_","1_",921,21.96,18.66,3.58,107,3,"KD6D_30_1_921","V","Mixed","H","H","H","S","H","H","S","S","S","H","H","H","H","","","","","","","","","","","","","","","","",13,414,4,9,13,0.307692307692308,0.692307692307692,414,11,4.85555122720161,-0.386644123439958,5.20990726109576
"155","KD6D_",24,1,2018,"30_","1_",922,21.42,20.01,3.57,104,3,"KD6D_30_1_922","V","Mixed","H","H","S","H","H","H","H","S","H","H","H","H","H","H","H","H","2","H","","","","","","","","","","","",18,158,2,15,17,0.117647058823529,0.882352941176471,135,3,0.579055565502823,-0.715814120422626,0.88129045888213
"156","KD6D_",24,1,2018,"28_","4_",931,12.36,10.21,0.6,57,2,"KD6D_28_4_931","V","Mixed","H","H","H","S","S","S","S","H","H","S","S","H","H","","","","","","","","","","","","","","","","",13,211,6,7,13,0.461538461538462,0.538461538461538,211,2,1.74397911492615,-0.756960370045459,2.111192649917
"157","KD6D_",24,1,2018,"28_","4_",933,13.59,11.38,0.81,57,2,"KD6D_28_4_933","V","HB","H","H","H","H","H","H","H","H","H","","","","","","","","","","","","","","","","","","","","",9,49,0,9,9,0,1,49,3,-0.73914739831831,-0.715814120422626,-0.492366533702271
"158","KD6D_",24,1,2018,"28_","4_",934,14.69,11.5,1.01,73,2,"KD6D_28_4_934","V","Mixed","H","H","H","S","H","H","","","","","","","","","","","","","","","","","","","","","","","",6,124,1,5,6,0.166666666666667,0.833333333333333,124,24,0.410448209665236,0.148257121656876,0.370162275594911
"159","KD6D_",24,1,2018,"28_","4_",935,14.04,11.91,1.06,69,2,"KD6D_28_4_935","V","Mixed","H","H","H","H","H","H","S","H","","","","","","","","","","","","","","","","","","","","","",8,85,1,7,8,0.125,0.875,85,6,-0.187341506486208,-0.592375371554126,0.0347344053126732
"160","KD6D_",24,1,2018,"28_","8_",936,20.24,18.43,3.15,103,3,"KD6D_28_8_936","V","Mixed","H","H","H","H","H","S","H","","","","","","","","","","","","","","","","","","","","","","",7,44,1,6,7,0.142857142857143,0.857142857142857,44,3,-0.815787105517213,-0.715814120422626,-0.572230312340899
"161","KD6D_",24,1,2018,"28_","8_",937,21.31,18.36,3.07,103,2,"KD6D_28_8_937","V","Mixed","S","H","H","H","H","S","","","","","","","","","","","","","","","","","","","","","","","",6,41,2,4,6,0.333333333333333,0.666666666666667,41,8,-0.861770929836555,-0.510082872308459,-0.700012358162704
"162","KD6D_",24,1,2018,"28_","8_",938,22.26,18.93,3.76,107,2,"KD6D_28_8_938","V","Mixed","H","H","S","S","H","H","S","H","H","S","H","S","","","","","","","","","","","","","","","","","",12,185,5,7,12,0.416666666666667,0.583333333333333,185,4,1.34545263749185,-0.674667870799792,1.66395548954068
"163","KD6D_",24,1,2018,"28_","8_",939,21.27,17.5,3.43,109,3,"KD6D_28_8_939","V","Mixed","H","H","H","S","H","H","S","H","","","","","","","","","","","","","","","","","","","","","",8,102,2,6,8,0.25,0.75,102,9,0.0732334979900628,-0.468936622685625,0.258352985500831
"164","KD6D_",24,1,2018,"28_","8_",940,21.77,18.97,3.63,104,3,"KD6D_28_8_940","V","Mixed","H","H","H","H","H","H","H","S","H","S","S","H","","","","","","","","","","","","","","","","","",12,132,3,9,12,0.25,0.75,132,18,0.533071741183481,-0.0986203760801245,0.593780855783069
"165","KD6D_",24,1,2018,"28_","11_",941,6.13,7.4,0.06,10,1,"KD6D_28_11_941","V","HB","H","H","H","H","H","","","","","","","","","","","","","","","","","","","","","","","","",5,31,0,5,5,0,1,31,16,-1.01505034423436,-0.180912875325791,-0.987521961261765
"166","KD6D_",24,1,2018,"28_","11_",942,5.93,6.53,0.05,6,1,"KD6D_28_11_942","V","HB","H","H","H","H","H","H","H","H","","","","","","","","","","","","","","","","","","","","","",8,56,0,8,8,0,1,56,2,-0.631851808239845,-0.756960370045459,-0.364584487880467
"167","KD6D_",24,1,2018,"25_","6_",947,21.66,21.07,3.82,98,2,"KD6D_25_6_947","V","Mixed","H","S","H","S","H","H","H","S","H","S","S","S","S","S","","","","","","","","","","","","","","","",14,90,8,6,14,0.571428571428571,0.428571428571429,90,2,-0.110701799287305,-0.756960370045459,0.178489206862203
"168","KD6D_",24,1,2018,"25_","6_",948,19.9,18.98,3.36,100,1,"KD6D_25_6_948","V","Mixed","S","S","S","H","S","S","H","S","H","H","S","S","S","S","","","","","","","","","","","","","","","",14,90,10,4,14,0.714285714285714,0.285714285714286,90,2,-0.110701799287305,-0.756960370045459,0.178489206862203
"169","KD6D_",24,1,2018,"25_","6_",949,19.12,18.21,2.89,81,1,"KD6D_25_6_949","V","Mixed","S","H","H","H","H","H","H","S","H","S","S","","","","","","","","","","","","","","","","","","",11,82,4,7,11,0.363636363636364,0.636363636363636,82,9,-0.233325330805549,-0.468936622685625,-0.0611021290536804
"170","KD6D_",24,1,2018,"25_","1_",950,22.68,18.16,3.71,114,2,"KD6D_25_1_950","V","Mixed","S","H","H","S","S","S","S","S","H","H","S","","","","","","","","","","","","","","","","","","",11,104,7,4,11,0.636363636363636,0.363636363636364,104,9,0.103889380869624,-0.468936622685625,0.290298496956283
"171","KD6D_",24,1,2018,"25_","1_",951,20.96,17.78,3.19,112,1,"KD6D_25_1_951","V","Mixed","H","S","S","S","H","H","H","S","S","v","H","H","H","","","","","","","","","","","","","","","","",13,75,5,7,12,0.416666666666667,0.583333333333333,69,2,-0.432588569522697,-0.756960370045459,-0.156938663420034
"172","KD6D_",24,1,2018,"25_","1_",952,21.01,19.77,4.08,109,2,"KD6D_25_1_952","V","Mixed","H","H","H","H","S","S","H","","","","","","","","","","","","","","","","","","","","","","",7,102,2,5,7,0.285714285714286,0.714285714285714,102,10,0.0732334979900628,-0.427790373062792,0.242380229773106
"173","KD6D_",24,1,2018,"25_","1_",953,20.41,18.75,3.62,68,2,"KD6D_25_1_953","V","Mixed","H","H","S","H","S","S","","","","","","","","","","","","","","","","","","","","","","","",6,162,3,3,6,0.5,0.5,162,138,0.9929099843769,4.83892957865989,-0.843767159712234
"174","KD6D_",24,1,2018,"20_","8_",959,23.54,21.1,4.2,104,3,"KD6D_20_8_959","V","HB","H","H","H","H","H","","","","","","","","","","","","","","","","","","","","","","","","",5,71,0,5,5,0,1,71,5,-0.401932686643136,-0.633521621176959,-0.17291141914776
"175","KD6D_",24,1,2018,"20_","8_",960,12.21,20.14,1.33,29,1,"KD6D_20_8_960","V","HB","H","H","H","H","H","H","H","H","H","","","","","","","","","","","","","","","","","","","","",9,43,0,9,9,0,1,43,1,-0.831115046956993,-0.798106619668293,-0.556257556613174
"176","KD6D_",24,1,2018,"20_","8_",961,23.97,20.79,4.68,103,3,"KD6D_20_8_961","V","HB","H","H","H","H","H","H","","","","","","","","","","","","","","","","","","","","","","","",6,17,0,6,6,0,1,17,2,-1.22964152439129,-0.756960370045459,-0.987521961261765
"177","KD6D_",24,1,2018,"20_","8_",962,24.43,21.98,4.7,106,2,"KD6D_20_8_962","V","HB","H","H","H","H","H","H","","","","","","","","","","","","","","","","","","","","","","","",6,167,0,6,6,0,1,167,5,1.0695496915758,-0.633521621176959,1.3604731307139
"178","KD8_",24,1,2018,"1_","3_",964,16.21,16.09,2.05,62,1,"KD8_1_3_964","V","HB","H","H","H","H","H","H","H","H","H","H","","","","","","","","","","","","","","","","","","","",10,87,0,10,10,0,1,87,41,-0.156685623606646,0.847743365245044,-0.492366533702271
"179","KD8_",24,1,2018,"1_","3_",965,19.3,16.46,2.7,73,2,"KD8_1_3_965","V","Mixed","H","H","H","H","H","H","H","H","S","H","H","","","","","","","","","","","","","","","","","","",11,112,1,10,11,0.0909090909090909,0.909090909090909,112,43,0.226512912387869,0.930035864490711,-0.124993151964583
"180","KD8_",24,1,2018,"5_","3_",966,20.39,21.53,4.11,82,2,"KD8_5_3_966","V","HB","H","H","H","H","H","H","H","H","","","","","","","","","","","","","","","","","","","","","",8,133,0,8,8,0,1,133,5,0.548399682623262,-0.633521621176959,0.817399435971227
"181","KD8_",24,1,2018,"5_","3_",968,22.88,20,4.45,101,3,"KD8_5_3_968","V","Mixed","H","H","H","H","H","H","S","H","H","H","H","H","H","S","H","H","","","","","","","","","","","","","",16,101,2,14,16,0.125,0.875,101,2,0.0579055565502822,-0.756960370045459,0.354189519867185
"182","KD8_",24,1,2018,"5_","3_",969,20.72,21.02,4.47,100,3,"KD8_5_3_969","V","HB","H","H","H","H","H","H","H","H","H","H","","","","","","","","","","","","","","","","","","","",10,66,0,10,10,0,1,66,14,-0.478572393842039,-0.263205374571458,-0.396529999335918
"183","KD8_",24,1,2018,"5_","8_",970,13.7,14.97,1.53,49,1,"KD8_5_8_970","V","HB","H","H","H","H","H","H","H","","","","","","","","","","","","","","","","","","","","","","",7,172,0,7,7,0,1,172,62,1.14618939877471,1.71181460732455,0.529889832872167
"184","KD6C_",24,1,2018,"11_","5_",972,17.59,15.08,2.21,81,2,"KD6C_11_5_972","V","HB","H","H","H","H","H","","","","","","","","","","","","","","","","","","","","","","","","",5,105,0,5,5,0,1,105,90,0.119217322309405,2.86390959676388,-0.987521961261765
"185","KD6C_",24,1,2018,"11_","5_",973,16.14,13.49,1.45,89,3,"KD6C_11_5_973","V","HB","H","H","","","","","","","","","","","","","","","","","","","","","","","","","","","",2,61,0,2,2,0,1,61,27,-0.555212101040942,0.271695870525376,-0.684039602434978
"186","KD6C_",24,1,2018,"11_","5_",974,16.02,13.48,1.49,78,2,"KD6C_11_5_974","V","HB","H","H","H","H","H","H","H","","","","","","","","","","","","","","","","","","","","","","",7,79,0,7,7,0,1,79,24,-0.279309155124891,0.148257121656876,-0.348611732152741
"187","KD6C_",24,1,2018,"11_","5_",975,16.5,14.06,1.84,89,1,"KD6C_11_5_975","V","HB","H","H","H","H","","","","","","","","","","","","","","","","","","","","","","","","","",4,185,0,4,4,0,1,185,122,1.34545263749185,4.18058958469455,-0.220829686330936
"188","KD6C_",24,1,2018,"11_","5_",976,15.98,15.2,2.09,72,2,"KD6C_11_5_976","V","HB","H","H","H","H","","","","","","","","","","","","","","","","","","","","","","","","","",4,72,0,4,4,0,1,72,26,-0.386604745203356,0.230549620902543,-0.492366533702271
"189","KD5D_",24,1,2018,"3_","7_",977,20.55,17.99,2.99,113,2,"KD5D_3_7_977","V","HB","H","H","H","H","H","H","H","","","","","","","","","","","","","","","","","","","","","","",7,112,0,7,7,0,1,112,38,0.226512912387869,0.724304616376544,-0.0451293733259548
"193","KD5C_",25,1,2018,"30_","1_",983,7.97,11.98,0.28,24,1,"KD5C_30_1_983","V","Mixed","S","H","H","S","S","","","","","","","","","","","","","","","","","","","","","","","","",5,93,3,2,5,0.6,0.4,93,8,-0.0647179749679627,-0.510082872308459,0.130570939679027
"194","KD5C_",25,1,2018,"30_","1_",984,11.69,12.52,0.78,47,1,"KD5C_30_1_984","V","HB","H","H","H","H","H","","","","","","","","","","","","","","","","","","","","","","","","",5,78,0,5,5,0,1,78,9,-0.294637096564672,-0.468936622685625,-0.124993151964583
"195","KD5C_",25,1,2018,"30_","1_",985,10.77,8.78,0.35,45,1,"KD5C_30_1_985","V","Mixed","S","S","S","S","S","S","S","S","S","S","S","S","S","S","H","S","2","S","","","","","","","","","","","",18,249,16,1,17,0.941176470588235,0.0588235294117647,247,12,2.29578500675825,-0.345497873817125,2.52648429883787
"196","KD5C_",25,1,2018,"30_","5_",986,19.86,19.32,3.15,72,1,"KD5C_30_5_986","V","Mixed","H","H","S","S","H","H","H","H","H","H","S","H","S","","","","","","","","","","","","","","","","",13,224,4,9,13,0.307692307692308,0.692307692307692,224,11,1.9432423536433,-0.386644123439958,2.1750836728279
"197","KD5C_",25,1,2018,"30_","5_",987,18.33,17.94,2.22,53,1,"KD5C_30_5_987","V","Mixed","S","S","S","H","H","S","H","","","","","","","","","","","","","","","","","","","","","","",7,122,4,3,7,0.571428571428571,0.428571428571429,122,3,0.379792326785675,-0.715814120422626,0.673644634421697
"198","KD5C_",25,1,2018,"30_","5_",988,16.8,16.73,2.23,57,2,"KD5C_30_5_988","V","Mixed","H","H","S","H","S","H","H","S","S","","","","","","","","","","","","","","","","","","","","",9,96,4,5,9,0.444444444444444,0.555555555555556,96,21,-0.0187341506486208,0.0248183727883758,-0.0291566175982292
"199","KD5C_",25,1,2018,"30_","5_",989,17.88,18.89,2.98,64,1,"KD5C_30_5_989","V","Mixed","H","S","H","S","H","S","S","H","S","S","","","","","","","","","","","","","","","","","","","",10,67,6,4,10,0.6,0.4,67,11,-0.463244452402259,-0.386644123439958,-0.332638976425015
"200","KD5C_",25,1,2018,"30_","7_",994,16.05,15.69,1.59,34,1,"KD5C_30_7_994","V","Mixed","S","S","S","S","S","S","H","S","2","S","S","S","H","","","","","","","","","","","","","","","","",13,244,10,2,12,0.833333333333333,0.166666666666667,242,29,2.21914529955935,0.353988369771043,2.1750836728279
"201","KD5C_",25,1,2018,"30_","7_",995,17.07,18.86,2.75,56,1,"KD5C_30_7_995","V","Mixed","S","S","S","H","H","H","S","H","S","S","S","H","S","H","H","S","S","S","","","","","","","","","","","",18,117,11,7,18,0.611111111111111,0.388888888888889,117,1,0.303152619586772,-0.798106619668293,0.62572636723852
"202","KD5C_",25,1,2018,"30_","7_",996,18.34,17,1.63,55,1,"KD5C_30_7_996","V","Mixed","S","H","H","H","H","H","","","","","","","","","","","","","","","","","","","","","","","",6,189,1,5,6,0.166666666666667,0.833333333333333,189,17,1.40676440325098,-0.139766625702958,1.52020068799115
"203","KD5C_",25,1,2018,"25_","8_",999,19.34,16.85,2.32,101,3,"KD5C_25_8_999","V","Mixed","S","S","S","S","S","H","S","H","","","","","","","","","","","","","","","","","","","","","",8,96,6,2,8,0.75,0.25,96,6,-0.0187341506486208,-0.592375371554126,0.210434718317655
"204","KD5C_",25,1,2018,"25_","8_",1000,19.95,17.55,2.88,112,3,"KD5C_25_8_1000","V","Mixed","S","H","S","S","H","S","","","","","","","","","","","","","","","","","","","","","","","",6,120,4,2,6,0.666666666666667,0.333333333333333,120,5,0.349136443906114,-0.633521621176959,0.609753611510794
"205","KD5C_",25,1,2018,"25_","8_",1001,19.57,17.59,2.43,80,2,"KD5C_25_8_1001","V","SB","S","S","S","S","S","S","S","","","","","","","","","","","","","","","","","","","","","","",7,54,7,0,7,1,0,54,11,-0.662507691119407,-0.386644123439958,-0.540284800885448
"206","KD5C_",25,1,2018,"25_","8_",1002,20.45,18.03,2.81,94,3,"KD5C_25_8_1002","V","Mixed","S","S","S","S","H","S","S","S","S","","","","","","","","","","","","","","","","","","","","",9,68,8,1,9,0.888888888888889,0.111111111111111,68,6,-0.447916510962478,-0.592375371554126,-0.236802442058662
"207","KD6C_",25,1,2018,"8_","3_",1003,21.24,18.48,3.61,102,2,"KD6C_8_3_1003","V","HB","H","","","","","","","","","","","","","","","","","","","","","","","","","","","","",1,6,0,1,1,0,1,6,6,-1.39824888022888,-0.592375371554126,-1.22711329717765
"208","KD6C_",25,1,2018,"8_","3_",1004,18.04,17,2.45,101,2,"KD6C_8_3_1004","V","Mixed","H","H","H","S","S","S","S","","","","","","","","","","","","","","","","","","","","","","",7,152,4,3,7,0.571428571428571,0.428571428571429,152,7,0.839630569979094,-0.551229121931292,1.08893628334256
"209","KD5D_",25,1,2018,"3_","4_",1005,23.86,20.78,4.18,83,1,"KD5D_3_4_1005","V","HB","H","H","","","","","","","","","","","","","","","","","","","","","","","","","","","",2,10,0,2,2,0,1,10,6,-1.33693711446975,-0.592375371554126,-1.16322227426675
"210","KD5D_",25,1,2018,"3_","4_",1006,22.79,18.86,3.85,105,3,"KD5D_3_4_1006","V","Mixed","S","S","S","S","H","H","H","H","H","H","H","","","","","","","","","","","","","","","","","","",11,94,4,7,11,0.363636363636364,0.636363636363636,94,4,-0.0493900335281821,-0.674667870799792,0.210434718317655
"211","KD5D_",25,1,2018,"3_","4_",1007,23.32,20.28,4.38,106,3,"KD5D_3_4_1007","V","Mixed","S","S","S","H","H","H","H","H","H","H","H","H","","","","","","","","","","","","","","","","","",12,162,3,9,12,0.25,0.75,162,9,0.9929099843769,-0.468936622685625,1.21671832916437
"212","KD5D_",25,1,2018,"3_","4_",1008,22.72,19.83,3.85,108,3,"KD5D_3_4_1008","V","Mixed","H","H","H","H","H","H","H","S","S","H","H","H","","","","","","","","","","","","","","","","","",12,125,2,10,12,0.166666666666667,0.833333333333333,125,4,0.425776151105017,-0.674667870799792,0.705590145877148
"213","KD5D_",25,1,2018,"3_","4_",1009,23.03,19.9,4.1,109,3,"KD5D_3_4_1009","V","HB","H","H","H","H","H","H","H","H","","","","","","","","","","","","","","","","","","","","","",8,190,0,8,8,0,1,190,43,1.42209234469076,0.930035864490711,1.12088179479801
"214","KD6D_",26,1,2018,"30_","4_",1014,23.79,21.26,4.87,121,3,"KD6D_30_4_1014","V","HB","H","H","H","H","","","","","","","","","","","","","","","","","","","","","","","","","",4,147,0,4,4,0,1,147,23,0.76299086278019,0.107110872034043,0.753508413060325
"215","KD6D_",26,1,2018,"30_","4_",1015,25.96,22.3,5.32,122,3,"KD6D_30_4_1015","V","HB","H","H","H","H","H","H","H","H","H","","","","","","","","","","","","","","","","","","","","",9,165,0,9,9,0,1,165,11,1.03889380869624,-0.386644123439958,1.23269108489209
"216","KD6D_",26,1,2018,"28_","6_",1016,16.82,18.89,2.72,39,2,"KD6D_28_6_1016","V","Mixed","H","H","S","S","H","S","H","H","","","","","","","","","","","","","","","","","","","","","",8,214,3,5,8,0.375,0.625,214,6,1.78996293924549,-0.592375371554126,2.09521989418927
"217","KD6D_",26,1,2018,"28_","6_",1017,17.57,16.93,2.55,85,3,"KD6D_28_6_1017","V","HB","H","H","H","H","H","H","H","H","H","H","","","","","","","","","","","","","","","","","","","",10,59,0,10,10,0,1,59,3,-0.585867983920504,-0.715814120422626,-0.332638976425015
"218","KD6D_",26,1,2018,"28_","6_",1018,19.53,17.44,2.68,79,3,"KD6D_28_6_1018","V","HB","H","H","H","H","H","H","H","H","","","","","","","","","","","","","","","","","","","","","",8,108,0,8,8,0,1,108,10,0.165201146628747,-0.427790373062792,0.338216764139459
"219","KD6D_",26,1,2018,"23_","10_",1035,5.39,7.41,0.05,4,1,"KD6D_23_10_1035","V","HB","H","","","","","","","","","","","","","","","","","","","","","","","","","","","","",1,3,0,1,1,0,1,3,3,-1.44423270454822,-0.715814120422626,-1.22711329717765
"220","KD6D_",26,1,2018,"23_","10_",1036,19.48,18.24,2.38,94,2,"KD6D_23_10_1036","V","HB","H","H","H","H","H","H","H","","","","","","","","","","","","","","","","","","","","","","",7,35,0,7,7,0,1,35,8,-0.953738578475238,-0.510082872308459,-0.795848892529058
"221","KD6D_",26,1,2018,"23_","10_",1037,19.51,17.07,2.3,88,3,"KD6D_23_10_1037","V","HB","H","H","H","","","","","","","","","","","","","","","","","","","","","","","","","","",3,13,0,3,3,0,1,13,4,-1.29095329015041,-0.674667870799792,-1.08335849562812
"222","KD6D_",26,1,2018,"23_","10_",1038,18.54,15.24,1.94,88,2,"KD6D_23_10_1038","V","HB","H","H","H","H","H","H","H","H","","","","","","","","","","","","","","","","","","","","","",8,37,0,8,8,0,1,37,2,-0.923082695595677,-0.756960370045459,-0.668066846707253
"223","KD5D_",26,1,2018,"1_","12_",1050,14.29,12.29,0.95,24,1,"KD5D_1_12_1050","V","HB","H","H","H","","","","","","","","","","","","","","","","","","","","","","","","","","",3,7,0,3,3,0,1,7,3,-1.3829209387891,-0.715814120422626,-1.16322227426675
"224","KD5D_",26,1,2018,"1_","12_",1051,17.58,17.35,2.22,78,2,"KD5D_1_12_1051","V","Mixed","S","S","H","H","H","H","H","H","H","H","","","","","","","","","","","","","","","","","","","",10,51,2,8,10,0.2,0.8,51,2,-0.708491515438748,-0.756960370045459,-0.444448266519095
"225","KD5D_",26,1,2018,"1_","12_",1052,18.76,17.5,2.38,92,2,"KD5D_1_12_1052","V","Mixed","S","H","H","H","H","H","","","","","","","","","","","","","","","","","","","","","","","",6,112,1,5,6,0.166666666666667,0.833333333333333,112,1,0.226512912387869,-0.798106619668293,0.545862588599892
"226","KD5D_",26,1,2018,"1_","12_",1053,18.08,17.56,2.44,78,3,"KD5D_1_12_1053","V","Mixed","H","H","H","H","H","S","S","S","H","H","H","H","S","H","H","H","H","H","H","H","","","","","","","","","",20,157,4,16,20,0.2,0.8,157,3,0.916270277177997,-0.715814120422626,1.23269108489209
"227","KD5D_",26,1,2018,"1_","12_",1055,17.17,17.53,2.11,86,3,"KD5D_1_12_1055","V","Mixed","S","H","H","S","H","H","H","H","H","H","H","","","","","","","","","","","","","","","","","","",11,208,2,9,11,0.181818181818182,0.818181818181818,208,31,1.69799529060681,0.43628086901671,1.60006446662978
"228","KD5C_",26,1,2018,"25_","3_",1056,9.28,14.54,0.82,12,1,"KD5C_25_3_1056","V","HB","H","H","H","H","H","H","H","","","","","","","","","","","","","","","","","","","","","","",7,88,0,7,7,0,1,88,64,-0.141357682166866,1.79410710657021,-0.843767159712234
"229","KD5C_",26,1,2018,"25_","3_",1057,15.97,16.7,1.83,27,1,"KD5C_25_3_1057","V","HB","H","H","H","H","H","H","H","H","H","H","","","","","","","","","","","","","","","","","","","",10,131,0,10,10,0,1,131,25,0.517743799743701,0.189403371279709,0.465998809961264
"230","KD5C_",26,1,2018,"25_","3_",1058,22.28,18.95,3.84,87,2,"KD5C_25_3_1058","V","HB","H","H","H","H","H","H","","","","","","","","","","","","","","","","","","","","","","","",6,63,0,6,6,0,1,63,43,-0.524556218161381,0.930035864490711,-0.907658182623137
"231","KD5C_",26,1,2018,"25_","3_",1059,22.25,18.21,3.88,97,2,"KD5C_25_3_1059","V","Mixed","H","H","S","S","S","H","H","S","H","S","H","S","H","S","S","H","","","","","","","","","","","","","",16,186,8,8,16,0.5,0.5,186,24,1.36078057893163,0.148257121656876,1.3604731307139
"232","KD5C_",26,1,2018,"34_","2_",1066,17.04,16.53,2.27,90,3,"KD5C_34_2_1066","V","Mixed","H","H","H","H","H","H","S","S","H","H","S","S","H","H","","","","","","","","","","","","","","","",14,172,4,10,14,0.285714285714286,0.714285714285714,172,38,1.14618939877471,0.724304616376544,0.913235970337581
"233","KD5C_",26,1,2018,"34_","2_",1067,11.29,14.6,1.29,18,1,"KD5C_34_2_1067","V","HB","H","H","H","H","H","H","H","H","H","H","","","","","","","","","","","","","","","","","","","",10,120,0,10,10,0,1,120,15,0.349136443906114,-0.222059124948625,0.450026054233539
"234","KD5C_",26,1,2018,"34_","2_",1068,18.28,15.65,2.29,75,2,"KD5C_34_2_1068","V","Mixed","H","H","H","H","H","H","H","H","S","H","H","","","","","","","","","","","","","","","","","","",11,113,1,10,11,0.0909090909090909,0.909090909090909,113,12,0.24184085382765,-0.345497873817125,0.386135031322636
"235","KD5C_",26,1,2018,"34_","2_",1069,15.61,14.64,1.8,78,3,"KD5C_34_2_1069","V","HB","H","H","H","H","H","","","","","","","","","","","","","","","","","","","","","","","","",5,148,0,5,5,0,1,148,23,0.778318804219971,0.107110872034043,0.76948116878805
"236","KD12B_",21,2,2018,"9_","2_",1217,21.57,19.68,3.79,91,2,"KD12B_9_2_1217","V","HB","H","","","","","","","","","","","","","","","","","","","","","","","","","","","","",1,5,0,1,1,0,1,5,5,-1.41357682166866,-0.633521621176959,-1.22711329717765
"237","KD12B_",21,2,2018,"9_","2_",1218,20.31,18.51,3.76,103,2,"KD12B_9_2_1218","V","HB","H","H","H","","","","","","","","","","","","","","","","","","","","","","","","","","",3,50,0,3,3,0,1,50,2,-0.723819456878529,-0.756960370045459,-0.46042102224682
"238","KD12B_",21,2,2018,"9_","2_",1219,19.43,19.67,3.73,93,3,"KD12B_9_2_1219","V","Mixed","H","S","H","H","H","","","","","","","","","","","","","","","","","","","","","","","","",5,82,1,4,5,0.2,0.8,82,41,-0.233325330805549,0.847743365245044,-0.572230312340899
"239","KD12B_",21,2,2018,"7_","3_",1220,15.38,16.93,1.88,55,1,"KD12B_7_3_1220","V","HB","H","H","H","","","","","","","","","","","","","","","","","","","","","","","","","","",3,14,0,3,3,0,1,14,9,-1.27562534871063,-0.468936622685625,-1.14724951853902
"240","KD12B_",21,2,2018,"7_","3_",1221,13.63,18.84,2.11,28,1,"KD12B_7_3_1221","V","HB","H","","","","","","","","","","","","","","","","","","","","","","","","","","","","",1,8,0,1,1,0,1,8,8,-1.36759299734931,-0.510082872308459,-1.22711329717765
"241","KD12B_",21,2,2018,"7_","3_",1222,19.7,19.22,3.1,99,2,"KD12B_7_3_1222","V","HB","H","H","H","H","H","H","H","H","H","v","","","","","","","","","","","","","","","","","","","",10,68,0,9,9,0,1,66,8,-0.478572393842039,-0.510082872308459,-0.300693464969564
"242","KD12B_",21,2,2018,"7_","4_",1223,19.2,21.28,3.49,72,1,"KD12B_7_4_1223","V","HB","H","H","H","","","","","","","","","","","","","","","","","","","","","","","","","","",3,86,0,3,3,0,1,86,69,-0.172013565046427,1.99983835468438,-0.955576449806314
"243","KD12B_",21,2,2018,"7_","4_",1224,18.73,20.26,3.7,102,2,"KD12B_7_4_1224","V","HB","H","","","","","","","","","","","","","","","","","","","","","","","","","","","","",1,17,0,1,1,0,1,17,17,-1.22964152439129,-0.139766625702958,-1.22711329717765
"244","KD12B_",21,2,2018,"7_","4_",1225,21.45,20.24,4.14,105,3,"KD12B_7_4_1225","V","HB","H","","","","","","","","","","","","","","","","","","","","","","","","","","","","",1,42,0,1,1,0,1,42,42,-0.846442988396774,0.888889614867878,-1.22711329717765
"245","KD12B_",21,2,2018,"2_","8_",1226,20.35,19.11,3.63,98,2,"KD12B_2_8_1226","V","Mixed","H","H","S","H","S","","","","","","","","","","","","","","","","","","","","","","","","",5,80,2,3,5,0.4,0.6,80,10,-0.263981213685111,-0.427790373062792,-0.109020396236857
"246","KD12B_",21,2,2018,"2_","8_",1227,10.16,17.74,1.26,12,1,"KD12B_2_8_1227","V","SB","S","","","","","","","","","","","","","","","","","","","","","","","","","","","","",1,5,1,0,1,1,0,5,5,-1.41357682166866,-0.633521621176959,-1.22711329717765
"247","KD12B_",22,2,2018,"2_","3_",1228,19.87,17.59,2.87,100,2,"KD12B_2_3_1228","V","Mixed","H","S","H","","","","","","","","","","","","","","","","","","","","","","","","","","",3,64,1,2,3,0.333333333333333,0.666666666666667,64,8,-0.509228276721601,-0.510082872308459,-0.332638976425015
"248","KD12B_",22,2,2018,"2_","3_",1229,22.26,19.59,4.15,107,2,"KD12B_2_3_1229","V","Mixed","H","H","H","H","S","S","H","H","H","H","","","","","","","","","","","","","","","","","","","",10,199,2,8,10,0.2,0.8,199,6,1.56004381764878,-0.592375371554126,1.85562855827339
"249","KD12B_",22,2,2018,"2_","3_",1230,20.64,17.91,3.31,115,2,"KD12B_2_3_1230","V","HB","H","H","H","H","H","H","H","H","H","H","","","","","","","","","","","","","","","","","","","",10,116,0,10,10,0,1,116,40,0.287824678146991,0.806597115622211,-0.0131838618705036
"250","KD12B_",22,2,2018,"5_","5_",1231,18.71,18.41,3.21,78,3,"KD12B_5_5_1231","V","Mixed","S","H","S","","","","","","","","","","","","","","","","","","","","","","","","","","",3,133,2,1,3,0.666666666666667,0.333333333333333,133,45,0.548399682623262,1.01232836373638,0.178489206862203
"251","KD12B_",22,2,2018,"5_","5_",1232,18.26,19.26,3.22,80,3,"KD12B_5_5_1232","V","Mixed","H","H","H","H","S","","","","","","","","","","","","","","","","","","","","","","","","",5,67,1,4,5,0.2,0.8,67,6,-0.463244452402259,-0.592375371554126,-0.252775197786387
"252","KD12B_",22,2,2018,"5_","5_",1233,18.78,19.32,3.12,72,2,"KD12B_5_5_1233","V","Mixed","S","S","H","","","","","","","","","","","","","","","","","","","","","","","","","","",3,40,2,1,3,0.666666666666667,0.333333333333333,40,21,-0.877098871276335,0.0248183727883758,-0.923630938350862
"253","KD12B_",22,2,2018,"5_","5_",1234,16.89,17.95,2.88,68,2,"KD12B_5_5_1234","V","Mixed","H","H","S","","","","","","","","","","","","","","","","","","","","","","","","","","",3,104,1,2,3,0.333333333333333,0.666666666666667,104,45,0.103889380869624,1.01232836373638,-0.284720709241839
"254","KD12B_",22,2,2018,"5_","8_",1235,16.31,16.06,2.01,75,2,"KD12B_5_8_1235","V","SB","S","S","S","","","","","","","","","","","","","","","","","","","","","","","","","","",3,34,3,0,3,1,0,34,5,-0.969066519915019,-0.633521621176959,-0.763903381073606
"255","KD12B_",22,2,2018,"5_","8_",1236,16.47,17.57,1.92,51,1,"KD12B_5_8_1236","V","SB","S","","","","","","","","","","","","","","","","","","","","","","","","","","","","",1,12,1,0,1,1,0,12,12,-1.30628123159019,-0.345497873817125,-1.22711329717765
"256","KD12B_",22,2,2018,"5_","10_",1238,24.45,21.05,5.09,120,2,"KD12B_5_10_1238","V","SB","S","","","","","","","","","","","","","","","","","","","","","","","","","","","","",1,4,1,0,1,1,0,4,4,-1.42890476310844,-0.674667870799792,-1.22711329717765
"257","KD12B_",23,2,2018,"2_","1_",1240,22.78,21.08,4.45,102,2,"KD12B_2_1_1240","V","SB","S","S","S","","","","","","","","","","","","","","","","","","","","","","","","","","",3,47,3,0,3,1,0,47,30,-0.769803281197871,0.395134619393877,-0.955576449806314
"258","KD12B_",23,2,2018,"2_","1_",1241,16.06,20.29,2.48,38,1,"KD12B_2_1_1241","V","SB","S","","","","","","","","","","","","","","","","","","","","","","","","","","","","",1,26,1,0,1,1,0,26,26,-1.09169005143326,0.230549620902543,-1.22711329717765
"259","KD12B_",23,2,2018,"2_","1_",1242,23.89,18.85,4.2,123,2,"KD12B_2_1_1242","V","SB","S","","","","","","","","","","","","","","","","","","","","","","","","","","","","",1,5,1,0,1,1,0,5,5,-1.41357682166866,-0.633521621176959,-1.22711329717765
"260","KD12B_",23,2,2018,"2_","1_",1243,24.42,22.29,5.02,113,2,"KD12B_2_1_1243","V","SB","S","S","S","","","","","","","","","","","","","","","","","","","","","","","","","","",3,16,3,0,3,1,0,16,10,-1.24496946583107,-0.427790373062792,-1.13127676281129
"261","KD12B_",23,2,2018,"2_","7_",1244,22.94,21.07,4.75,100,2,"KD12B_2_7_1244","V","SB","S","","","","","","","","","","","","","","","","","","","","","","","","","","","","",1,32,1,0,1,1,0,32,32,-0.99972240279458,0.477427118639543,-1.22711329717765
"262","KD12B_",23,2,2018,"9_","11_",1247,20.32,16.62,2.73,106,2,"KD12B_9_11_1247","V","SB","S","","","","","","","","","","","","","","","","","","","","","","","","","","","","",1,59,1,0,1,1,0,59,59,-0.585867983920504,1.58837585845605,-1.22711329717765
"263","KD12B_",23,2,2018,"9_","11_",1248,18.45,16.87,2.61,89,2,"KD12B_9_11_1248","V","SB","S","","","","","","","","","","","","","","","","","","","","","","","","","","","","",1,63,1,0,1,1,0,63,63,-0.524556218161381,1.75296085694738,-1.22711329717765
