BLOCK,DAY,MONTH,YEAR,ROW,PLANT,FLOWER,Height,Width,Weight,Druplets,Crumbliness,Comments,CODE (block# added to front),TREATMENT,POLLEN_DONOR,POLLINATORS,VISIT1,VISIT2,VISIT3,VISIT4,VISIT5,VISIT6,VISIT7,VISIT8,VISIT9,VISIT10,VISIT11,VISIT12,VISIT13,VISIT14,VISIT15,VISIT16,VISIT17,VISIT18,VISIT19,VISIT20,VISIT21,VISIT22,VISIT23,VISIT24,VISIT25,VISIT26,VISIT27,VISIT28,VISIT29,Total visits,TOTAL TIME,COMMENTS
24I_,,,2017,46_,2_,701,19.01,16.95,3.11,86,3,,24I_46_2_701,C,,BC,,,,,,,,,,,,,,,,,,,,,,,,,,,,,,0,0,
24I_,,,2017,46_,2_,702,19.84,18.2,3.59,77,3,,24I_46_2_702,C,,BC,,,,,,,,,,,,,,,,,,,,,,,,,,,,,,0,0,
24I_,,,2017,46_,2_,703,14.85,18.79,2.34,41,1,,24I_46_2_703,C,,BC,,,,,,,,,,,,,,,,,,,,,,,,,,,,,,0,0,
24I_,,,2017,46_,2_,704,14.03,17.05,1.95,46,2,,24I_46_2_704,V,,HB,HN67,HN3,HN3,HP4,HP16,,,,,,,,,,,,,,,,,,,,,,,,,5,93,
24I_,,,2017,46_,2_,705,18.05,17.24,3.32,81,1,,24I_46_2_705,V,,HB,HP8,HP8,HN2,HP35,,,,,,,,,,,,,,,,,,,,,,,,,,4,53,
24I_,,,2017,46_,2_,706,19.65,18.14,3.39,92,2,,24I_46_2_706,V,,HB,HN8,HN40,HP2,,,,,,,,,,,,,,,,,,,,,,,,,,,3,50,
24I_,,,2017,46_,4_,707,15.86,17.95,2.84,53,1,,24I_46_4_707,V,,HB,HP72,HN2,HN3,,,,,,,,,,,,,,,,,,,,,,,,,,,3,77,
24I_,,,2017,46_,4_,708,24.36,20.48,4.38,126,3,,24I_46_4_708,V,,HB,HP4,HP6,HP5,HP3,HP60,,,,,,,,,,,,,,,,,,,,,,,,,5,78,
24I_,,,2017,46_,4_,709,14.93,14.54,1.85,48,1,,24I_46_4_709,C,,BC,,,,,,,,,,,,,,,,,,,,,,,,,,,,,,0,0,
24I_,,,2017,46_,4_,710,24.57,21.87,5.06,137,3,,24I_46_4_710,V,,HB,HP10,HP11,,,,,,,,,,,,,,,,,,,,,,,,,,,,2,21,
24I_,,,2017,46_,4_,711,16.89,17.45,2.66,67,2,,24I_46_4_711,V,,Mixed,HP23,HP4,HN5,HN3,HP3,SP45,SP12,,,,,,,,,,,,,,,,,,,,,,,7,95,
24I_,,,2017,46_,4_,712,12.7,16.54,2.93,46,1,,24I_46_4_712,V,,SB,SP25,SN19,SP15,SP19,,,,,,,,,,,,,,,,,,,,,,,,,,4,78,
24I_,,,2017,46_,9_,713,0,0,0.00,0,0,all dead - snapped ,24I_46_9_713,V,,Mixed,HP27,SP4,HP16,HP16,HP22,,,,,,,,,,,,,,,,,,,,,,,,,5,85,Snapped
24I_,,,2017,46_,9_,714,0,0,0.00,0,0,all dead - snapped ,24I_46_9_714,C,,BC,,,,,,,,,,,,,,,,,,,,,,,,,,,,,,0,0,Snapped
24I_,,,2017,46_,9_,715,0,0,0.00,0,0,all dead - snapped ,24I_46_9_715,V,,Mixed,HP3,HP25,SP13,SP21,HP20,,,,,,,,,,,,,,,,,,,,,,,,,5,82,Snapped
24I_,,,2017,46_,9_,716,0,0,0.00,0,0,all dead - snapped ,24I_46_9_716,V,,Mixed,HP10,HP3,SP4,,,,,,,,,,,,,,,,,,,,,,,,,,,3,17,Snapped
24I_,,,2017,46_,9_,717,0,0,0.00,0,0,all dead - snapped ,24I_46_9_717,V,,Mixed,HP15,HP14,SP9,SP7,SP9,HP3,SN20,,,,,,,,,,,,,,,,,,,,,,,7,77,Snapped
24I_,,,2017,46_,9_,718,0,0,0.00,0,0,all dead - snapped ,24I_46_9_718,V,,Mixed,HN5,HP17,HP4,HP25,HP7,SP8,,,,,,,,,,,,,,,,,,,,,,,,6,66,Snapped
24I_,,,2017,46_,17_,719,17.19,18.9,3.11,82,2,,24I_46_17_719,V,,HB,HP24,HN60,HP12,HP11,HP4,HP7,,,,,,,,,,,,,,,,,,,,,,,,6,118,
24I_,,,2017,46_,17_,720,15.79,19.62,2.42,63,2,,24I_46_17_720,V,,HB,HP32,HP21,,,,,,,,,,,,,,,,,,,,,,,,,,,,2,53,
24I_,,,2017,46_,17_,721,19.72,17.37,2.08,31,1,,24I_46_17_721,V,,HB,HP15,HN25,HP4,HP8,,,,,,,,,,,,,,,,,,,,,,,,,,4,52,
24I_,,,2017,46_,17_,722,14.46,10.61,0.65,0,1,Mouldy/black,24I_46_17_722,C,,BC,,,,,,,,,,,,,,,,,,,,,,,,,,,,,,0,0,
24I_,,,2017,46_,17_,723,16.32,19.86,3.04,64,1,,24I_46_17_723,V,,HB,HP8,HP14,HP20,HP46,HP3,HP3,,,,,,,,,,,,,,,,,,,,,,,,6,94,
24I_,,,2017,46_,21_,724,0,0,0.00,0,0,all dead - snapped ,24I_46_21_724,V,,HB,HP3,HP4,HP10,HP20,HP9,HP27,,,,,,,,,,,,,,,,,,,,,,,,6,73,Snapped
24I_,,,2017,46_,21_,725,0,0,0.00,0,0,all dead - snapped ,24I_46_21_725,V,,HB,HP2,,,,,,,,,,,,,,,,,,,,,,,,,,,,,1,2,Snapped
24I_,,,2017,46_,21_,726,0,0,0.00,0,0,all dead - snapped ,24I_46_21_726,V,,HB,HP26,HP5,HP41,HN3,HP6,HP5,HP10,HP3,,,,,,,,,,,,,,,,,,,,,,8,99,Snapped
24I_,,,2017,46_,21_,727,0,0,0.00,0,0,all dead - snapped ,24I_46_21_727,C,,BC,,,,,,,,,,,,,,,,,,,,,,,,,,,,,,0,0,Snapped
24I_,,,2017,46_,27_,728,17.24,15.44,2.21,69,2,,24I_46_27_728,V,,Mixed,SN90,SP47,HP17,SP71,HP3,SN121,,,,,,,,,,,,,,,,,,,,,,,,6,349,
24I_,,,2017,46_,27_,729,5.44,10.84,0.21,5,0,,24I_46_27_729,C,,BC,,,,,,,,,,,,,,,,,,,,,,,,,,,,,,0,0,
24I_,,,2017,46_,27_,730,17.46,14.56,1.96,52,2,,24I_46_27_730,V,,HB,HP87,HP5,HP26,HP31,HP4,,,,,,,,,,,,,,,,,,,,,,,,,5,153,
24I_,,,2017,46_,27_,731,13.27,13.86,1.29,56,1,,24I_46_27_731,V,,HB,HN107,HP20,HP4,HP5,HP3,HP4,,,,,,,,,,,,,,,,,,,,,,,,6,143,
24I_,,,2017,46_,27_,732,16.35,16.02,2.34,97,3,,24I_46_27_732,V,,HB,HP67,HP4,,,,,,,,,,,,,,,,,,,,,,,,,,,,2,71,
24I_,,,2017,46_,27_,733,16.78,16.17,2.25,67,2,,24I_46_27_733,V,,Mixed,SN2,SP12,HP3,HN106,,,,,,,,,,,,,,,,,,,,,,,,,,4,123,
24I_,,,2017,6_,1_,734,23.22,20.64,3.62,107,2,,24I_6_1_734,V,,HB,HP12,HP6,HP4,HP4,,,,,,,,,,,,,,,,,,,,,,,,,,4,26,
24I_,,,2017,6_,1_,735,15.14,16.6,1.49,13,1,,24I_6_1_735,V,,SB,SP6,,,,,,,,,,,,,,,,,,,,,,,,,,,,,1,6,
24I_,,,2017,6_,1_,736,21.92,19.92,3.08,112,2,,24I_6_1_736,V,,Mixed,SP3,SP4,HP3,HP5,HP9,HP4,SP24,SP9,SP8,SP6,HP4,HP3,SP31,,,,,,,,,,,,,,,,,13,113,
24I_,,,2017,6_,1_,737,20.76,19.98,3.40,98,3,,24I_6_1_737,V,,HB,HP6,HP4,,,,,,,,,,,,,,,,,,,,,,,,,,,,2,10,
24I_,,,2017,6_,1_,738,7.61,14.6,0.75,13,1,,24I_6_1_738,V,,HB,HP3,HP4,HP7,HP5,HP19,HP18,,,,,,,,,,,,,,,,,,,,,,,,6,56,
24I_,,,2017,6_,1_,739,19.01,18.13,2.56,76,2,,24I_6_1_739,V,,HB,HP3,HP26,HP7,HP3,HP3,,,,,,,,,,,,,,,,,,,,,,,,,5,42,
24I_,,,2017,6_,6_,740,14.13,18.03,2.11,32,1,,24I_6_6_740,C,,BC,,,,,,,,,,,,,,,,,,,,,,,,,,,,,,0,0,
24I_,,,2017,6_,6_,741,11.93,14.61,1.33,39,1,,24I_6_6_741,C,,BC,,,,,,,,,,,,,,,,,,,,,,,,,,,,,,0,0,
24I_,,,2017,6_,6_,742,10.96,15.7,1.87,31,1,,24I_6_6_742,C,,BC,,,,,,,,,,,,,,,,,,,,,,,,,,,,,,0,0,
24I_,,,2017,6_,6_,743,14.93,17.33,2.11,57,1,,24I_6_6_743,C,,BC,,,,,,,,,,,,,,,,,,,,,,,,,,,,,,0,0,
24I_,,,2017,6_,6_,744,0,0,0.00,0,0,,24I_6_6_744,C,,BC,,,,,,,,,,,,,,,,,,,,,,,,,,,,,,0,0,
24I_,,,2017,6_,12_,745,5.32,9.3,0.25,3,1,,24I_6_12_745,C,,BC,,,,,,,,,,,,,,,,,,,,,,,,,,,,,,0,0,
24I_,,,2017,6_,12_,746,6.47,11.93,0.29,3,1,,24I_6_12_746,C,,BC,,,,,,,,,,,,,,,,,,,,,,,,,,,,,,0,0,
24I_,,,2017,6_,12_,747,0,0,0.00,0,1,,24I_6_12_747,V,,Mixed,HP13,HP18,HP31,HP3,HP12,HP11,SP4,SP2,,,,,,,,,,,,,,,,,,,,,,8,94,
24I_,,,2017,6_,12_,748,5.49,11.97,0.29,6,1,,24I_6_12_748,V,,Mixed,HP3,SP18,HP2,SP18,,,,,,,,,,,,,,,,,,,,,,,,,,4,41,
24I_,,,2017,6_,12_,749,10.53,17.72,1.20,19,1,,24I_6_12_749,V,,HB,HP44,HP10,,,,,,,,,,,,,,,,,,,,,,,,,,,,2,54,
24I_,,,2017,6_,26_,750,15.32,18.45,1.83,49,2,,24I_6_26_750,V,,SB,SP15,,,,,,,,,,,,,,,,,,,,,,,,,,,,,1,15,
24I_,,,2017,6_,26_,751,18.93,17.49,2.31,81,2,,24I_6_26_751,V,,SB,SP7,SP5,,,,,,,,,,,,,,,,,,,,,,,,,,,,2,12,
24I_,,,2017,6_,26_,752,21.89,19.62,3.46,112,3,,24I_6_26_752,V,,Mixed,SP19,SN7,HP11,SP16,SN15,SP3,SP4,,,,,,,,,,,,,,,,,,,,,,,7,75,
24I_,,,2017,6_,26_,753,21.9,19.83,3.52,99,3,,24I_6_26_753,V,,SB,SP22,SP6,SP6,,,,,,,,,,,,,,,,,,,,,,,,,,,3,34,
24I_,,,2017,6_,26_,754,13.36,19.54,2.08,37,1,,24I_6_26_754,C,,BC,,,,,,,,,,,,,,,,,,,,,,,,,,,,,,0,0,
24I_,,,2017,6_,26_,755,19.09,18.4,2.77,92,1,,24I_6_26_755,V,,HB,HP12,HN50,HP4,,,,,,,,,,,,,,,,,,,,,,,,,,,3,66,
24I_,,,2017,6_,26_,756,16.44,18.13,2.35,66,2,,24I_6_26_756,C,,BC,,,,,,,,,,,,,,,,,,,,,,,,,,,,,,0,0,
24I_,,,2017,6_,26_,757,15.96,20.05,2.36,37,3,,24I_6_26_757,C,,BC,,,,,,,,,,,,,,,,,,,,,,,,,,,,,,0,0,
24I_,,,2017,46_,24_,758,14.91,16.76,1.82,54,1,,24I_46_24_758,V,,Mixed,SP24,SP10,HP12,HP4,HP58,,,,,,,,,,,,,,,,,,,,,,,,,5,108,
24I_,,,2017,46_,24_,759,14.45,13.79,1.50,42,1,,24I_46_24_759,V,,Mixed,SN24,SP4,SP6,SP4,HP5,,,,,,,,,,,,,,,,,,,,,,,,,5,43,
24I_,,,2017,46_,24_,760,16.27,17.22,2.45,59,2,,24I_46_24_760,V,,Mixed,HP10,SP2,HP18,HP18,SP8,HP4,,,,,,,,,,,,,,,,,,,,,,,,6,60,
24I_,,,2017,46_,30_,761,0,0,0.00,0,0,,24I_46_30_761,C,,BC,,,,,,,,,,,,,,,,,,,,,,,,,,,,,,0,0,
24I_,,,2017,46_,30_,762,10.48,16.3,1.63,24,1,,24I_46_30_762,C,,BC,,,,,,,,,,,,,,,,,,,,,,,,,,,,,,0,0,
24I_,,,2017,46_,30_,763,17.26,16.99,2.85,96,2,,24I_46_30_763,V,,Mixed,HP12,HP34,HN36,HP3,SN77,SP28,SP31,,,,,,,,,,,,,,,,,,,,,,,7,221,
24I_,,,2017,46_,30_,764,7.5,11.42,0.67,25,1,,24I_46_30_764,V,,HB,HP4,,,,,,,,,,,,,,,,,,,,,,,,,,,,,1,4,
24I_,,,2017,46_,37_,765,17.56,15.96,2.38,71,2,,24I_46_37_765,V,,HB,HN63,HP7,HP3,,,,,,,,,,,,,,,,,,,,,,,,,,,3,73,
24I_,,,2017,46_,37_,766,13.78,15.99,1.50,42,1,,24I_46_37_766,V,,Mixed,SP15,SP15,HP24,,,,,,,,,,,,,,,,,,,,,,,,,,,3,54,
24I_,,,2017,46_,37_,767,14.69,13.69,1.76,65,2,,24I_46_37_767,V,,HB,HP8,HP4,,,,,,,,,,,,,,,,,,,,,,,,,,,,2,12,
24I_,,,2017,46_,37_,768,17.98,16.21,2.36,56,2,,24I_46_37_768,V,,HB,HP86,HP79,HP7,HP15,HP15,HP4,HP17,,,,,,,,,,,,,,,,,,,,,,,7,223,
KD5D_,18,1,2018,1_,15_,782,25.44,22.67,5.81,123,3,,KD5D_1_15_782,V,,Mixed,SP24,SP11,SP5,SP8,HN16,HP7,SN47,SP4,HP12,HP30,HP11,HP13,HP15,SP3,,,,,,,,,,,,,,,,14,206,
KD5D_,18,1,2018,1_,15_,783,21.4,22.83,4.74,83,2,,KD5D_1_15_783,V,,Mixed,HP79,SN33,SP15,HN51,SP9,SP8,SP4,SP16,SN13,HP12,HP13,HP9,,,,,,,,,,,,,,,,,,12,262,
KD5D_,18,1,2018,1_,15_,784,24.73,22.01,5.53,105,3,,KD5D_1_15_784,V,,Mixed,HP117,HN22,HN7,HP33,HP7,HP3,SP3,HP11,HP9,,,,,,,,,,,,,,,,,,,,,9,212,
KD5D_,18,1,2018,1_,17_,785,20.68,20.17,3.82,87,2,,KD5D_1_17_785,V,,Mixed,HN70,HP4,SP15,HP4,HP6,HN7,SP4,HP3,HP13,,,,,,,,,,,,,,,,,,,,,9,126,
KD5D_,18,1,2018,1_,17_,786,21.77,19.59,3.97,91,3,,KD5D_1_17_786,V,,Mixed,HP12,HP5,HP3,SP4,HP6,SP48,HP3,HP12,SN56,SP47,HN15,HP2,,,,,,,,,,,,,,,,,,12,213,
KD5D_,18,1,2018,1_,17_,787,21.21,19.74,3.88,95,3,,KD5D_1_17_787,V,,Mixed,HP21,HP7,HP9,HP2,SP5,SP2,SN54,HP9,SP10,HP10,,,,,,,,,,,,,,,,,,,,10,129,
KD6D_,18,1,2018,30_,9_,788,22.94,20.42,4.36,99,2,,KD6D_30_9_788,V,,HB,HP16,HP5,HN60,HP14,HN74,HP5,HP10,,,,,,,,,,,,,,,,,,,,,,,7,184,
KD6D_,18,1,2018,30_,9_,789,18.64,17.36,3.12,90,2,,KD6D_30_9_789,V,,HB,HP4,HP4,,,,,,,,,,,,,,,,,,,,,,,,,,,,2,8,
KD6D_,18,1,2018,30_,9_,790,21.01,18.85,3.59,82,2,,KD6D_30_9_790,C,,BC,,,,,,,,,,,,,,,,,,,,,,,,,,,,,,0,0,
KD6D_,18,1,2018,30_,9_,791,19.7,19.79,3.99,90,3,,KD6D_30_9_791,V,,HB,HP10,HP54,HP6,HP3,HP2,HN35,HP8,HP6,HP4,HP7,HP35,HP6,HP4,HP6,HP3,HP11,,,,,,,,,,,,,,16,200,
KD6D_,18,1,2018,30_,9_,792,21.27,20.17,4.09,107,3,,KD6D_30_9_792,V,,HB,HP18,HP5,HP14,HP38,HP13,HP25,HP7,HP5,HP13,HP9,,,,,,,,,,,,,,,,,,,,10,147,
KD6D_,18,1,2018,23_,5_,793,21.23,18.53,3.14,71,1,,KD6D_23_5_793,V,,HB,HN119,HN46,HP8,HP3,HP7,HP16,,,,,,,,,,,,,,,,,,,,,,,,6,199,
KD6D_,18,1,2018,23_,5_,794,21.22,17.77,3.16,92,2,,KD6D_23_5_794,V,,HB,HP16,HP7,HP8,HP11,HP14,HP4,HP4,HP5,HP10,HP9,HP8,HP15,,,,,,,,,,,,,,,,,,12,111,
KD6D_,18,1,2018,23_,5_,795,12.77,17.15,1.47,34,1,,KD6D_23_5_795,C,,BC,,,,,,,,,,,,,,,,,,,,,,,,,,,,,,0,0,
KD6D_,18,1,2018,23_,5_,796,15.34,18.23,2.36,62,1,,KD6D_23_5_796,C,,BC,,,,,,,,,,,,,,,,,,,,,,,,,,,,,,0,0,
KD6D_,18,1,2018,23_,5_,797,26.79,22.87,5.90,118,3,,KD6D_23_5_797,V,,HB,HP5,HP3,HP4,HP2,HP3,HP8,HP3,HP10,HP14,HN79,HP4,HP20,HP5,,,,,,,,,,,,,,,,,13,160,
KD8_,18,1,2018,1_,11_,798,19.85,18.91,3.11,109,2,,KD8_1_11_798,V,,Mixed,HP16,HP7,HP3,HP4,HP3,HP4,HP3,HP2,HP7,SN50,HP4,SP2,HP3,SP29,SP15,HP4,SP4,,,,,,,,,,,,,17,160,
KD8_,18,1,2018,1_,11_,799,21.12,20.93,3.58,83,2,,KD8_1_11_799,C,,BC,,,,,,,,,,,,,,,,,,,,,,,,,,,,,,0,0,
KD8_,18,1,2018,1_,11_,800,22.07,21.19,4.00,93,2,,KD8_1_11_800,V,,HB,HN154,HP49,HP25,HP12,HP12,HP4,HN4,HP4,HP3,HP5,HP3,HP6,,,,,,,,,,,,,,,,,,12,281,
KD8_,18,1,2018,1_,11_,801,20.84,20.09,3.44,79,3,,KD8_1_11_801,V,,HB,HP3,HP4,HP23,HN97,HP3,,,,,,,,,,,,,,,,,,,,,,,,,5,130,
KD8_,18,1,2018,1_,11_,802,22.84,21.27,4.03,95,3,,KD8_1_11_802,V,,Mixed,SP3,HP3,HP26,HP2,HP4,HP21,HP17,,,,,,,,,,,,,,,,,,,,,,,7,76,
KD8_,18,1,2018,5_,14_,803,20.28,18.7,2.90,113,2,,KD8_5_14_803,V,,HB,HP4,HP19,HP20,HP4,HP7,HP1,HP6,HP2,HP3,HP4,,,,,,,,,,,,,,,,,,,,10,70,
KD8_,18,1,2018,5_,14_,804,20.4,20.63,3.24,104,2,,KD8_5_14_804,V,,HB,HP34,HP32,HP7,HP5,HP5,HP3,,,,,,,,,,,,,,,,,,,,,,,,6,86,
KD6C_,19,1,2018,1_,2_,805,24.09,22.07,4.51,122,3,,KD6C_1_2_805,V,,Mixed,SP14,HP6,SP20,SN20,SP17,SP13,SP22,SP4,HP2,SP22,SN10,SP5,SP4,HP7,HP12,SN17,HP5,,,,,,,,,,,,,17,200,
KD6C_,19,1,2018,1_,2_,806,20.35,19.74,3.43,104,3,,KD6C_1_2_806,V,,Mixed,HP24,HP5,HP3,SP32,HP15,HP5,HP2,SP5,SP7,HP5,SP11,HP4,SP3,,,,,,,,,,,,,,,,,13,121,
KD6C_,19,1,2018,1_,2_,807,23.58,20.91,4.60,122,3,,KD6C_1_2_807,V,,Mixed,HP8,HP7,HP8,HP2,HP8,SP4,HP8,HP3,SP5,,,,,,,,,,,,,,,,,,,,,9,53,
KD6C_,19,1,2018,1_,2_,808,21.02,18.84,3.29,117,2,,KD6C_1_2_808,V,,Mixed,HP11,HP7,SP3,SP23,SP6,HP4,HP8,HP4,HP4,,,,,,,,,,,,,,,,,,,,,9,70,
KD6C_,19,1,2018,1_,3_,809,18.98,19.6,2.78,41,1,,KD6C_1_3_809,V,,Mixed,SP17,SP15,HP38,SP23,SP62,SP3,HP35,SP12,SP3,SP9,HP34,SP15,SP4,,,,,,,,,,,,,,,,,13,270,
KD6C_,19,1,2018,1_,3_,810,19.93,19.26,3.62,95,2,,KD6C_1_3_810,V,,Mixed,HP29,HP5,HP4,HP3,HP22,SP29,,,,,,,,,,,,,,,,,,,,,,,,6,92,
KD6C_,19,1,2018,1_,3_,811,22.38,19.24,3.90,115,2,,KD6C_1_3_811,V,,Mixed,HP10,HP28,HP5,HP10,SP24,SP3,,,,,,,,,,,,,,,,,,,,,,,,6,80,
KD6C_,19,1,2018,1_,3_,812,23.23,20.74,4.72,124,3,,KD6C_1_3_812,V,,Mixed,HP30,HP4,HP11,HP8,HP6,HN11,HP3,SP16,HP3,HP4,SP6,SP15,HP7,,,,,,,,,,,,,,,,,13,124,
KD6C_,19,1,2018,1_,5_,813,24.47,21.44,4.31,97,2,,KD6C_1_5_813,V,,HB,HN21,HP6,HP28,HP33,,,,,,,,,,,,,,,,,,,,,,,,,,4,88,
KD6C_,19,1,2018,1_,5_,814,24.79,20.38,4.60,117,2,,KD6C_1_5_814,V,,HB,HN24,HN3,HP2,HP10,HP37,HP11,HP11,HP3,,,,,,,,,,,,,,,,,,,,,,8,101,
KD8_,19,1,2018,5_,1_,815,19.01,17.53,2.67,48,1,,KD8_5_1_815,V,,HB,HP27,HP4,HN67,HP7,HP10,HP11,,,,,,,,,,,,,,,,,,,,,,,,6,126,
KD8_,19,1,2018,5_,1_,816,18.32,17.89,3.37,75,2,,KD8_5_1_816,V,,Mixed,SP13,SP10,SP19,HP7,HP6,HP10,HP40,HP3,HP2,HP3,HP2,HP21,,,,,,,,,,,,,,,,,,12,136,
KD8_,19,1,2018,5_,9_,817,0,0,0.00,0,0,,KD8_5_9_817,V,,HB,HP18,HP25,HP8,HN42,HP23,HP3,HP6,HP4,,,,,,,,,,,,,,,,,,,,,,8,129,Snapped
KD8_,19,1,2018,5_,9_,818,0,0,0.00,0,0,,KD8_5_9_818,V,,HB,HP6,HP4,HP44,HP5,HP8,HP8,HP11,,,,,,,,,,,,,,,,,,,,,,,7,86,Snapped
KD6C_,19,1,2018,3_,6_,819,20.16,18.96,3.15,110,3,,KD6C_3_6_819,V,,Mixed,HP11,HP26,HP5,HP13,SP5,,,,,,,,,,,,,,,,,,,,,,,,,5,60,
KD6C_,19,1,2018,3_,6_,820,11.99,13.85,1.22,56,1,,KD6C_3_6_820,C,,BC,,,,,,,,,,,,,,,,,,,,,,,,,,,,,,0,0,
KD6C_,19,1,2018,3_,6_,821,11.08,14.19,1.08,49,1,,KD6C_3_6_821,C,,BC,,,,,,,,,,,,,,,,,,,,,,,,,,,,,,0,0,
KD6C_,19,1,2018,3_,6_,822,16.6,14.44,1.57,75,1,,KD6C_3_6_822,V,,Mixed,HP3,HP2,HP16,HP6,HP23,HP8,SP21,SP6,SP34,HP2,,,,,,,,,,,,,,,,,,,,10,121,
KD6D_,19,1,2018,30_,12_,823,11.29,17.09,1.04,20,1,,KD6D_30_12_823,V,,HB,HN57,HP39,,,,,,,,,,,,,,,,,,,,,,,,,,,,2,96,
KD6D_,19,1,2018,30_,12_,824,18.55,17.62,2.82,70,2,,KD6D_30_12_824,V,,HB,HN43,HN27,HP6,HP7,HP6,HP4,HP7,,,,,,,,,,,,,,,,,,,,,,,7,100,
KD6D_,19,1,2018,30_,12_,825,19.52,17.98,3.37,97,3,,KD6D_30_12_825,V,,HB,HP58,HP44,HP6,HP17,HP4,HP61,HP25,HP3,HP6,,,,,,,,,,,,,,,,,,,,,9,224,
KD6D_,19,1,2018,30_,12_,826,18.89,17.68,2.58,55,2,,KD6D_30_12_826,V,,HB,HP4,HP3,HP3,HN51,HN60,HP5,HP3,HP59,,,,,,,,,,,,,,,,,,,,,,8,188,
KD6D_,19,1,2018,20_,5_,827,0,0,0.00,0,0,,KD6D_20_5_827,V,,HB,HP8,HP4,HP6,HP13,HP13,HP4,HP6,,,,,,,,,,,,,,,,,,,,,,,7,54,Eaten by caterpillars
KD6D_,19,1,2018,20_,5_,828,0,0,0.00,0,0,,KD6D_20_5_828,V,,Mixed,HP12,HP23,HP12,HP7,HP3,SP4,HP5,,,,,,,,,,,,,,,,,,,,,,,7,66,Eaten by caterpillars
KD6D_,19,1,2018,20_,5_,829,0,0,0.00,0,0,,KD6D_20_5_829,V,,HB,HP3,HP4,HP5,HP22,HN14,HP3,HP2,HP11,HP7,HP4,HP10,HP16,,,,,,,,,,,,,,,,,,12,101,Eaten by caterpillars
KD6C_,22,1,2018,1_,10_,830,20.6,20.09,3.61,77,1,,KD6C_1_10_830,V,,Mixed,SP8,HP4,HP15,HP3,HP19,HP20,HP23,,,,,,,,,,,,,,,,,,,,,,,7,92,
KD6C_,22,1,2018,1_,10_,831,13.09,16.12,1.52,44,1,,KD6C_1_10_831,C,,BC,,,,,,,,,,,,,,,,,,,,,,,,,,,,,,0,0,
KD6C_,22,1,2018,1_,10_,832,22.16,20.11,3.74,124,3,,KD6C_1_10_832,V,,Mixed,SP6,HP36,SN17,HP5,SP4,HP9,SP11,HP5,SP5,HP6,SP3,SP8,SN33,HP62,SP3,HP5,SP5,HP9,SP3,SP2,SP5,SP7,SP8,SP8,SP2,SP3,HP16,SP2,SP4,29,292,
KD6C_,22,1,2018,1_,10_,833,21.43,20.05,3.68,127,3,,KD6C_1_10_833,V,,Mixed,HP31,SP8,HP4,HP7,SP2,HP22,SP3,HP12,HP9,SP8,,,,,,,,,,,,,,,,,,,,10,106,
KD6C_,22,1,2018,3_,8_,834,15,15.1,1.55,36,1,,KD6C_3_8_834,V,,Mixed,SP3,HP3,SP1,,,,,,,,,,,,,,,,,,,,,,,,,,,3,7,
KD6C_,22,1,2018,3_,8_,835,16.94,15.86,1.96,70,2,,KD6C_3_8_835,V,,Mixed,HP39,HP5,HP3,SP20,SN21,HP4,SP1,SP2,SP5,HP3,SP9,SP6,,,,,,,,,,,,,,,,,,12,118,
KD6C_,22,1,2018,3_,8_,836,16.76,15.99,2.11,86,3,,KD6C_3_8_836,V,,Mixed,HN40,HP17,HP7,HP10,HP6,SP5,HN25,SN56,SP4,SP3,HP9,,,,,,,,,,,,,,,,,,,11,182,
KD6C_,22,1,2018,3_,8_,837,17.77,16.91,2.94,92,3,,KD6C_3_8_837,V,,Mixed,HP2,SP26,SP9,,,,,,,,,,,,,,,,,,,,,,,,,,,3,37,
KD6C_,22,1,2018,3_,8_,838,16.44,16.12,2.13,78,2,,KD6C_3_8_838,V,,Mixed,SP3,SP4,HP4,HP3,SP7,SP3,HP4,SN20,SP7,SP7,HP3,SN7,SP2,v2,HP4,,,,,,,,,,,,,,,15,80,
KD6C_,22,1,2018,5_,2_,839,20.47,18.22,3.57,96,3,,KD6C_5_2_839,V,,Mixed,SP10,SP9,SN8,HP6,SP7,HN12,SN8,HN28,SP4,SP2,SP3,SP8,HP3,HP2,HP6,SP6,10HP,HP4,SP3,HP8,,,,,,,,,,20,147,
KD6C_,22,1,2018,5_,2_,840,19.83,18.76,3.42,92,3,,KD6C_5_2_840,V,,Mixed,SP10,SP11,HN22,SP2,SP4,HP5,SP7,SP3,SP4,HP50,SP2,HP10,SP9,HP3,SP4,,,,,,,,,,,,,,,15,146,
KD6C_,22,1,2018,5_,2_,841,19.15,17.01,2.69,76,2,,KD6C_5_2_841,V,,Mixed,SN27,SP4,HN58,HP18,,,,,,,,,,,,,,,,,,,,,,,,,,4,107,
KD6C_,22,1,2018,5_,2_,842,19.27,17.91,3.27,92,3,,KD6C_5_2_842,V,,SB,SP36,SP5,,,,,,,,,,,,,,,,,,,,,,,,,,,,2,41,
KD6C_,22,1,2018,5_,4_,843,14.1,13.17,1.03,65,1,,KD6C_5_4_843,V,,Mixed,SP5,SP24,SN15,SN10,SP6,HN15,SP6,HN37,SP3,HP3,,,,,,,,,,,,,,,,,,,,10,124,
KD6C_,22,1,2018,5_,4_,844,13.55,12.48,0.99,77,1,,KD6C_5_4_844,V,,HB,HP3,HP9,HP8,,,,,,,,,,,,,,,,,,,,,,,,,,,3,20,
KD6C_,22,1,2018,5_,4_,845,15.76,16.22,1.63,42,1,,KD6C_5_4_845,V,,Mixed,SP7,SP6,SP7,SP12,SP6,SP3,HP9,HP21,HP10,SP4,HP6,HP7,HP7,,,,,,,,,,,,,,,,,13,105,
KD6C_,22,1,2018,5_,4_,846,14.2,15.64,1.18,40,1,,KD6C_5_4_846,V,,Mixed,SP11,HN54,SP9,HP7,HP4,HP7,HP4,,,,,,,,,,,,,,,,,,,,,,,7,96,
KD6C_,22,1,2018,5_,7_,847,15.65,20.76,2.73,51,2,,KD6C_5_7_847,V,,Mixed,HP3,HN29,SP11,HP2,,,,,,,,,,,,,,,,,,,,,,,,,,4,45,
KD6C_,22,1,2018,5_,7_,848,16.5,18.48,2.66,41,1,,KD6C_5_7_848,V,,Mixed,HP2,HP6,HN78,SN11,SP4,SP3,HP27,HP4,SP7,HP3,,,,,,,,,,,,,,,,,,,,10,145,
KD6C_,22,1,2018,5_,7_,849,19.53,17.95,3.12,60,1,,KD6C_5_7_849,V,,Mixed,HP2,HP3,HP5,HP2,HP8,HP49,SP2,HP6,HP27,SP4,HP4,SP3,HP3,,,,,,,,,,,,,,,,,13,118,
KD6C_,22,1,2018,8_,5_,850,22.09,19.2,4.08,106,2,,KD6C_8_5_850,V,,Mixed,HP3,SP2,SN19,SP4,SP22,SP14,SP10,,,,,,,,,,,,,,,,,,,,,,,7,74,
KD6C_,22,1,2018,8_,5_,851,16.25,19.55,2.58,35,1,,KD6C_8_5_851,V,,HB,HP9,HP4,HP10,,,,,,,,,,,,,,,,,,,,,,,,,,,3,23,
KD6C_,22,1,2018,8_,5_,852,20.71,20.71,4.00,94,2,,KD6C_8_5_852,V,,Mixed,HP6,HP71,HN54,HP2,SP21,,,,,,,,,,,,,,,,,,,,,,,,,5,154,
KD8_,22,1,2018,3_,3_,853,18.6,17.59,2.72,86,2,,KD8_3_3_853,V,,HB,HP5,,,,,,,,,,,,,,,,,,,,,,,,,,,,,1,5,
KD8_,22,1,2018,3_,3_,854,20.17,19.39,3.93,95,3,,KD8_3_3_854,V,,Mixed,SP4,HP6,SP3,HP7,HP2,SP5,SN4,SP5,SN36,SP5,SP4,SP4,HP24,SP26,SP31,HP16,SP14,SP3,,,,,,,,,,,,18,199,
KD8_,22,1,2018,3_,3_,855,21.73,20.51,4.32,93,2,,KD8_3_3_855,V,,Mixed,HP10,HP18,HP12,HP6,HP2,SP14,SP3,HP4,SP11,HP14,SP3,HP8,HP7,,,,,,,,,,,,,,,,,13,112,
KD8_,22,1,2018,3_,3_,856,17.85,19.82,2.99,45,1,,KD8_3_3_856,V,,Mixed,SP18,SP13,SP5,HP4,SP4,HN21,,,,,,,,,,,,,,,,,,,,,,,,6,65,
KD8_,22,1,2018,3_,5_,857,11.17,15.08,0.77,15,1,,KD8_3_5_857,C,,BC,,,,,,,,,,,,,,,,,,,,,,,,,,,,,,0,0,
KD8_,22,1,2018,3_,5_,858,19.92,19.57,3.50,79,2,,KD8_3_5_858,V,,Mixed,HP6,HP3,HP2,HP6,SP9,HP16,SP40,,,,,,,,,,,,,,,,,,,,,,,7,82,
KD8_,22,1,2018,3_,5_,859,21.37,21.1,4.49,113,3,,KD8_3_5_859,V,,Mixed,SP34,SP20,SP9,SP22,SP16,SP11,SP9,HP7,SP6,SP14,SP4,SP2,SP4,SP7,SP4,SP5,,,,,,,,,,,,,,16,174,
KD8_,22,1,2018,3_,5_,860,9.97,13.14,1.04,18,1,,KD8_3_5_860,V,,Mixed,HP3,HP2,HP12,SP11,HP9,HP12,HP6,,,,,,,,,,,,,,,,,,,,,,,7,55,
KD8_,22,1,2018,3_,8_,861,19.08,18.94,3.16,47,1,,KD8_3_8_861,V,,Mixed,HP4,SP5,SP6,SN16,HN35,,,,,,,,,,,,,,,,,,,,,,,,,5,66,
KD8_,22,1,2018,3_,8_,862,18.62,18.04,2.75,96,2,,KD8_3_8_862,C,,BC,,,,,,,,,,,,,,,,,,,,,,,,,,,,,,0,0,
KD8_,22,1,2018,3_,8_,863,22.41,20.39,4.42,107,3,,KD8_3_8_863,V,,Mixed,HP4,HP2,HP4,HP12,HP31,HP5,HP1,HP40,HP31,HP45,HP28,HP16,SP3,SP31,,,,,,,,,,,,,,,,14,253,
KD8_,22,1,2018,3_,8_,864,22.74,20.48,4.70,103,3,,KD8_3_8_864,V,,SB,SP13,SP11,SP21,SP5,SP6,SP16,SP24,SP17,SP24,SP30,,,,,,,,,,,,,,,,,,,,10,167,
KD8_,22,1,2018,3_,2_,865,19.69,20.27,3.71,58,1,,KD8_3_2_865,V,,Mixed,SP3,HP16,SP16,,,,,,,,,,,,,,,,,,,,,,,,,,,3,35,
KD8_,22,1,2018,3_,2_,866,21.18,19.47,3.68,105,2,,KD8_3_2_866,V,,Mixed,HP4,HP3,HP31,HP11,HP19,SP3,SP11,HP6,SP9,SP26,,,,,,,,,,,,,,,,,,,,10,123,
KD8_,22,1,2018,3_,2_,867,21.45,19.92,4.09,95,2,,KD8_3_2_867,V,,SB,SP15,SP10,SP15,SP12,SP11,SP2,SP1,SP17,SN24,SP6,SP8,SP7,SP4,SN20,SP22,SP11,,,,,,,,,,,,,,16,185,
KD8_,23,1,2018,3_,15_,868,12.49,18.93,2.02,27,1,,KD8_3_15_868,C,,BC,,,,,,,,,,,,,,,,,,,,,,,,,,,,,,0,0,
KD8_,23,1,2018,3_,15_,869,20.14,20.58,3.89,78,2,,KD8_3_15_869,V,,HB,HP6,HP7,HP9,HP3,HN22,HP9,HN3,HP3,HP29,,,,,,,,,,,,,,,,,,,,,9,91,
KD8_,23,1,2018,3_,15_,870,21.71,20.59,4.65,106,3,,KD8_3_15_870,V,,HB,HP8,HP11,HP5,HP9,HP19,HP15,,,,,,,,,,,,,,,,,,,,,,,,6,67,
KD8_,23,1,2018,3_,11_,871,14.97,13.69,1.18,67,2,Fruit appears to have aborted before fully ripe due to broken/damaged stem,KD8_3_11_871,V,,Mixed,SN31,SP27,HP5,HP3,SP2,SP26,HP6,SP23,HP5,SP2,SP5,HP2,HP4,SP3,SP12,SP2,,,,,,,,,,,,,,16,158,
KD8_,23,1,2018,3_,11_,872,11.77,13.17,0.93,46,3,Fruit appears to have aborted before fully ripe due to broken/damaged stem,KD8_3_11_872,C,,BC,,,,,,,,,,,,,,,,,,,,,,,,,,,,,,0,0,
KD8_,23,1,2018,3_,11_,873,10.54,12.63,0.93,48,2,Fruit appears to have aborted before fully ripe due to broken/damaged stem,KD8_3_11_873,C,,BC,,,,,,,,,,,,,,,,,,,,,,,,,,,,,,0,0,
KD8_,23,1,2018,3_,11_,874,11.05,13.08,0.92,51,1,Fruit appears to have aborted before fully ripe due to broken/damaged stem,KD8_3_11_874,C,,BC,,,,,,,,,,,,,,,,,,,,,,,,,,,,,,0,0,
KD8_,23,1,2018,3_,11_,875,14.22,14.02,1.25,73,1,,KD8_3_11_875,V,,Mixed,HN20,HP9,HP3,HP2,HP3,HP2,SP3,HP4,,,,,,,,,,,,,,,,,,,,,,8,46,Fruit appears to have aborted early
KD8_,23,1,2018,3_,11_,876,13.46,12.02,1.01,70,2,Fruit appears to have aborted before fully ripe due to broken/damaged stem,KD8_3_11_876,V,,Mixed,HP15,HP4,SP4,HP20,,,,,,,,,,,,,,,,,,,,,,,,,,4,43,
KD8_,23,1,2018,5_,4_,877,16.68,20.42,3.43,61,2,,KD8_5_4_877,V,,SB,SP8,SP8,SP7,SP3,SP12,SP7,SP12,SP16,,,,,,,,,,,,,,,,,,,,,,8,73,
KD8_,23,1,2018,5_,4_,878,19.97,19.26,3.79,83,2,,KD8_5_4_878,C,,BC,,,,,,,,,,,,,,,,,,,,,,,,,,,,,,0,0,
KD8_,23,1,2018,5_,4_,879,19.48,17.39,2.81,53,1,,KD8_5_4_879,V,,Mixed,SN26,SP11,SP6,HP4,SP22,SP2,,,,,,,,,,,,,,,,,,,,,,,,6,71,
KD8_,23,1,2018,5_,4_,880,21.99,18.99,4.20,94,3,,KD8_5_4_880,V,,Mixed,SP3,HP6,HP11,HP4,HN24,HP4,HP17,SP61,,,,,,,,,,,,,,,,,,,,,,8,130,
KD8_,23,1,2018,5_,17_,881,18.89,18.39,2.64,62,2,,KD8_5_17_881,V,,HB,HN80,HP37,HP5,HP2,,,,,,,,,,,,,,,,,,,,,,,,,,4,124,
KD8_,23,1,2018,5_,17_,882,21.45,20.65,3.96,92,2,,KD8_5_17_882,V,,HB,HP2,HP9,HP6,HP14,HP35,,,,,,,,,,,,,,,,,,,,,,,,,5,66,
KD8_,23,1,2018,5_,17_,883,19.69,18.7,3.28,94,3,,KD8_5_17_883,V,,HB,HP4,HP6,HN21,HP3,HP5,HP3,HP21,HP2,HP3,,,,,,,,,,,,,,,,,,,,,9,68,
KD8_,23,1,2018,1_,1_,884,0,0,0.00,0,0,,KD8_1_1_884,C,,BC,,,,,,,,,,,,,,,,,,,,,,,,,,,,,,0,0,Snapped
KD8_,23,1,2018,1_,1_,885,0,0,0.00,0,0,,KD8_1_1_885,V,,HB,HP4,HP2,HP1,HP2,HP7,HP2,HP61,,,,,,,,,,,,,,,,,,,,,,,7,79,Snapped
KD8_,23,1,2018,1_,1_,886,0,0,0.00,0,0,,KD8_1_1_886,V,,HB,HP2,HP20,HP5,HP10,HP3,HP4,HP5,HP4,HP2,,,,,,,,,,,,,,,,,,,,,9,55,Snapped
KD8_,23,1,2018,1_,5_,887,20.17,19.51,3.79,83,2,,KD8_1_5_887,V,,Mixed,HP34,SP10,SP13,HN48,HP15,HP26,SP3,HP2,HP1,,,,,,,,,,,,,,,,,,,,,9,152,
KD8_,23,1,2018,1_,5_,888,19.75,18.67,3.00,42,1,,KD8_1_5_888,V,,HB,HP12,HN31,HP11,,,,,,,,,,,,,,,,,,,,,,,,,,,3,54,
KD8_,23,1,2018,1_,5_,889,18.88,20.51,2.89,41,1,,KD8_1_5_889,V,,Mixed,SN55,HP17,,,,,,,,,,,,,,,,,,,,,,,,,,,,2,72,
KD8_,23,1,2018,1_,5_,890,18.9,19.13,2.60,44,1,,KD8_1_5_890,V,,Mixed,HN58,SP10,SP22,SP6,SP17,SP5,HP4,SP43,HP3,SP7,HP6,HP2,,,,,,,,,,,,,,,,,,12,183,
KD8_,23,1,2018,1_,5_,891,20.18,22.96,4.98,92,3,,KD8_1_5_891,C,,BC,,,,,,,,,,,,,,,,,,,,,,,,,,,,,,0,0,
KD8_,23,1,2018,1_,5_,892,20.58,18.96,3.25,55,1,,KD8_1_5_892,V,,Mixed,HP13,HP4,SP12,,,,,,,,,,,,,,,,,,,,,,,,,,,3,29,
KD8_,23,1,2018,1_,8_,893,18.82,16.29,2.53,105,3,,KD8_1_8_893,V,,Mixed,SP5,SP17,SP2,HP7,SP4,SP11,HP9,SP12,SP4,HP5,,,,,,,,,,,,,,,,,,,,10,76,
KD8_,23,1,2018,1_,8_,894,17.33,14.92,1.85,87,3,,KD8_1_8_894,V,,Mixed,HP6,HP4,HP7,HP13,SP5,HP14,SP6,SP2,HP5,SP2,SP44,HP23,SP2,,,,,,,,,,,,,,,,,13,133,
KD8_,23,1,2018,1_,8_,895,17.95,15.49,1.93,74,3,,KD8_1_8_895,V,,Mixed,SP19,SP6,HP2,HP28,SP10,HP10,SP7,SP6,SP7,SP23,SN43,,,,,,,,,,,,,,,,,,,11,161,
KD8_,23,1,2018,1_,14_,896,10.55,15.43,1.24,32,1,,KD8_1_14_896,V,,HB,HN66,,,,,,,,,,,,,,,,,,,,,,,,,,,,,1,66,
KD8_,23,1,2018,1_,14_,897,14.53,12.32,0.80,53,1,,KD8_1_14_897,V,,HB,HN47,HP9,HP2,HP2,HP3,HP2,HP4,,,,,,,,,,,,,,,,,,,,,,,7,69,
KD8_,23,1,2018,1_,14_,898,8.42,10.02,0.26,17,1,,KD8_1_14_898,C,,BC,,,,,,,,,,,,,,,,,,,,,,,,,,,,,,0,0,
KD8_,23,1,2018,1_,14_,899,17.66,15.59,1.49,65,1,,KD8_1_14_899,V,,HB,HN60,HP2,HP2,HP3,HP2,HP3,HP1,HP2,,,,,,,,,,,,,,,,,,,,,,8,75,
KD8_,23,1,2018,1_,14_,900,12.71,12.39,0.82,42,1,,KD8_1_14_900,V,,HB,HP5,HP3,HP2,HP3,HP1,HP34,HP3,HP4,HP2,HP5,HP2,,,,,,,,,,,,,,,,,,,11,64,
KD5D_,23,1,2018,1_,23_,901,4.94,6.03,0.03,3,1,,KD5D_1_23_901,V,,SB,SP16,,,,,,,,,,,,,,,,,,,,,,,,,,,,,1,16,
KD5D_,23,1,2018,1_,23_,902,13.18,21.39,2.18,25,1,,KD5D_1_23_902,C,,BC,,,,,,,,,,,,,,,,,,,,,,,,,,,,,,0,0,
KD5D_,23,1,2018,1_,23_,903,14.92,22.05,2.61,40,1,,KD5D_1_23_903,V,,Mixed,SP9,HP12,,,,,,,,,,,,,,,,,,,,,,,,,,,,2,21,
KD5D_,23,1,2018,1_,23_,904,15.91,19.3,2.23,50,1,,KD5D_1_23_904,V,,Mixed,SP35,SP43,HP2,,,,,,,,,,,,,,,,,,,,,,,,,,,3,80,
KD5D_,23,1,2018,1_,23_,905,9.88,20.39,1.48,27,1,,KD5D_1_23_905,V,,HB,HN40,,,,,,,,,,,,,,,,,,,,,,,,,,,,,1,40,
KD5D_,23,1,2018,1_,23_,906,9.69,20.42,0.97,10,1,,KD5D_1_23_906,V,,HB,HP6,HP52,HP32,HN78,,,,,,,,,,,,,,,,,,,,,,,,,,4,168,
KD5D_,23,1,2018,3_,2_,907,20.96,19.15,3.14,75,1,,KD5D_3_2_907,V,,SB,SP14,SP17,SP21,SP14,SN41,SN11,SN4,SP8,SP36,SP11,SP5,SP32,SP17,SP5,,,,,,,,,,,,,,,,14,236,
KD5D_,23,1,2018,3_,2_,908,20.47,17.65,3.07,100,2,,KD5D_3_2_908,V,,Mixed,HP5,HP19,HP5,SP16,SP26,SP10,HP4,SP3,SP7,SP35,HP16,SP2,SP5,,,,,,,,,,,,,,,,,13,153,
KD5D_,23,1,2018,3_,2_,909,21.51,17.88,3.23,103,3,,KD5D_3_2_909,V,,Mixed,HP10,HP12,HP14,SP12,HP47,SP11,SP5,HP2,SP3,,,,,,,,,,,,,,,,,,,,,9,116,
KD5D_,23,1,2018,3_,8_,910,15.36,19.25,2.64,63,2,,KD5D_3_8_910,V,,Mixed,HP1,HP2,SP3,SP4,HP8,SP72,,,,,,,,,,,,,,,,,,,,,,,,6,90,
KD5D_,23,1,2018,3_,8_,911,22.12,18.86,3.40,104,3,,KD5D_3_8_911,V,,Mixed,HP9,HP12,HP9,HP3,HP2,HP2,HP6,SP3,SP21,SP5,SP4,HP10,SP21,HP62,,,,,,,,,,,,,,,,14,169,
KD5D_,23,1,2018,3_,8_,912,16.22,19.79,2.82,48,2,,KD5D_3_8_912,V,,Mixed,HP2,HP3,HP12,HN104,SP4,SP5,HP21,HP31,SP6,,,,,,,,,,,,,,,,,,,,,9,188,
KD5D_,23,1,2018,3_,8_,913,13.26,15.11,1.06,16,1,,KD5D_3_8_913,V,,Mixed,HP4,SP4,SP3,SP3,SP7,SP1,SP3,HP7,,,,,,,,,,,,,,,,,,,,,,8,32,
KD5D_,23,1,2018,3_,14_,914,6.32,8.05,0.11,19,1,Fruit appears to have aborted before fully ripe due to broken/damaged stem,KD5D_3_14_914,V,,SB,SP7,SP4,SP8,SP9,SP19,SP4,SP7,,,,,,,,,,,,,,,,,,,,,,,7,58,
KD5D_,23,1,2018,3_,14_,915,11.52,9.99,0.42,51,1,Fruit appears to have aborted before fully ripe due to broken/damaged stem,KD5D_3_14_915,V,,SB,SP9,SP7,SP25,,,,,,,,,,,,,,,,,,,,,,,,,,,3,41,
KD5D_,23,1,2018,3_,14_,916,11.93,10.01,0.52,60,1,Fruit appears to have aborted before fully ripe due to broken/damaged stem,KD5D_3_14_916,V,,Mixed,SP7,HP11,HP4,HP3,HP44,HP4,HP18,SP10,HP6,SP13,,,,,,,,,,,,,,,,,,,,10,120,
KD5D_,23,1,2018,3_,14_,917,9.65,10.04,0.30,41,1,Fruit appears to have aborted before fully ripe due to broken/damaged stem,KD5D_3_14_917,V,,HB,HP6,HP12,,,,,,,,,,,,,,,,,,,,,,,,,,,,2,18,
KD5D_,23,1,2018,3_,14_,918,12.8,10.74,0.63,74,1,Fruit appears to have aborted before fully ripe due to broken/damaged stem,KD5D_3_14_918,V,,Mixed,HP2,SP4,HP13,HP2,SP10,HP4,,,,,,,,,,,,,,,,,,,,,,,,6,35,
KD6D_,24,1,2018,30_,1_,919,21.48,16.29,2.55,63,1,,KD6D_30_1_919,V,,Mixed,SP6,HP14,HN36,HP2,HP14,,,,,,,,,,,,,,,,,,,,,,,,,5,72,
KD6D_,24,1,2018,30_,1_,920,18.39,19.5,2.78,74,2,,KD6D_30_1_920,V,,HB,HP22,,,,,,,,,,,,,,,,,,,,,,,,,,,,,1,22,
KD6D_,24,1,2018,30_,1_,921,21.96,18.66,3.58,107,3,,KD6D_30_1_921,V,,Mixed,HP11,HN139,HP22,SP15,HP4,HP35,SP5,SP11,SP34,HP82,HP6,HP48,HP2,,,,,,,,,,,,,,,,,13,414,
KD6D_,24,1,2018,30_,1_,922,21.42,20.01,3.57,104,3,,KD6D_30_1_922,V,,Mixed,HP3,HP4,SP21,HP5,HP4,HP3,HP10,SP6,HP14,HP6,HP3,HP7,HP9,HP8,HP11,HP17,2HP3,HP4,,,,,,,,,,,,18,158,
KD6D_,24,1,2018,30_,3_,923,0,0,0.00,0,0,,KD6D_30_3_923,C,,BC,,,,,,,,,,,,,,,,,,,,,,,,,,,,,,0,0,Snapped
KD6D_,24,1,2018,30_,3_,924,0,0,0.00,0,0,,KD6D_30_3_924,C,,BC,,,,,,,,,,,,,,,,,,,,,,,,,,,,,,0,0,Snapped
KD6D_,24,1,2018,30_,3_,925,0,0,0.00,0,0,,KD6D_30_3_925,C,,BC,,,,,,,,,,,,,,,,,,,,,,,,,,,,,,0,0,Snapped
KD6D_,24,1,2018,30_,3_,926,0,0,0.00,0,0,,KD6D_30_3_926,C,,BC,,,,,,,,,,,,,,,,,,,,,,,,,,,,,,0,0,Snapped
KD6D_,24,1,2018,30_,3_,927,0,0,0.00,0,0,,KD6D_30_3_927,C,,BC,,,,,,,,,,,,,,,,,,,,,,,,,,,,,,0,0,Snapped
KD6D_,24,1,2018,30_,3_,928,0,0,0.00,0,0,,KD6D_30_3_928,C,,BC,,,,,,,,,,,,,,,,,,,,,,,,,,,,,,0,0,Snapped
KD6D_,24,1,2018,30_,3_,929,0,0,0.00,0,0,,KD6D_30_3_929,C,,BC,,,,,,,,,,,,,,,,,,,,,,,,,,,,,,0,0,Snapped
KD6D_,24,1,2018,30_,3_,930,0,0,0.00,0,0,,KD6D_30_3_930,C,,BC,,,,,,,,,,,,,,,,,,,,,,,,,,,,,,0,0,Snapped
KD6D_,24,1,2018,28_,4_,931,12.36,10.21,0.60,57,2,Fruit appears to have aborted before fully ripe due to broken/damaged stem,KD6D_28_4_931,V,,Mixed,HP2,HP7,HP45,SP6,SP31,SP10,SP3,HP3,HP3,SP40,SP14,HP45,HP2,,,,,,,,,,,,,,,,,13,211,
KD6D_,24,1,2018,28_,4_,932,6.57,8.14,0.14,17,1,Fruit appears to have aborted before fully ripe due to broken/damaged stem,KD6D_28_4_932,C,,BC,,,,,,,,,,,,,,,,,,,,,,,,,,,,,,0,0,
KD6D_,24,1,2018,28_,4_,933,13.59,11.38,0.81,57,2,Fruit appears to have aborted before fully ripe due to broken/damaged stem,KD6D_28_4_933,V,,HB,HP3,HP2,HP3,HP2,HP1,HP12,HP21,HP3,HP2,,,,,,,,,,,,,,,,,,,,,9,49,
KD6D_,24,1,2018,28_,4_,934,14.69,11.5,1.01,73,2,Fruit appears to have aborted before fully ripe due to broken/damaged stem,KD6D_28_4_934,V,,Mixed,HP24,HN26,HP30,SP30,HP5,HP9,,,,,,,,,,,,,,,,,,,,,,,,6,124,
KD6D_,24,1,2018,28_,4_,935,14.04,11.91,1.06,69,2,Fruit appears to have aborted before fully ripe due to broken/damaged stem,KD6D_28_4_935,V,,Mixed,HP6,HP14,HP6,HP11,HP10,HP25,SP7,HP6,,,,,,,,,,,,,,,,,,,,,,8,85,Fruit appears to have aborted early
KD6D_,24,1,2018,28_,8_,936,20.24,18.43,3.15,103,3,,KD6D_28_8_936,V,,Mixed,HP3,HP6,HP12,HP4,HP8,SP7,HP4,,,,,,,,,,,,,,,,,,,,,,,7,44,
KD6D_,24,1,2018,28_,8_,937,21.31,18.36,3.07,103,2,,KD6D_28_8_937,V,,Mixed,SP8,HP9,HP3,HP11,HP6,SP4,,,,,,,,,,,,,,,,,,,,,,,,6,41,
KD6D_,24,1,2018,28_,8_,938,22.26,18.93,3.76,107,2,,KD6D_28_8_938,V,,Mixed,HP4,HN15,SN15,SP4,HP5,HP6,SP52,HP21,HP2,SN38,HP2,SP21,,,,,,,,,,,,,,,,,,12,185,
KD6D_,24,1,2018,28_,8_,939,21.27,17.5,3.43,109,3,,KD6D_28_8_939,V,,Mixed,HP9,HP31,HP4,SP48,HP2,HP2,SP2,HP4,,,,,,,,,,,,,,,,,,,,,,8,102,
KD6D_,24,1,2018,28_,8_,940,21.77,18.97,3.63,104,3,,KD6D_28_8_940,V,,Mixed,HP18,HP9,HP6,HP7,HP16,HP38,HP4,SP8,HP7,SP2,SP13,HP4,,,,,,,,,,,,,,,,,,12,132,
KD6D_,24,1,2018,28_,11_,941,6.13,7.4,0.06,10,1,,KD6D_28_11_941,V,,HB,HP16,HP2,HP8,HP3,HP2,,,,,,,,,,,,,,,,,,,,,,,,,5,31,
KD6D_,24,1,2018,28_,11_,942,5.93,6.53,0.05,6,1,,KD6D_28_11_942,V,,HB,HP2,HP4,HP7,HN25,HP10,HP2,HP4,HP2,,,,,,,,,,,,,,,,,,,,,,8,56,
KD6D_,24,1,2018,25_,13_,943,0,0,0.00,0,0,,KD6D_25_13_943,V,,HB,HP54,HP6,HP2,,,,,,,,,,,,,,,,,,,,,,,,,,,3,62,Snapped
KD6D_,24,1,2018,25_,13_,944,0,0,0.00,0,0,,KD6D_25_13_944,V,,HB,HN27,,,,,,,,,,,,,,,,,,,,,,,,,,,,,1,27,Snapped
KD6D_,24,1,2018,25_,13_,945,0,0,0.00,0,0,,KD6D_25_13_945,V,,HB,HP81,,,,,,,,,,,,,,,,,,,,,,,,,,,,,1,81,Snapped
KD6D_,24,1,2018,25_,13_,946,0,0,0.00,0,0,,KD6D_25_13_946,V,,HB,HP1,HN97,HP4,,,,,,,,,,,,,,,,,,,,,,,,,,,3,102,Snapped
KD6D_,24,1,2018,25_,6_,947,21.66,21.07,3.82,98,2,,KD6D_25_6_947,V,,Mixed,HP2,SP5,HP2,SP5,HP14,HP3,HP6,SP4,HP16,SP5,SP10,SP3,SP8,SP7,,,,,,,,,,,,,,,,14,90,
KD6D_,24,1,2018,25_,6_,948,19.9,18.98,3.36,100,1,,KD6D_25_6_948,V,,Mixed,SP2,SP2,SP3,HP4,SP3,SP4,HP2,SN11,HP2,HP3,SP20,SP27,SP2,SP5,,,,,,,,,,,,,,,,14,90,
KD6D_,24,1,2018,25_,6_,949,19.12,18.21,2.89,81,1,,KD6D_25_6_949,V,,Mixed,SP9,HP7,HP5,HP3,HP4,HP29,HP4,SP13,HP2,SP2,SP4,,,,,,,,,,,,,,,,,,,11,82,
KD6D_,24,1,2018,25_,1_,950,22.68,18.16,3.71,114,2,,KD6D_25_1_950,V,,Mixed,SP9,HN26,HP3,SP8,SP2,SP1,SP2,SP1,HP4,HP45,SP3,,,,,,,,,,,,,,,,,,,11,104,
KD6D_,24,1,2018,25_,1_,951,20.96,17.78,3.19,112,1,,KD6D_25_1_951,V,,Mixed,HP2,SP10,SP4,SP3,HP3,HP2,HP10,SP14,SP4,v6,HP9,HP6,HP2,,,,,,,,,,,,,,,,,13,75,
KD6D_,24,1,2018,25_,1_,952,21.01,19.77,4.08,109,2,,KD6D_25_1_952,V,,Mixed,HP10,HP3,HP4,HP3,SP3,SP2,HN77,,,,,,,,,,,,,,,,,,,,,,,7,102,
KD6D_,24,1,2018,25_,1_,953,20.41,18.75,3.62,68,2,,KD6D_25_1_953,V,,Mixed,HN138,HP15,SP2,HP2,SP1,SP4,,,,,,,,,,,,,,,,,,,,,,,,6,162,
KD6D_,24,1,2018,23_,3_,954,0,0,0.00,0,0,,KD6D_23_3_954,V,,Mixed,SP13,SP16,SN24,SP8,SP2,SP2,SP8,HP26,,,,,,,,,,,,,,,,,,,,,,8,99,Snapped
KD6D_,24,1,2018,23_,3_,955,0,0,0.00,0,0,,KD6D_23_3_955,V,,Mixed,HP6,HP7,SN12,HP19,HP4,HP1,SP22,SP3,SP6,SP2,SP6,HP3,,,,,,,,,,,,,,,,,,12,91,Snapped
KD6D_,24,1,2018,23_,3_,956,0,0,0.00,0,0,,KD6D_23_3_956,V,,Mixed,HP4,HP6,HP4,HP2,SP6,HP2,SP21,HP3,HP3,SP7,SN19,SN21,,,,,,,,,,,,,,,,,,12,98,Snapped
KD6D_,24,1,2018,23_,3_,957,0,0,0.00,0,0,,KD6D_23_3_957,V,,Mixed,HP10,HP6,HP2,HP6,HP34,HP4,SP2,SP15,,,,,,,,,,,,,,,,,,,,,,8,79,Snapped
KD6D_,24,1,2018,23_,3_,958,0,0,0.00,0,0,,KD6D_23_3_958,V,,Mixed,HP8,HP7,HP9,HP7,SP2,HN26,HP6,HP28,,,,,,,,,,,,,,,,,,,,,,8,93,Snapped
KD6D_,24,1,2018,20_,8_,959,23.54,21.1,4.20,104,3,,KD6D_20_8_959,V,,HB,HP5,HP20,HP3,HP8,HP35,,,,,,,,,,,,,,,,,,,,,,,,,5,71,
KD6D_,24,1,2018,20_,8_,960,12.21,20.14,1.33,29,1,,KD6D_20_8_960,V,,HB,HP1,HP2,HP15,HP3,HP2,HP2,HP3,HP2,HP13,,,,,,,,,,,,,,,,,,,,,9,43,
KD6D_,24,1,2018,20_,8_,961,23.97,20.79,4.68,103,3,,KD6D_20_8_961,V,,HB,HP2,HP2,HP2,HP2,HP4,HP5,,,,,,,,,,,,,,,,,,,,,,,,6,17,
KD6D_,24,1,2018,20_,8_,962,24.43,21.98,4.70,106,2,,KD6D_20_8_962,V,,HB,HP5,HP7,HP5,HN78,HP9,HP63,,,,,,,,,,,,,,,,,,,,,,,,6,167,
KD8_,24,1,2018,1_,3_,963,7.09,9.47,0.21,11,1,,KD8_1_3_963,C,,BC,,,,,,,,,,,,,,,,,,,,,,,,,,,,,,0,0,
KD8_,24,1,2018,1_,3_,964,16.21,16.09,2.05,62,1,,KD8_1_3_964,V,,HB,HN41,HP5,HP3,HP3,HP6,HP1,HP2,HP9,HP4,HP13,,,,,,,,,,,,,,,,,,,,10,87,
KD8_,24,1,2018,1_,3_,965,19.3,16.46,2.70,73,2,,KD8_1_3_965,V,,Mixed,HN43,HP6,HP3,HP4,HP3,HP3,HP11,HP15,SP4,HP2,HP18,,,,,,,,,,,,,,,,,,,11,112,
KD8_,24,1,2018,5_,3_,966,20.39,21.53,4.11,82,2,,KD8_5_3_966,V,,HB,HP5,HP4,HP2,HP3,HN97,HN10,HP2,HP10,,,,,,,,,,,,,,,,,,,,,,8,133,
KD8_,24,1,2018,5_,3_,967,7.27,10.66,0.33,14,1,,KD8_5_3_967,C,,BC,,,,,,,,,,,,,,,,,,,,,,,,,,,,,,0,0,
KD8_,24,1,2018,5_,3_,968,22.88,20,4.45,101,3,,KD8_5_3_968,V,,Mixed,HP2,HN35,HP3,HP2,HP2,HP3,SP25,HP7,HP4,HP2,HP4,HP2,HP5,SP2,HP1,HP2,,,,,,,,,,,,,,16,101,
KD8_,24,1,2018,5_,3_,969,20.72,21.02,4.47,100,3,,KD8_5_3_969,V,,HB,HP14,HP14,HP5,HP6,HP7,HP7,HP1,HP9,HP2,HP1,,,,,,,,,,,,,,,,,,,,10,66,
KD8_,24,1,2018,5_,8_,970,13.7,14.97,1.53,49,1,,KD8_5_8_970,V,,HB,HP62,HN83,HP4,HP9,HP4,HP3,HP7,,,,,,,,,,,,,,,,,,,,,,,7,172,
KD8_,24,1,2018,5_,8_,971,0,0,0.00,0,1,Naturally aborted?,KD8_5_8_971,C,,BC,,,,,,,,,,,,,,,,,,,,,,,,,,,,,,0,0,
KD6C_,24,1,2018,11_,5_,972,17.59,15.08,2.21,81,2,,KD6C_11_5_972,V,,HB,HN90,HP4,HP4,HP5,HP2,,,,,,,,,,,,,,,,,,,,,,,,,5,105,
KD6C_,24,1,2018,11_,5_,973,16.14,13.49,1.45,89,3,,KD6C_11_5_973,V,,HB,HP27,HP34,,,,,,,,,,,,,,,,,,,,,,,,,,,,2,61,
KD6C_,24,1,2018,11_,5_,974,16.02,13.48,1.49,78,2,,KD6C_11_5_974,V,,HB,HN24,HP2,HP5,HP2,HP31,HP7,HP8,,,,,,,,,,,,,,,,,,,,,,,7,79,
KD6C_,24,1,2018,11_,5_,975,16.5,14.06,1.84,89,1,,KD6C_11_5_975,V,,HB,HN122,HP53,HP8,HP2,,,,,,,,,,,,,,,,,,,,,,,,,,4,185,
KD6C_,24,1,2018,11_,5_,976,15.98,15.2,2.09,72,2,,KD6C_11_5_976,V,,HB,HN26,HN38,HP4,HP4,,,,,,,,,,,,,,,,,,,,,,,,,,4,72,
KD5D_,24,1,2018,3_,7_,977,20.55,17.99,2.99,113,2,,KD5D_3_7_977,V,,HB,HP38,HP7,HP13,HP4,HP18,HP12,HP20,,,,,,,,,,,,,,,,,,,,,,,7,112,
KD5D_,24,1,2018,3_,7_,978,10.63,15.16,0.83,21,1,,KD5D_3_7_978,C,,BC,,,,,,,,,,,,,,,,,,,,,,,,,,,,,,0,0,
KD5D_,24,1,2018,3_,7_,979,22.19,20.69,4.31,120,3,,KD5D_3_7_979,V,,Mixed,HP17,HP2,HP1,HP10,HP8,HP1,HP14,SP3,HP3,HP5,HP27,HP16,HP26,SP15,SP44,HP3,1HP1,SP3,HP19,SP7,HP4,HP2,HP21,HP3,,,,,,24,265,
KD5C_,25,1,2018,30_,1_,980,10.72,11.35,0.49,49,1,Fruit appears to have aborted before fully ripe due to broken/damaged stem,KD5C_30_1_980,V,,SB,SP6,SP6,SP12,SP2,SP7,SP10,SP17,SP27,SP3,SP7,SP26,SP7,SP2,SP27,,,,,,,,,,,,,,,,14,159,
KD5C_,25,1,2018,30_,1_,981,5.67,7.83,0.10,12,1,Fruit appears to have aborted before fully ripe due to broken/damaged stem,KD5C_30_1_981,C,,BC,,,,,,,,,,,,,,,,,,,,,,,,,,,,,,0,0,
KD5C_,25,1,2018,30_,1_,982,11.5,8.9,0.43,56,1,Fruit appears to have aborted before fully ripe due to broken/damaged stem,KD5C_30_1_982,V,,Mixed,SP23,SP12,SP11,SP3,SP3,SP7,SP11,SP7,SP8,SP12,SP29,SP26,SP3,SP4,SP21,SP1,SP7,HP12,SP13,SP8,SP6,,,,,,,,,21,227,
KD5C_,25,1,2018,30_,1_,983,7.97,11.98,0.28,24,1,Fruit appears to have aborted before fully ripe due to broken/damaged stem,KD5C_30_1_983,V,,Mixed,SP8,HP30,HP47,SP6,SP2,,,,,,,,,,,,,,,,,,,,,,,,,5,93,
KD5C_,25,1,2018,30_,1_,984,11.69,12.52,0.78,47,1,Fruit appears to have aborted before fully ripe due to broken/damaged stem,KD5C_30_1_984,V,,HB,HP9,HP9,HP44,HP3,HP13,,,,,,,,,,,,,,,,,,,,,,,,,5,78,
KD5C_,25,1,2018,30_,1_,985,10.77,8.78,0.35,45,1,Fruit appears to have aborted before fully ripe due to broken/damaged stem,KD5C_30_1_985,V,,Mixed,SP12,SP4,SN15,SP17,SN18,SP5,SP11,SP18,SN29,SP17,SP3,SP4,SP21,SP3,HP16,SP3,2SP,SP51,,,,,,,,,,,,18,249,
KD5C_,25,1,2018,30_,5_,986,19.86,19.32,3.15,72,1,,KD5C_30_5_986,V,,Mixed,HP11,HP34,SP4,SP19,HP6,HN62,HP4,HP24,HP42,HP2,SP2,HP6,SP8,,,,,,,,,,,,,,,,,13,224,
KD5C_,25,1,2018,30_,5_,987,18.33,17.94,2.22,53,1,,KD5C_30_5_987,V,,Mixed,SP3,SP42,SP20,HP31,HP16,SP9,HP1,,,,,,,,,,,,,,,,,,,,,,,7,122,
KD5C_,25,1,2018,30_,5_,988,16.8,16.73,2.23,57,2,,KD5C_30_5_988,V,,Mixed,HP21,HP36,SP7,HP5,SP6,HP6,HP7,SP5,SP3,,,,,,,,,,,,,,,,,,,,,9,96,
KD5C_,25,1,2018,30_,5_,989,17.88,18.89,2.98,64,1,,KD5C_30_5_989,V,,Mixed,HP11,SP18,HP11,SP2,HP4,SP2,SP6,HP4,SP4,SP5,,,,,,,,,,,,,,,,,,,,10,67,
KD5C_,25,1,2018,30_,8_,990,0,0,0.00,0,0,,KD5C_30_8_990,V,,Mixed,SP8,HP5,SN5,HP2,HP2,HN20,HP7,HP2,,,,,,,,,,,,,,,,,,,,,,8,51,Snapped
KD5C_,25,1,2018,30_,8_,991,0,0,0.00,0,0,,KD5C_30_8_991,V,,Mixed,HP16,SP7,HP5,HP4,HP4,HP2,HP2,HP6,SP2,,,,,,,,,,,,,,,,,,,,,9,48,Snapped
KD5C_,25,1,2018,30_,8_,992,0,0,0.00,0,0,,KD5C_30_8_992,V,,Mixed,SP12,HP4,HP4,HP2,HP3,HP2,HP6,,,,,,,,,,,,,,,,,,,,,,,7,33,Snapped
KD5C_,25,1,2018,30_,8_,993,0,0,0.00,0,0,,KD5C_30_8_993,V,,Mixed,SP11,HP27,HP20,HP6,HP9,HP6,HP5,HP6,SP3,SP2,HP1,HP1,HP4,SP3,,,,,,,,,,,,,,,,14,104,Snapped
KD5C_,25,1,2018,30_,7_,994,16.05,15.69,1.59,34,1,,KD5C_30_7_994,V,,Mixed,SN29,SP18,SP2,SP1,SP8,SP9,HP39,SP4,2,SP18,SP27,SP50,HP37,,,,,,,,,,,,,,,,,13,244,
KD5C_,25,1,2018,30_,7_,995,17.07,18.86,2.75,56,1,,KD5C_30_7_995,V,,Mixed,SP1,SP3,SP3,HP2,HP6,HP7,SP9,HP11,SP2,SP7,SP9,HP13,SP11,HP4,HP5,SP5,SP1,SP18,,,,,,,,,,,,18,117,
KD5C_,25,1,2018,30_,7_,996,18.34,17,1.63,55,1,,KD5C_30_7_996,V,,Mixed,SP17,HP11,HP1,HP30,HP22,HN108,,,,,,,,,,,,,,,,,,,,,,,,6,189,
KD5C_,25,1,2018,25_,8_,997,15.7,20.6,2.53,48,1,,KD5C_25_8_997,C,,BC,,,,,,,,,,,,,,,,,,,,,,,,,,,,,,0,0,
KD5C_,25,1,2018,25_,8_,998,8.46,11.56,0.42,26,1,,KD5C_25_8_998,C,,BC,,,,,,,,,,,,,,,,,,,,,,,,,,,,,,0,0,
KD5C_,25,1,2018,25_,8_,999,19.34,16.85,2.32,101,3,,KD5C_25_8_999,V,,Mixed,SP6,SP6,SP10,SP13,SP14,HP35,SP4,HP8,,,,,,,,,,,,,,,,,,,,,,8,96,
KD5C_,25,1,2018,25_,8_,1000,19.95,17.55,2.88,112,3,,KD5C_25_8_1000,V,,Mixed,SP5,HP50,SP5,SP23,HP32,SP5,,,,,,,,,,,,,,,,,,,,,,,,6,120,
KD5C_,25,1,2018,25_,8_,1001,19.57,17.59,2.43,80,2,,KD5C_25_8_1001,V,,SB,SP11,SN16,SP3,SP4,SP9,SP3,SP8,,,,,,,,,,,,,,,,,,,,,,,7,54,
KD5C_,25,1,2018,25_,8_,1002,20.45,18.03,2.81,94,3,,KD5C_25_8_1002,V,,Mixed,SP6,SP8,SP4,SP3,HP7,SP7,SP8,SN21,SP4,,,,,,,,,,,,,,,,,,,,,9,68,
KD6C_,25,1,2018,8_,3_,1003,21.24,18.48,3.61,102,2,,KD6C_8_3_1003,V,,HB,HP6,,,,,,,,,,,,,,,,,,,,,,,,,,,,,1,6,
KD6C_,25,1,2018,8_,3_,1004,18.04,17,2.45,101,2,,KD6C_8_3_1004,V,,Mixed,HP7,HP11,HP5,SP63,SN48,SP14,SP4,,,,,,,,,,,,,,,,,,,,,,,7,152,
KD5D_,25,1,2018,3_,4_,1005,23.86,20.78,4.18,83,1,,KD5D_3_4_1005,V,,HB,HP6,HP4,,,,,,,,,,,,,,,,,,,,,,,,,,,,2,10,
KD5D_,25,1,2018,3_,4_,1006,22.79,18.86,3.85,105,3,,KD5D_3_4_1006,V,,Mixed,SP4,SP2,SP3,SP4,HP6,HP6,HP3,HP43,HP8,HP12,HP3,,,,,,,,,,,,,,,,,,,11,94,
KD5D_,25,1,2018,3_,4_,1007,23.32,20.28,4.38,106,3,,KD5D_3_4_1007,V,,Mixed,SP9,SP6,SP3,HP3,HP2,HP1,HP2,HP45,HP18,HP3,HP68,HP2,,,,,,,,,,,,,,,,,,12,162,
KD5D_,25,1,2018,3_,4_,1008,22.72,19.83,3.85,108,3,,KD5D_3_4_1008,V,,Mixed,HP4,HP21,HN30,HP7,HP8,HN26,HP7,SP1,SP10,HP2,HP2,HP7,,,,,,,,,,,,,,,,,,12,125,
KD5D_,25,1,2018,3_,4_,1009,23.03,19.9,4.10,109,3,,KD5D_3_4_1009,V,,HB,HP43,HP20,HN95,HP4,HP7,HP15,HP2,HP4,,,,,,,,,,,,,,,,,,,,,,8,190,
KD6D_,26,1,2018,30_,7_,1010,0,0,0.00,0,0,,KD6D_30_7_1010,V,,HB,HN30,HP15,HP9,HP27,HP4,HP2,HP2,HP2,HP24,HP30,HP4,HP6,HP11,,,,,,,,,,,,,,,,,13,166,Eaten by caterpillars
KD6D_,26,1,2018,30_,7_,1011,0,0,0.00,0,0,,KD6D_30_7_1011,C,,BC,,,,,,,,,,,,,,,,,,,,,,,,,,,,,,0,0,Eaten by caterpillars
KD6D_,26,1,2018,30_,7_,1012,0,0,0.00,0,0,,KD6D_30_7_1012,V,,HB,HP6,HP7,HP7,,,,,,,,,,,,,,,,,,,,,,,,,,,3,20,Eaten by caterpillars
KD6D_,26,1,2018,30_,4_,1013,11.98,18.88,1.61,48,1,,KD6D_30_4_1013,C,,BC,,,,,,,,,,,,,,,,,,,,,,,,,,,,,,0,0,
KD6D_,26,1,2018,30_,4_,1014,23.79,21.26,4.87,121,3,,KD6D_30_4_1014,V,,HB,HP23,HP5,HN81,HP38,,,,,,,,,,,,,,,,,,,,,,,,,,4,147,
KD6D_,26,1,2018,30_,4_,1015,25.96,22.3,5.32,122,3,,KD6D_30_4_1015,V,,HB,HP11,HP18,HP41,HP4,HP6,HP37,HP2,HP32,HP14,,,,,,,,,,,,,,,,,,,,,9,165,
KD6D_,26,1,2018,28_,6_,1016,16.82,18.89,2.72,39,2,,KD6D_28_6_1016,V,,Mixed,HP6,HN122,SP1,SP7,HP11,SP9,HP20,HP38,,,,,,,,,,,,,,,,,,,,,,8,214,
KD6D_,26,1,2018,28_,6_,1017,17.57,16.93,2.55,85,3,,KD6D_28_6_1017,V,,HB,HP3,HP1,HP1,HP2,HP4,HP16,HP5,HP7,HN19,HP1,,,,,,,,,,,,,,,,,,,,10,59,
KD6D_,26,1,2018,28_,6_,1018,19.53,17.44,2.68,79,3,,KD6D_28_6_1018,V,,HB,HP10,HP8,HP2,HP29,HP13,HP4,HP18,HP24,,,,,,,,,,,,,,,,,,,,,,8,108,
KD6D_,26,1,2018,28_,2_,1019,18.93,17.69,2.56,70,3,,KD6D_28_2_1019,C,,BC,,,,,,,,,,,,,,,,,,,,,,,,,,,,,,0,0,
KD6D_,26,1,2018,28_,2_,1020,9.78,15.53,0.41,7,1,,KD6D_28_2_1020,C,,BC,,,,,,,,,,,,,,,,,,,,,,,,,,,,,,0,0,
KD6D_,26,1,2018,28_,2_,1021,13.87,17.19,1.15,22,1,,KD6D_28_2_1021,C,,BC,,,,,,,,,,,,,,,,,,,,,,,,,,,,,,0,0,
KD6D_,26,1,2018,28_,2_,1022,11.06,12.6,0.34,7,1,,KD6D_28_2_1022,C,,BC,,,,,,,,,,,,,,,,,,,,,,,,,,,,,,0,0,
KD6D_,26,1,2018,28_,2_,1023,13.12,17.89,1.87,23,1,,KD6D_28_2_1023,C,,BC,,,,,,,,,,,,,,,,,,,,,,,,,,,,,,0,0,
KD6D_,26,1,2018,28_,2_,1024,12.47,17.87,1.63,24,1,,KD6D_28_2_1024,C,,BC,,,,,,,,,,,,,,,,,,,,,,,,,,,,,,0,0,
KD6D_,26,1,2018,28_,2_,1025,16.53,20.97,3.01,52,1,,KD6D_28_2_1025,C,,BC,,,,,,,,,,,,,,,,,,,,,,,,,,,,,,0,0,
KD6D_,26,1,2018,28_,2_,1026,11.94,17.13,2.12,26,1,,KD6D_28_2_1026,C,,BC,,,,,,,,,,,,,,,,,,,,,,,,,,,,,,0,0,
KD6D_,26,1,2018,25_,10_,1027,11.18,15.55,1.06,17,1,,KD6D_25_10_1027,C,,BC,,,,,,,,,,,,,,,,,,,,,,,,,,,,,,0,0,
KD6D_,26,1,2018,25_,10_,1028,3.59,6.39,0.01,2,1,,KD6D_25_10_1028,C,,BC,,,,,,,,,,,,,,,,,,,,,,,,,,,,,,0,0,
KD6D_,26,1,2018,25_,10_,1029,10.98,17.41,1.26,16,1,,KD6D_25_10_1029,C,,BC,,,,,,,,,,,,,,,,,,,,,,,,,,,,,,0,0,
KD6D_,26,1,2018,25_,10_,1030,16.31,17.31,2.16,44,2,,KD6D_25_10_1030,C,,BC,,,,,,,,,,,,,,,,,,,,,,,,,,,,,,0,0,
KD6D_,26,1,2018,25_,10_,1031,19.29,17.6,2.82,92,2,,KD6D_25_10_1031,C,,BC,,,,,,,,,,,,,,,,,,,,,,,,,,,,,,0,0,
KD6D_,26,1,2018,25_,10_,1032,15.61,18.03,2.16,29,1,,KD6D_25_10_1032,C,,BC,,,,,,,,,,,,,,,,,,,,,,,,,,,,,,0,0,
KD6D_,26,1,2018,25_,10_,1033,18.9,17.55,2.47,67,2,,KD6D_25_10_1033,C,,BC,,,,,,,,,,,,,,,,,,,,,,,,,,,,,,0,0,
KD6D_,26,1,2018,25_,10_,1034,18.96,17.59,2.49,79,3,,KD6D_25_10_1034,C,,BC,,,,,,,,,,,,,,,,,,,,,,,,,,,,,,0,0,
KD6D_,26,1,2018,23_,10_,1035,5.39,7.41,0.05,4,1,,KD6D_23_10_1035,V,,HB,HP3,,,,,,,,,,,,,,,,,,,,,,,,,,,,,1,3,
KD6D_,26,1,2018,23_,10_,1036,19.48,18.24,2.38,94,2,,KD6D_23_10_1036,V,,HB,HP8,HP5,HP6,HP2,HP4,HP8,HP2,,,,,,,,,,,,,,,,,,,,,,,7,35,
KD6D_,26,1,2018,23_,10_,1037,19.51,17.07,2.30,88,3,,KD6D_23_10_1037,V,,HB,HP4,HP2,HP7,,,,,,,,,,,,,,,,,,,,,,,,,,,3,13,
KD6D_,26,1,2018,23_,10_,1038,18.54,15.24,1.94,88,2,,KD6D_23_10_1038,V,,HB,HP2,HP2,HP10,HP3,HP7,HP6,HP2,HP5,,,,,,,,,,,,,,,,,,,,,,8,37,
KD6D_,26,1,2018,20_,4_,1039,0,0,0.00,0,0,,KD6D_20_4_1039,V,,Mixed,SP13,SP2,SP11,HP2,SP4,HP4,HP7,HP2,SP11,,,,,,,,,,,,,,,,,,,,,9,56,
KD6D_,26,1,2018,20_,4_,1040,0,0,0.00,0,0,,KD6D_20_4_1040,V,,Mixed,SP2,SP4,SP6,SP5,SP8,HP7,SP3,,,,,,,,,,,,,,,,,,,,,,,7,35,
KD6D_,26,1,2018,20_,4_,1041,0,0,0.00,0,0,,KD6D_20_4_1041,V,,Mixed,SP14,SP4,SP5,SP8,HP4,SP16,HP6,SP4,SP3,HP2,SP3,SP23,SP2,,,,,,,,,,,,,,,,,13,94,
KD6D_,26,1,2018,20_,4_,1042,0,0,0.00,0,0,,KD6D_20_4_1042,V,,Mixed,SP6,SP5,SP5,HP15,SP5,SP3,SP3,SP3,SP15,SP14,SP2,SN42,,,,,,,,,,,,,,,,,,12,118,
KD5D_,26,1,2018,1_,20_,1043,0,0,0.00,0,0,,KD5D_1_20_1043,C,,BC,,,,,,,,,,,,,,,,,,,,,,,,,,,,,,0,0,Snapped
KD5D_,26,1,2018,1_,20_,1044,0,0,0.00,0,0,,KD5D_1_20_1044,C,,BC,,,,,,,,,,,,,,,,,,,,,,,,,,,,,,0,0,Snapped
KD5D_,26,1,2018,1_,20_,1045,0,0,0.00,0,0,,KD5D_1_20_1045,C,,BC,,,,,,,,,,,,,,,,,,,,,,,,,,,,,,0,0,Snapped
KD5D_,26,1,2018,1_,20_,1046,0,0,0.00,0,0,,KD5D_1_20_1046,C,,BC,,,,,,,,,,,,,,,,,,,,,,,,,,,,,,0,0,Snapped
KD5D_,26,1,2018,1_,20_,1047,0,0,0.00,0,0,,KD5D_1_20_1047,C,,BC,,,,,,,,,,,,,,,,,,,,,,,,,,,,,,0,0,Snapped
KD5D_,26,1,2018,1_,20_,1048,0,0,0.00,0,0,,KD5D_1_20_1048,C,,BC,,,,,,,,,,,,,,,,,,,,,,,,,,,,,,0,0,Snapped
KD5D_,26,1,2018,1_,20_,1049,0,0,0.00,0,0,,KD5D_1_20_1049,C,,BC,,,,,,,,,,,,,,,,,,,,,,,,,,,,,,0,0,Snapped
KD5D_,26,1,2018,1_,12_,1050,14.29,12.29,0.95,24,1,,KD5D_1_12_1050,V,,HB,HP3,HP2,HP2,,,,,,,,,,,,,,,,,,,,,,,,,,,3,7,
KD5D_,26,1,2018,1_,12_,1051,17.58,17.35,2.22,78,2,,KD5D_1_12_1051,V,,Mixed,SP2,SP8,HP8,HP1,HP10,HP2,HP5,HP3,HP2,HP10,,,,,,,,,,,,,,,,,,,,10,51,
KD5D_,26,1,2018,1_,12_,1052,18.76,17.5,2.38,92,2,,KD5D_1_12_1052,V,,Mixed,SP1,HP60,HP2,HP2,HP5,HN42,,,,,,,,,,,,,,,,,,,,,,,,6,112,
KD5D_,26,1,2018,1_,12_,1053,18.08,17.56,2.44,78,3,,KD5D_1_12_1053,V,,Mixed,HP3,HP2,HP4,HP2,HP6,SP14,SP15,SP21,HP2,HP3,HP11,HP5,SP17,HP9,HP15,HP2,HN21,HP2,HP1,HP2,,,,,,,,,,20,157,
KD5D_,26,1,2018,1_,12_,1054,11.9,13.54,0.77,44,1,,KD5D_1_12_1054,C,,BC,,,,,,,,,,,,,,,,,,,,,,,,,,,,,,0,0,
KD5D_,26,1,2018,1_,12_,1055,17.17,17.53,2.11,86,3,,KD5D_1_12_1055,V,,Mixed,SN31,HN29,HP4,SP21,HP43,HP2,HP34,HP33,HP4,HP6,HP1,,,,,,,,,,,,,,,,,,,11,208,
KD5C_,26,1,2018,25_,3_,1056,9.28,14.54,0.82,12,1,,KD5C_25_3_1056,V,,HB,HN64,HP2,HP3,HP5,HP3,HP5,HP6,,,,,,,,,,,,,,,,,,,,,,,7,88,
KD5C_,26,1,2018,25_,3_,1057,15.97,16.7,1.83,27,1,,KD5C_25_3_1057,V,,HB,HP25,HP2,HN82,HP3,HP3,HP3,HP6,HP1,HP5,HP1,,,,,,,,,,,,,,,,,,,,10,131,
KD5C_,26,1,2018,25_,3_,1058,22.28,18.95,3.84,87,2,,KD5C_25_3_1058,V,,HB,HN43,HP5,HP4,HP7,HP1,HP3,,,,,,,,,,,,,,,,,,,,,,,,6,63,
KD5C_,26,1,2018,25_,3_,1059,22.25,18.21,3.88,97,2,,KD5C_25_3_1059,V,,Mixed,HP24,HP3,SP31,SP35,SP16,HP8,HP2,SP18,HP8,SP3,HP2,SP16,HP4,SP2,SP11,HP3,,,,,,,,,,,,,,16,186,
KD5C_,26,1,2018,34_,3_,1060,0,0,0.00,0,0,,KD5C_34_3_1060,V,,Mixed,HP2,HP24,HP20,HP18,HP4,HP11,HP4,HN44,HP13,SP11,HP6,HP1,SP2,HP2,HP6,SP2,SP3,SP2,HP7,SP8,,,,,,,,,,20,190,Snapped
KD5C_,26,1,2018,34_,3_,1061,0,0,0.00,0,0,,KD5C_34_3_1061,V,,Mixed,HP3,HP3,HP6,HP4,HP1,HP6,HP7,HP12,HP8,HP3,HP2,HP5,HN46,HP2,HP21,HP16,HP1,HP2,HP1,HP2,HP14,HP4,SP10,SP9,HP1,HP2,,,,26,191,Snapped
KD5C_,26,1,2018,34_,3_,1062,0,0,0.00,0,0,,KD5C_34_3_1062,V,,Mixed,HP5,HP13,HP10,HP7,HP6,HP3,HP7,HP2,HN40,HP21,HP3,HP4,HP2,HP19,HP12,HP8,SP40,HP3,HP2,HN9,HP1,SP12,HP2,SP8,SP3,,,,,25,242,Snapped
KD5C_,26,1,2018,34_,3_,1063,0,0,0.00,0,0,,KD5C_34_3_1063,V,,HB,HP2,HP1,HP2,,,,,,,,,,,,,,,,,,,,,,,,,,,3,5,Snapped
KD5C_,26,1,2018,34_,3_,1064,0,0,0.00,0,0,,KD5C_34_3_1064,V,,Mixed,HP9,HP3,SP3,SP16,HP13,HP1,HP8,HP16,HN49,HP57,HP16,HP1,,,,,,,,,,,,,,,,,,12,192,Snapped
KD5C_,26,1,2018,34_,3_,1065,0,0,0.00,0,0,,KD5C_34_3_1065,V,,Mixed,HP2,HP9,HP3,HP5,SP7,SP4,HP3,HP18,HP4,HP3,SP11,HP4,HP2,HP19,SN55,,,,,,,,,,,,,,,15,149,Snapped
KD5C_,26,1,2018,34_,2_,1066,17.04,16.53,2.27,90,3,,KD5C_34_2_1066,V,,Mixed,HP38,HP22,HN14,HP3,HP1,HN27,SP11,SP13,HP16,HP2,SP19,SP1,HP2,HP3,,,,,,,,,,,,,,,,14,172,
KD5C_,26,1,2018,34_,2_,1067,11.29,14.6,1.29,18,1,,KD5C_34_2_1067,V,,HB,HP15,HP41,HN45,HP6,HP1,HP1,HP5,HP3,HP1,HP2,,,,,,,,,,,,,,,,,,,,10,120,
KD5C_,26,1,2018,34_,2_,1068,18.28,15.65,2.29,75,2,,KD5C_34_2_1068,V,,Mixed,HP12,HP16,HP13,HP12,HP14,HP4,HP3,HP3,SP24,HP10,HP2,,,,,,,,,,,,,,,,,,,11,113,
KD5C_,26,1,2018,34_,2_,1069,15.61,14.64,1.80,78,3,,KD5C_34_2_1069,V,,HB,HP23,HN66,HP11,HP1,HN47,,,,,,,,,,,,,,,,,,,,,,,,,5,148,
KD12B_,21,2,2018,9_,2_,1217,21.57,19.68,3.79,91,2,,KD12B_9_2_1217,V,,HB,HP5,,,,,,,,,,,,,,,,,,,,,,,,,,,,,1,5,
KD12B_,21,2,2018,9_,2_,1218,20.31,18.51,3.76,103,2,,KD12B_9_2_1218,V,,HB,HP2,HP5,HP43,,,,,,,,,,,,,,,,,,,,,,,,,,,3,50,
KD12B_,21,2,2018,9_,2_,1219,19.43,19.67,3.73,93,3,,KD12B_9_2_1219,V,,Mixed,HN41,SP3,HP22,HP11,HP5,,,,,,,,,,,,,,,,,,,,,,,,,5,82,
KD12B_,21,2,2018,7_,3_,1220,15.38,16.93,1.88,55,1,,KD12B_7_3_1220,V,,HB,HN9,HP2,HP3,,,,,,,,,,,,,,,,,,,,,,,,,,,3,14,
KD12B_,21,2,2018,7_,3_,1221,13.63,18.84,2.11,28,1,,KD12B_7_3_1221,V,,HB,HP8,,,,,,,,,,,,,,,,,,,,,,,,,,,,,1,8,
KD12B_,21,2,2018,7_,3_,1222,19.7,19.22,3.10,99,2,,KD12B_7_3_1222,V,,HB,HP8,HP26,HP4,HP7,HP4,HP3,HP3,HP9,HP2,v2,,,,,,,,,,,,,,,,,,,,10,68,
KD12B_,21,2,2018,7_,4_,1223,19.2,21.28,3.49,72,1,,KD12B_7_4_1223,V,,HB,HN69,HP7,HP10,,,,,,,,,,,,,,,,,,,,,,,,,,,3,86,
KD12B_,21,2,2018,7_,4_,1224,18.73,20.26,3.70,102,2,,KD12B_7_4_1224,V,,HB,HP17,,,,,,,,,,,,,,,,,,,,,,,,,,,,,1,17,
KD12B_,21,2,2018,7_,4_,1225,21.45,20.24,4.14,105,3,,KD12B_7_4_1225,V,,HB,HP42,,,,,,,,,,,,,,,,,,,,,,,,,,,,,1,42,
KD12B_,21,2,2018,2_,8_,1226,20.35,19.11,3.63,98,2,,KD12B_2_8_1226,V,,Mixed,HP10,HP13,SP19,HP32,SP6,,,,,,,,,,,,,,,,,,,,,,,,,5,80,
KD12B_,21,2,2018,2_,8_,1227,10.16,17.74,1.26,12,1,,KD12B_2_8_1227,V,,SB,SP5,,,,,,,,,,,,,,,,,,,,,,,,,,,,,1,5,
KD12B_,22,2,2018,2_,3_,1228,19.87,17.59,2.87,100,2,,KD12B_2_3_1228,V,,Mixed,HP8,SN33,HN23,,,,,,,,,,,,,,,,,,,,,,,,,,,3,64,
KD12B_,22,2,2018,2_,3_,1229,22.26,19.59,4.15,107,2,,KD12B_2_3_1229,V,,Mixed,HP6,HP15,HP4,HP3,SP30,SN79,HN21,HP3,HP6,HP32,,,,,,,,,,,,,,,,,,,,10,199,
KD12B_,22,2,2018,2_,3_,1230,20.64,17.91,3.31,115,2,,KD12B_2_3_1230,V,,HB,HN40,HP12,HP17,HP5,HP6,HP2,HP14,HP12,HP7,HP1,,,,,,,,,,,,,,,,,,,,10,116,
KD12B_,22,2,2018,5_,5_,1231,18.71,18.41,3.21,78,3,,KD12B_5_5_1231,V,,Mixed,SP45,HN44,SN44,,,,,,,,,,,,,,,,,,,,,,,,,,,3,133,
KD12B_,22,2,2018,5_,5_,1232,18.26,19.26,3.22,80,3,,KD12B_5_5_1232,V,,Mixed,HP6,HP5,HP9,HP2,SN45,,,,,,,,,,,,,,,,,,,,,,,,,5,67,
KD12B_,22,2,2018,5_,5_,1233,18.78,19.32,3.12,72,2,,KD12B_5_5_1233,V,,Mixed,SP21,SP17,HP2,,,,,,,,,,,,,,,,,,,,,,,,,,,3,40,
KD12B_,22,2,2018,5_,5_,1234,16.89,17.95,2.88,68,2,,KD12B_5_5_1234,V,,Mixed,HN45,HP3,SN56,,,,,,,,,,,,,,,,,,,,,,,,,,,3,104,
KD12B_,22,2,2018,5_,8_,1235,16.31,16.06,2.01,75,2,,KD12B_5_8_1235,V,,SB,SP5,SP17,SP12,,,,,,,,,,,,,,,,,,,,,,,,,,,3,34,
KD12B_,22,2,2018,5_,8_,1236,16.47,17.57,1.92,51,1,,KD12B_5_8_1236,V,,SB,SN12,,,,,,,,,,,,,,,,,,,,,,,,,,,,,1,12,
KD12B_,22,2,2018,7_,10_,1237,23.48,20.91,5.10,111,2,,KD12B_7_10_1237,C,,BC,,,,,,,,,,,,,,,,,,,,,,,,,,,,,,0,0,
KD12B_,22,2,2018,5_,10_,1238,24.45,21.05,5.09,120,2,,KD12B_5_10_1238,V,,SB,SP4,,,,,,,,,,,,,,,,,,,,,,,,,,,,,1,4,
KD12B_,22,2,2018,5_,10_,1239,21.66,20.57,4.30,104,2,,KD12B_5_10_1239,C,,BC,,,,,,,,,,,,,,,,,,,,,,,,,,,,,,0,0,
KD12B_,23,2,2018,2_,1_,1240,22.78,21.08,4.45,102,2,,KD12B_2_1_1240,V,,SB,SP30,SP15,SP2,,,,,,,,,,,,,,,,,,,,,,,,,,,3,47,
KD12B_,23,2,2018,2_,1_,1241,16.06,20.29,2.48,38,1,,KD12B_2_1_1241,V,,SB,SP26,,,,,,,,,,,,,,,,,,,,,,,,,,,,,1,26,
KD12B_,23,2,2018,2_,1_,1242,23.89,18.85,4.20,123,2,,KD12B_2_1_1242,V,,SB,SP5,,,,,,,,,,,,,,,,,,,,,,,,,,,,,1,5,
KD12B_,23,2,2018,2_,1_,1243,24.42,22.29,5.02,113,2,,KD12B_2_1_1243,V,,SB,SP10,SP5,SP1,,,,,,,,,,,,,,,,,,,,,,,,,,,3,16,
KD12B_,23,2,2018,2_,7_,1244,22.94,21.07,4.75,100,2,,KD12B_2_7_1244,V,,SB,SP32,,,,,,,,,,,,,,,,,,,,,,,,,,,,,1,32,
KD12B_,23,2,2018,9_,11_,1245,11.06,13.63,1.03,42,1,,KD12B_9_11_1245,C,,BC,,,,,,,,,,,,,,,,,,,,,,,,,,,,,,0,0,
KD12B_,23,2,2018,9_,11_,1246,18.58,17.19,2.35,81,1,,KD12B_9_11_1246,C,,BC,,,,,,,,,,,,,,,,,,,,,,,,,,,,,,0,0,
KD12B_,23,2,2018,9_,11_,1247,20.32,16.62,2.73,106,2,,KD12B_9_11_1247,V,,SB,SP59,,,,,,,,,,,,,,,,,,,,,,,,,,,,,1,59,
KD12B_,23,2,2018,9_,11_,1248,18.45,16.87,2.61,89,2,,KD12B_9_11_1248,V,,SB,SN63,,,,,,,,,,,,,,,,,,,,,,,,,,,,,1,63,
12B,,,,5,1,,24.97,21.34,5.26,113,3,Open control,12B51,C,,OC,,,,,,,,,,,,,,,,,,,,,,,,,,,,,,,,
12B,,,,5,1,,25.2,21.71,5.17,112,3,Open control,12B51,C,,OC,,,,,,,,,,,,,,,,,,,,,,,,,,,,,,,,
12B,,,,5,1,,24.69,20.78,4.89,114,3,Open control,12B51,C,,OC,,,,,,,,,,,,,,,,,,,,,,,,,,,,,,,,
12B,,,,5,1,,22,19.02,3.78,109,2,Open control,12B51,C,,OC,,,,,,,,,,,,,,,,,,,,,,,,,,,,,,,,
12B,,,,5,1,,20.5,18.86,3.08,106,2,Open control,12B51,C,,OC,,,,,,,,,,,,,,,,,,,,,,,,,,,,,,,,
12B,,,,5,6,,24.53,21.96,4.94,106,3,Open control,12B56,C,,OC,,,,,,,,,,,,,,,,,,,,,,,,,,,,,,,,
12B,,,,5,6,,25.54,20.62,4.90,120,3,Open control,12B56,C,,OC,,,,,,,,,,,,,,,,,,,,,,,,,,,,,,,,
12B,,,,5,6,,25.25,19.48,4.37,114,2,Open control,12B56,C,,OC,,,,,,,,,,,,,,,,,,,,,,,,,,,,,,,,
12B,,,,5,6,,24.46,20.33,4.34,118,3,Open control,12B56,C,,OC,,,,,,,,,,,,,,,,,,,,,,,,,,,,,,,,
12B,,,,5,6,,23.51,19.12,4.00,124,3,Open control,12B56,C,,OC,,,,,,,,,,,,,,,,,,,,,,,,,,,,,,,,
12B,,,,5,11,,21.96,19.4,4.03,107,2,Open control,12B511,C,,OC,,,,,,,,,,,,,,,,,,,,,,,,,,,,,,,,
12B,,,,5,11,,16.28,17.47,2.13,112,1,Open control,12B511,C,,OC,,,,,,,,,,,,,,,,,,,,,,,,,,,,,,,,
12B,,,,5,11,,16.02,16.58,1.95,93,1,Open control,12B511,C,,OC,,,,,,,,,,,,,,,,,,,,,,,,,,,,,,,,
12B,,,,5,11,,14.59,13.59,1.16,86,1,Open control,12B511,C,,OC,,,,,,,,,,,,,,,,,,,,,,,,,,,,,,,,
12B,,,,5,11,,9.45,9.99,0.32,24,1,Open control,12B511,C,,OC,,,,,,,,,,,,,,,,,,,,,,,,,,,,,,,,
12B,,,,5,16,,22.71,19.45,3.81,109,2,Open control,12B516,C,,OC,,,,,,,,,,,,,,,,,,,,,,,,,,,,,,,,
12B,,,,5,16,,22.31,20.07,4.40,120,3,Open control,12B516,C,,OC,,,,,,,,,,,,,,,,,,,,,,,,,,,,,,,,
12B,,,,5,16,,20.24,17.84,3.12,114,2,Open control,12B516,C,,OC,,,,,,,,,,,,,,,,,,,,,,,,,,,,,,,,
12B,,,,5,16,,14.17,12.16,1.07,84,1,Open control,12B516,C,,OC,,,,,,,,,,,,,,,,,,,,,,,,,,,,,,,,
12B,,,,5,16,,12.01,11.52,0.69,90,1,Open control,12B516,C,,OC,,,,,,,,,,,,,,,,,,,,,,,,,,,,,,,,
12B,,,,5,21,,21.51,19.65,3.90,117,3,Open control,12B521,C,,OC,,,,,,,,,,,,,,,,,,,,,,,,,,,,,,,,
12B,,,,5,21,,19.15,18.33,2.96,99,2,Open control,12B521,C,,OC,,,,,,,,,,,,,,,,,,,,,,,,,,,,,,,,
12B,,,,5,21,,17.78,15.88,2.14,78,1,Open control,12B521,C,,OC,,,,,,,,,,,,,,,,,,,,,,,,,,,,,,,,
12B,,,,5,21,,18.43,16.78,2.31,116,2,Open control,12B521,C,,OC,,,,,,,,,,,,,,,,,,,,,,,,,,,,,,,,
12B,,,,5,21,,14.95,14.76,1.34,90,1,Open control,12B521,C,,OC,,,,,,,,,,,,,,,,,,,,,,,,,,,,,,,,
12B,,,,5,26,,22.02,19.2,4.15,108,2,Open control,12B526,C,,OC,,,,,,,,,,,,,,,,,,,,,,,,,,,,,,,,
12B,,,,5,26,,24.59,19.33,4.78,111,3,Open control,12B526,C,,OC,,,,,,,,,,,,,,,,,,,,,,,,,,,,,,,,
12B,,,,5,26,,23.17,19.6,4.48,105,2,Open control,12B526,C,,OC,,,,,,,,,,,,,,,,,,,,,,,,,,,,,,,,
12B,,,,5,26,,21.99,18.46,3.52,121,3,Open control,12B526,C,,OC,,,,,,,,,,,,,,,,,,,,,,,,,,,,,,,,
12B,,,,5,26,,13.97,13.45,1.14,116,2,Open control,12B526,C,,OC,,,,,,,,,,,,,,,,,,,,,,,,,,,,,,,,
12B,,,,5,31,,18.5,19.62,3.18,86,2,Open control,12B531,C,,OC,,,,,,,,,,,,,,,,,,,,,,,,,,,,,,,,
12B,,,,5,31,,18.43,17.75,2.60,69,2,Open control,12B531,C,,OC,,,,,,,,,,,,,,,,,,,,,,,,,,,,,,,,
12B,,,,5,31,,20.28,19.11,3.39,88,3,Open control,12B531,C,,OC,,,,,,,,,,,,,,,,,,,,,,,,,,,,,,,,
12B,,,,5,31,,18.1,18.18,2.87,90,3,Open control,12B531,C,,OC,,,,,,,,,,,,,,,,,,,,,,,,,,,,,,,,
12B,,,,5,31,,16.88,17.08,2.43,79,2,Open control,12B531,C,,OC,,,,,,,,,,,,,,,,,,,,,,,,,,,,,,,,
12B,,,,5,36,,24.72,20.3,4.39,105,2,Open control,12B536,C,,OC,,,,,,,,,,,,,,,,,,,,,,,,,,,,,,,,
12B,,,,5,36,,22.88,20.35,4.47,119,2,Open control,12B536,C,,OC,,,,,,,,,,,,,,,,,,,,,,,,,,,,,,,,
12B,,,,5,36,,23.88,19.26,4.25,126,3,Open control,12B536,C,,OC,,,,,,,,,,,,,,,,,,,,,,,,,,,,,,,,
12B,,,,5,36,,22.05,19.11,3.76,117,3,Open control,12B536,C,,OC,,,,,,,,,,,,,,,,,,,,,,,,,,,,,,,,
12B,,,,5,36,,21.22,17.53,3.17,104,2,Open control,12B536,C,,OC,,,,,,,,,,,,,,,,,,,,,,,,,,,,,,,,
12B,,,,5,41,,20.73,20.89,3.72,91,3,Open control,12B541,C,,OC,,,,,,,,,,,,,,,,,,,,,,,,,,,,,,,,
12B,,,,5,41,,19.05,20.71,3.67,79,3,Open control,12B541,C,,OC,,,,,,,,,,,,,,,,,,,,,,,,,,,,,,,,
12B,,,,5,41,,19.46,21.27,3.52,93,2,Open control,12B541,C,,OC,,,,,,,,,,,,,,,,,,,,,,,,,,,,,,,,
12B,,,,5,41,,20.64,20.23,3.89,114,3,Open control,12B541,C,,OC,,,,,,,,,,,,,,,,,,,,,,,,,,,,,,,,
12B,,,,5,41,,20.19,20.59,4.07,109,3,Open control,12B541,C,,OC,,,,,,,,,,,,,,,,,,,,,,,,,,,,,,,,
12B,,,,5,46,,26.67,20.89,5.59,111,3,Open control,12B546,C,,OC,,,,,,,,,,,,,,,,,,,,,,,,,,,,,,,,
12B,,,,5,46,,23.51,20.43,4.67,119,3,Open control,12B546,C,,OC,,,,,,,,,,,,,,,,,,,,,,,,,,,,,,,,
12B,,,,5,46,,22.65,19.59,4.28,131,2,Open control,12B546,C,,OC,,,,,,,,,,,,,,,,,,,,,,,,,,,,,,,,
12B,,,,5,46,,18.48,17.29,2.30,123,2,Open control,12B546,C,,OC,,,,,,,,,,,,,,,,,,,,,,,,,,,,,,,,
12B,,,,5,46,,12.93,14.81,1.05,73,1,Open control,12B546,C,,OC,,,,,,,,,,,,,,,,,,,,,,,,,,,,,,,,
12B,,,,5,51,,22.26,19.44,4.37,123,3,Open control,12B551,C,,OC,,,,,,,,,,,,,,,,,,,,,,,,,,,,,,,,
12B,,,,5,51,,23.5,19.11,4.49,128,3,Open control,12B551,C,,OC,,,,,,,,,,,,,,,,,,,,,,,,,,,,,,,,
12B,,,,5,51,,21.16,24.33,4.29,104,3,Open control,12B551,C,,OC,,,,,,,,,,,,,,,,,,,,,,,,,,,,,,,,
12B,,,,5,51,,19.54,17.52,2.53,108,1,Open control,12B551,C,,OC,,,,,,,,,,,,,,,,,,,,,,,,,,,,,,,,
12B,,,,5,51,,18.79,15.53,2.31,130,2,Open control,12B551,C,,OC,,,,,,,,,,,,,,,,,,,,,,,,,,,,,,,,
12B,,,,5,56,,22.31,22.2,4.25,107,2,Open control,12B556,C,,OC,,,,,,,,,,,,,,,,,,,,,,,,,,,,,,,,
12B,,,,5,56,,23.3,20.02,4.30,122,3,Open control,12B556,C,,OC,,,,,,,,,,,,,,,,,,,,,,,,,,,,,,,,
12B,,,,5,56,,22.64,19.39,4.25,132,3,Open control,12B556,C,,OC,,,,,,,,,,,,,,,,,,,,,,,,,,,,,,,,
12B,,,,5,56,,22.56,18.4,3.54,111,2,Open control,12B556,C,,OC,,,,,,,,,,,,,,,,,,,,,,,,,,,,,,,,
12B,,,,5,56,,11.55,10.38,0.60,82,1,Open control,12B556,C,,OC,,,,,,,,,,,,,,,,,,,,,,,,,,,,,,,,
12B,,,,5,61,,19.83,18.31,2.80,113,2,Open control,12B561,C,,OC,,,,,,,,,,,,,,,,,,,,,,,,,,,,,,,,
12B,,,,5,61,,20.51,17.61,3.09,109,3,Open control,12B561,C,,OC,,,,,,,,,,,,,,,,,,,,,,,,,,,,,,,,
12B,,,,5,61,,13.43,13.26,1.12,84,3,Open control,12B561,C,,OC,,,,,,,,,,,,,,,,,,,,,,,,,,,,,,,,
12B,,,,5,61,,17.62,16.33,2.23,72,2,Open control,12B561,C,,OC,,,,,,,,,,,,,,,,,,,,,,,,,,,,,,,,
12B,,,,5,61,,14.86,12.74,1.32,71,2,Open control,12B561,C,,OC,,,,,,,,,,,,,,,,,,,,,,,,,,,,,,,,
12B,,,,5,66,,20.44,22.98,3.67,93,3,Open control,12B566,C,,OC,,,,,,,,,,,,,,,,,,,,,,,,,,,,,,,,
12B,,,,5,66,,24.29,21.78,5.02,122,3,Open control,12B566,C,,OC,,,,,,,,,,,,,,,,,,,,,,,,,,,,,,,,
12B,,,,5,66,,20.3,20.92,3.18,47,1,Open control,12B566,C,,OC,,,,,,,,,,,,,,,,,,,,,,,,,,,,,,,,
12B,,,,5,66,,22.56,19.42,3.69,72,2,Open control,12B566,C,,OC,,,,,,,,,,,,,,,,,,,,,,,,,,,,,,,,
12B,,,,5,66,,12.3,12.24,0.74,28,1,Open control,12B566,C,,OC,,,,,,,,,,,,,,,,,,,,,,,,,,,,,,,,
14B,,,,8,1,,21.14,18.6,3.23,118,3,Open control,14B81,C,,OC,,,,,,,,,,,,,,,,,,,,,,,,,,,,,,,,
14B,,,,8,1,,22.07,17.31,3.10,94,2,Open control,14B81,C,,OC,,,,,,,,,,,,,,,,,,,,,,,,,,,,,,,,
14B,,,,8,1,,20.02,17.44,3.05,99,2,Open control,14B81,C,,OC,,,,,,,,,,,,,,,,,,,,,,,,,,,,,,,,
14B,,,,8,1,,21.53,17.66,3.18,114,3,Open control,14B81,C,,OC,,,,,,,,,,,,,,,,,,,,,,,,,,,,,,,,
14B,,,,8,1,,19.66,14.92,2.11,53,1,Open control,14B81,C,,OC,,,,,,,,,,,,,,,,,,,,,,,,,,,,,,,,
14B,,,,8,6,,24.24,19.58,4.24,115,3,Open control,14B86,C,,OC,,,,,,,,,,,,,,,,,,,,,,,,,,,,,,,,
14B,,,,8,6,,21.46,19.07,3.55,118,3,Open control,14B86,C,,OC,,,,,,,,,,,,,,,,,,,,,,,,,,,,,,,,
14B,,,,8,6,,23.04,18.92,3.63,107,3,Open control,14B86,C,,OC,,,,,,,,,,,,,,,,,,,,,,,,,,,,,,,,
14B,,,,8,6,,21.14,17.66,3.32,133,3,Open control,14B86,C,,OC,,,,,,,,,,,,,,,,,,,,,,,,,,,,,,,,
14B,,,,8,6,,18.4,14.95,2.01,96,2,Open control,14B86,C,,OC,,,,,,,,,,,,,,,,,,,,,,,,,,,,,,,,
14B,,,,8,11,,20.56,21.55,3.79,90,2,Open control,14B811,C,,OC,,,,,,,,,,,,,,,,,,,,,,,,,,,,,,,,
14B,,,,8,11,,18.98,19.21,3.35,92,2,Open control,14B811,C,,OC,,,,,,,,,,,,,,,,,,,,,,,,,,,,,,,,
14B,,,,8,11,,19.85,20.21,3.51,86,2,Open control,14B811,C,,OC,,,,,,,,,,,,,,,,,,,,,,,,,,,,,,,,
14B,,,,8,11,,20.02,18.18,2.81,101,2,Open control,14B811,C,,OC,,,,,,,,,,,,,,,,,,,,,,,,,,,,,,,,
14B,,,,8,11,,12.76,16.91,1.36,50,1,Open control,14B811,C,,OC,,,,,,,,,,,,,,,,,,,,,,,,,,,,,,,,
14B,,,,8,16,,21.95,19.48,3.26,70,2,Open control,14B816,C,,OC,,,,,,,,,,,,,,,,,,,,,,,,,,,,,,,,
14B,,,,8,16,,18.75,18.55,3.02,61,2,Open control,14B816,C,,OC,,,,,,,,,,,,,,,,,,,,,,,,,,,,,,,,
14B,,,,8,16,,19.47,17.7,2.98,62,2,Open control,14B816,C,,OC,,,,,,,,,,,,,,,,,,,,,,,,,,,,,,,,
14B,,,,8,16,,17.51,15.95,2.14,64,2,Open control,14B816,C,,OC,,,,,,,,,,,,,,,,,,,,,,,,,,,,,,,,
14B,,,,8,16,,17.56,15.58,2.00,57,1,Open control,14B816,C,,OC,,,,,,,,,,,,,,,,,,,,,,,,,,,,,,,,
14B,,,,8,21,,22.91,21.41,4.67,95,2,Open control,14B821,C,,OC,,,,,,,,,,,,,,,,,,,,,,,,,,,,,,,,
14B,,,,8,21,,24.23,20.76,4.75,101,3,Open control,14B821,C,,OC,,,,,,,,,,,,,,,,,,,,,,,,,,,,,,,,
14B,,,,8,21,,22.67,19.29,3.76,109,2,Open control,14B821,C,,OC,,,,,,,,,,,,,,,,,,,,,,,,,,,,,,,,
14B,,,,8,21,,22.69,20.15,4.38,120,3,Open control,14B821,C,,OC,,,,,,,,,,,,,,,,,,,,,,,,,,,,,,,,
14B,,,,8,21,,21.87,18.23,3.67,121,3,Open control,14B821,C,,OC,,,,,,,,,,,,,,,,,,,,,,,,,,,,,,,,
14B,,,,8,26,,19.45,18.15,2.62,75,2,Open control,14B826,C,,OC,,,,,,,,,,,,,,,,,,,,,,,,,,,,,,,,
14B,,,,8,26,,2.085,18.23,3.43,109,3,Open control,14B826,C,,OC,,,,,,,,,,,,,,,,,,,,,,,,,,,,,,,,
14B,,,,8,26,,19.8,17.19,3.10,107,3,Open control,14B826,C,,OC,,,,,,,,,,,,,,,,,,,,,,,,,,,,,,,,
14B,,,,8,26,,5.48,6.77,0.10,21,1,Open control,14B826,C,,OC,,,,,,,,,,,,,,,,,,,,,,,,,,,,,,,,
14B,,,,8,26,,18.1,15.87,2.12,103,2,Open control,14B826,C,,OC,,,,,,,,,,,,,,,,,,,,,,,,,,,,,,,,
14B,,,,8,31,,23.06,20.7,4.63,106,3,Open control,14B831,C,,OC,,,,,,,,,,,,,,,,,,,,,,,,,,,,,,,,
14B,,,,8,31,,21.36,18.6,3.93,117,2,Open control,14B831,C,,OC,,,,,,,,,,,,,,,,,,,,,,,,,,,,,,,,
14B,,,,8,31,,20.57,17.1,2.60,114,1,Open control,14B831,C,,OC,,,,,,,,,,,,,,,,,,,,,,,,,,,,,,,,
14B,,,,8,31,,18.84,15.94,2.08,121,1,Open control,14B831,C,,OC,,,,,,,,,,,,,,,,,,,,,,,,,,,,,,,,
14B,,,,8,31,,16.25,14.82,1.64,116,1,Open control,14B831,C,,OC,,,,,,,,,,,,,,,,,,,,,,,,,,,,,,,,
14B,,,,8,36,,23.07,19.37,4.08,112,3,Open control,14B836,C,,OC,,,,,,,,,,,,,,,,,,,,,,,,,,,,,,,,
14B,,,,8,36,,22.46,20.79,4.11,113,3,Open control,14B836,C,,OC,,,,,,,,,,,,,,,,,,,,,,,,,,,,,,,,
14B,,,,8,36,,21.95,18.7,3.58,113,2,Open control,14B836,C,,OC,,,,,,,,,,,,,,,,,,,,,,,,,,,,,,,,
14B,,,,8,36,,18.02,16.18,2.08,119,1,Open control,14B836,C,,OC,,,,,,,,,,,,,,,,,,,,,,,,,,,,,,,,
14B,,,,8,36,,11.13,10.83,0.61,72,1,Open control,14B836,C,,OC,,,,,,,,,,,,,,,,,,,,,,,,,,,,,,,,
14B,,,,8,41,,22.61,20.08,4.33,115,3,Open control,14B841,C,,OC,,,,,,,,,,,,,,,,,,,,,,,,,,,,,,,,
14B,,,,8,41,,21.07,19.14,3.78,130,3,Open control,14B841,C,,OC,,,,,,,,,,,,,,,,,,,,,,,,,,,,,,,,
14B,,,,8,41,,21.58,18.32,3.38,116,3,Open control,14B841,C,,OC,,,,,,,,,,,,,,,,,,,,,,,,,,,,,,,,
14B,,,,8,41,,14.25,12.52,0.96,96,1,Open control,14B841,C,,OC,,,,,,,,,,,,,,,,,,,,,,,,,,,,,,,,
14B,,,,8,41,,6.84,8.33,0.19,24,1,Open control,14B841,C,,OC,,,,,,,,,,,,,,,,,,,,,,,,,,,,,,,,
14B,,,,8,46,,17.19,16.79,2.20,87,2,Open control,14B846,C,,OC,,,,,,,,,,,,,,,,,,,,,,,,,,,,,,,,
14B,,,,8,46,,16.15,16.62,2.13,62,2,Open control,14B846,C,,OC,,,,,,,,,,,,,,,,,,,,,,,,,,,,,,,,
14B,,,,8,46,,18.88,16.53,2.36,93,2,Open control,14B846,C,,OC,,,,,,,,,,,,,,,,,,,,,,,,,,,,,,,,
14B,,,,8,46,,17.94,16.47,2.13,92,2,Open control,14B846,C,,OC,,,,,,,,,,,,,,,,,,,,,,,,,,,,,,,,
14B,,,,8,46,,15.84,14.45,1.64,99,1,Open control,14B846,C,,OC,,,,,,,,,,,,,,,,,,,,,,,,,,,,,,,,
14B,,,,8,51,,18.36,19.6,3.29,89,3,Open control,14B851,C,,OC,,,,,,,,,,,,,,,,,,,,,,,,,,,,,,,,
14B,,,,8,51,,18.56,17.84,2.60,84,3,Open control,14B851,C,,OC,,,,,,,,,,,,,,,,,,,,,,,,,,,,,,,,
14B,,,,8,51,,17.44,17.6,2.68,83,3,Open control,14B851,C,,OC,,,,,,,,,,,,,,,,,,,,,,,,,,,,,,,,
14B,,,,8,51,,17.53,16.48,2.00,94,2,Open control,14B851,C,,OC,,,,,,,,,,,,,,,,,,,,,,,,,,,,,,,,
14B,,,,8,51,,10.63,11.93,0.70,59,1,Open control,14B851,C,,OC,,,,,,,,,,,,,,,,,,,,,,,,,,,,,,,,
14B,,,,8,56,,23.69,20.22,4.11,109,2,Open control,14B856,C,,OC,,,,,,,,,,,,,,,,,,,,,,,,,,,,,,,,
14B,,,,8,56,,21.67,19.03,3769.00,100,2,Open control,14B856,C,,OC,,,,,,,,,,,,,,,,,,,,,,,,,,,,,,,,
14B,,,,8,56,,22.87,19.18,4.04,102,2,Open control,14B856,C,,OC,,,,,,,,,,,,,,,,,,,,,,,,,,,,,,,,
14B,,,,8,56,,15.71,13.84,1.37,92,1,Open control,14B856,C,,OC,,,,,,,,,,,,,,,,,,,,,,,,,,,,,,,,
14B,,,,8,56,,12.25,11.46,0.76,105,1,Open control,14B856,C,,OC,,,,,,,,,,,,,,,,,,,,,,,,,,,,,,,,
14B,,,,8,61,,23.75,21.48,3.84,114,3,Open control,14B861,C,,OC,,,,,,,,,,,,,,,,,,,,,,,,,,,,,,,,
14B,,,,8,61,,21.53,18.92,3.51,119,2,Open control,14B861,C,,OC,,,,,,,,,,,,,,,,,,,,,,,,,,,,,,,,
14B,,,,8,61,,22.13,18.84,3.35,125,2,Open control,14B861,C,,OC,,,,,,,,,,,,,,,,,,,,,,,,,,,,,,,,
14B,,,,8,61,,20.44,19.02,3.28,114,3,Open control,14B861,C,,OC,,,,,,,,,,,,,,,,,,,,,,,,,,,,,,,,
14B,,,,8,61,,6.25,8.16,0.21,32,1,Open control,14B861,C,,OC,,,,,,,,,,,,,,,,,,,,,,,,,,,,,,,,
14B,,,,8,66,,21.51,19.96,3.54,111,3,Open control,14B866,C,,OC,,,,,,,,,,,,,,,,,,,,,,,,,,,,,,,,
14B,,,,8,66,,16.36,17.07,2.32,99,2,Open control,14B866,C,,OC,,,,,,,,,,,,,,,,,,,,,,,,,,,,,,,,
14B,,,,8,66,,15.93,15.26,1.65,102,2,Open control,14B866,C,,OC,,,,,,,,,,,,,,,,,,,,,,,,,,,,,,,,
14B,,,,8,66,,14.97,14.7,1.46,106,2,Open control,14B866,C,,OC,,,,,,,,,,,,,,,,,,,,,,,,,,,,,,,,
14B,,,,8,66,,15.85,13.96,1.32,107,2,Open control,14B866,C,,OC,,,,,,,,,,,,,,,,,,,,,,,,,,,,,,,,
14B,,,,8,71,,23.93,19.94,4.33,126,3,Open control,14B871,C,,OC,,,,,,,,,,,,,,,,,,,,,,,,,,,,,,,,
14B,,,,8,71,,23.82,19.35,4.31,113,2,Open control,14B871,C,,OC,,,,,,,,,,,,,,,,,,,,,,,,,,,,,,,,
14B,,,,8,71,,21.63,19.77,3.97,96,2,Open control,14B871,C,,OC,,,,,,,,,,,,,,,,,,,,,,,,,,,,,,,,
14B,,,,8,71,,13.82,11.35,0.90,88,1,Open control,14B871,C,,OC,,,,,,,,,,,,,,,,,,,,,,,,,,,,,,,,
14B,,,,8,71,,5.67,5.59,0.08,0,1,Open control,14B871,C,,OC,,,,,,,,,,,,,,,,,,,,,,,,,,,,,,,,
14B,,,,8,76,,23.23,20.83,4.12,106,3,Open control,14B876,C,,OC,,,,,,,,,,,,,,,,,,,,,,,,,,,,,,,,
14B,,,,8,76,,21.87,19.16,3.81,108,2,Open control,14B876,C,,OC,,,,,,,,,,,,,,,,,,,,,,,,,,,,,,,,
14B,,,,8,76,,19.64,17.38,2.82,117,2,Open control,14B876,C,,OC,,,,,,,,,,,,,,,,,,,,,,,,,,,,,,,,
14B,,,,8,76,,17.73,16.62,1.95,104,1,Open control,14B876,C,,OC,,,,,,,,,,,,,,,,,,,,,,,,,,,,,,,,
14B,,,,8,76,,10.68,9.56,0.52,88,1,Open control,14B876,C,,OC,,,,,,,,,,,,,,,,,,,,,,,,,,,,,,,,